id,X1,X2,X3,X4
110001,-1.085630603,0.997345447,1,0
110002,0.282978498,-1.506294714,1,1
110003,-0.578600252,1.651436537,0,0
110004,-2.426679243,-0.428912629,0,0
110005,1.265936259,-0.866740402,0,1
110006,-0.678886152,-0.094708969,0,0
110007,1.491389626,-0.638901997,0,1
110008,-0.44398196,-0.434351276,1,1
110009,2.205930083,2.186786089,0,0
110010,1.004053898,0.386186399,0,0
110011,0.737368576,1.490732028,0,0
110012,-0.935833868,1.175829045,0,0
110013,-1.253880668,-0.637751502,1,1
110014,0.907105196,-1.4286807,0,0
110015,-0.14006872,-0.861754896,1,0
110016,-0.255619371,-2.798589105,0,0
110017,-1.771533105,-0.699877235,0,1
110018,0.927462432,-0.173635683,0,1
110019,0.002845916,0.688222711,1,1
110020,-0.879536343,0.283627324,0,1
110021,-0.805366518,-1.727669494,0,1
110022,-0.390899794,0.573805862,0,1
110023,0.338589051,-0.011830494,0,0
110024,2.392365266,0.41291216,0,0
110025,0.978736006,2.238143338,0,0
110026,-1.294085323,-1.03878821,1,0
110027,1.743712225,-0.798062735,0,1
110028,0.02968323,1.069315969,1,0
110029,0.890706391,1.754886182,0,1
110030,1.495644137,1.06939267,0,1
110031,-0.772708714,0.794862668,0,1
110032,0.314271995,-1.32626546,0,0
110033,1.417299046,0.807236535,0,1
110034,0.045490081,-0.233092061,0,1
110035,-1.198301145,0.199524074,0,1
110036,0.468439119,-0.831154984,0,0
110037,1.162204049,-1.097203046,1,0
110038,-2.12310035,1.039727091,0,1
110039,-0.403366038,-0.126029585,0,1
110040,-0.837516723,-1.605962761,0,0
110041,1.255237375,-0.688868984,1,1
110042,1.660952488,0.807308186,1,1
110043,-0.314758147,-1.085902401,0,1
110044,-0.732461987,-1.212523131,1,1
110045,2.08711336,0.16444123,0,0
110046,1.150205543,-1.267352049,0,0
110047,0.18103513,1.177861939,0,0
110048,-0.335010762,1.031114459,1,1
110049,-1.084567912,-1.363471545,1,0
110050,0.379400612,-0.379176435,0,0
110051,0.642054689,-1.977887932,0,1
110052,0.712264635,2.598303927,0,0
110053,-0.024625981,0.034142129,0,1
110054,0.179549485,-1.861975711,1,1
110055,0.42614664,-1.605409744,0,1
110056,-0.427679598,1.24286955,0,1
110057,-0.735216956,0.50124899,0,1
110058,1.012739054,0.278740856,1,1
110059,-1.37094847,-0.332475275,0,1
110060,1.959411342,-2.025045763,0,1
110061,-0.275786014,-0.552108071,0,0
110062,0.120747363,0.748215617,0,0
110063,1.608690968,-0.270232392,0,1
110064,0.81234133,0.499740145,1,1
110065,0.474347298,-0.563923932,0,1
110066,-0.997321469,-1.100043113,0,0
110067,-0.756437209,0.321686576,0,1
110068,0.760949393,0.323468848,1,1
110069,-0.548955096,1.80597011,1,0
110070,1.518865624,-0.354000113,1,1
110071,-0.823431406,0.130214954,1,0
110072,1.267298645,0.332764977,1,1
110073,0.556548705,-0.212080122,0,1
110074,0.456270895,1.544544451,0,1
110075,-0.239668781,0.143307733,0,1
110076,0.253816477,0.283725356,0,0
110077,-1.411888876,-1.876868656,1,1
110078,-1.019655071,0.167942295,1,1
110079,0.553856166,-0.53067456,0,0
110080,1.377257483,-0.143175974,0,1
110081,0.020315998,-0.193963871,0,1
110082,0.134026793,0.704474074,0,0
110083,0.665653438,-0.898422941,0,0
110084,1.523663776,-1.095026457,0,1
110085,0.079227014,-0.274396574,0,0
110086,-1.048991677,-0.075120588,1,0
110087,-0.740813773,0.072907243,1,1
110088,0.403085961,1.471929369,0,1
110089,0.307384219,-0.61122534,0,1
110090,-0.391619811,0.139978106,0,1
110091,0.093460829,1.459589268,0,1
110092,1.39535293,-0.358935926,1,0
110093,-0.548642128,-2.557054604,0,0
110094,-0.548920413,-0.978057706,0,1
110095,-0.354824458,0.391584242,0,0
110096,0.177192329,-0.029968007,1,1
110097,0.199582111,-0.126117773,0,1
110098,0.197018933,-3.231055008,0,0
110099,-0.26929349,-0.110850721,0,0
110100,-0.341261716,-0.217946262,1,1
110101,0.703310118,-0.598105331,1,0
110102,2.200702099,0.68829693,0,0
110103,-0.006307251,-0.206662303,0,1
110104,-0.086522286,-0.91530707,0,1
110105,-0.095202539,0.278683517,0,0
110106,0.579541616,0.579689779,0,1
110107,-0.274877547,-1.416082253,0,1
110108,-0.669102626,1.612193043,1,0
110109,0.896058313,0.369619586,1,1
110110,-0.761294245,0.003645155,0,0
110111,-1.255668686,-0.551936876,1,1
110112,-0.245203342,-0.361639932,0,0
110113,0.956601931,-1.418725914,0,0
110114,-0.865432272,-1.374687971,0,0
110115,-1.237353213,0.124055896,0,1
110116,-1.600440533,0.753868779,0,0
110117,-0.246815777,0.068788333,1,0
110118,0.322576738,-0.43416652,1,0
110119,1.032479716,-0.194342727,0,1
110120,0.594070255,-0.199112383,0,1
110121,0.290874387,0.27966267,1,0
110122,0.249969939,-0.97430785,0,1
110123,0.435875771,-0.318956989,0,1
110124,0.63048803,-2.152493444,0,1
110125,-1.465116222,0.363445562,0,1
110126,1.862927585,0.835058747,1,1
110127,-0.682450934,-1.692052415,0,1
110128,0.742686221,-0.080583222,1,1
110129,0.590704218,0.115298722,0,0
110130,0.029642925,2.958625446,0,0
110131,-0.006129961,-0.159245209,1,1
110132,-0.121448675,-0.583536717,0,1
110133,0.990132895,-0.353754334,0,0
110134,0.635942706,0.28460303,0,1
110135,1.218985862,0.420179597,0,1
110136,-1.213384781,-1.326487785,0,0
110137,1.408369146,-0.608710803,0,0
110138,-1.32060258,-0.6696186,0,1
110139,1.264625287,-1.420212999,1,0
110140,-0.866495204,-0.666807509,1,0
110141,-1.251189873,-1.184327339,0,0
110142,-1.518107975,-0.461187413,1,0
110143,-0.354908832,-0.682538154,1,0
110144,-1.653697839,1.253335947,0,1
110145,-1.329078829,0.278033712,0,1
110146,-1.074766593,0.668316867,1,0
110147,0.955832355,-0.877613587,1,0
110148,-1.92371573,0.695787319,0,1
110149,1.875800547,0.41569454,0,1
110150,0.160544421,0.81976061,0,1
110151,0.765054846,-0.828988834,1,1
110152,-0.659151311,0.61112355,1,0
110153,-0.144013347,1.316605596,0,1
110154,-0.704342147,0.750609917,0,1
110155,0.342637981,-0.126437564,0,1
110156,1.175910772,0.680071533,1,0
110157,-1.004967153,0.64021868,0,1
110158,1.374990631,-0.130444689,0,1
110159,-0.24865585,-0.669647148,1,1
110160,-0.013603886,0.686200686,0,1
110161,-0.8176683,-1.346357561,0,0
110162,-0.375749911,-1.379724979,0,1
110163,0.523218441,-0.42668977,0,1
110164,-1.755401845,-0.348607515,1,1
110165,-0.192614986,0.449135613,0,1
110166,-0.145363543,1.868726457,0,1
110167,-0.518703852,-0.062398549,0,1
110168,-0.102910614,-0.282628384,1,0
110169,0.142425585,0.541231297,0,1
110170,1.340098704,-1.569256127,0,1
110171,-0.510342874,-0.447771425,0,1
110172,0.937850297,-0.356663061,0,1
110173,-1.895175593,0.087730464,0,1
110174,-0.033689232,0.179751566,0,1
110175,-1.040162881,1.719034681,0,1
110176,-0.323859784,-0.188296858,0,0
110177,-0.90000857,-0.931002004,1,0
110178,-1.22273696,-0.393310852,0,1
110179,-0.957581839,2.056467341,0,0
110180,-1.88849238,-1.128330548,0,0
110181,-0.401414428,0.673491278,1,1
110182,-0.413756881,0.675963393,1,0
110183,-0.986803889,0.059291134,1,1
110184,1.744041087,-0.967744396,0,1
110185,0.419567676,0.206927519,0,0
110186,-2.251534986,-0.588970546,1,0
110187,1.131151905,0.135077672,1,1
110188,-1.212268963,0.690777273,0,1
110189,-0.479122945,0.360050728,0,0
110190,0.376920114,-1.118695601,0,1
110191,0.789828035,-1.007508801,0,1
110192,-1.305785866,-0.882828988,0,1
110193,-0.346090034,0.109403156,0,0
110194,-0.772583732,0.744819312,0,0
110195,0.251464184,-0.694798215,0,0
110196,0.888992918,1.161068358,0,1
110197,-0.098684697,-0.214983045,0,0
110198,-1.773771353,-0.407512592,1,1
110199,-0.291506713,0.245379407,0,1
110200,-0.168426432,0.244026938,0,0
110201,1.534090289,-0.529914099,0,1
110202,-0.490972283,-1.309165314,0,1
110203,-0.008660467,0.976812982,0,1
110204,-1.751070349,-0.665856967,1,0
110205,0.035940503,0.850102884,1,0
110206,0.382870239,0.325463628,0,1
110207,-0.224312786,0.481874257,0,1
110208,1.014303884,-1.708991777,1,1
110209,0.728535401,-0.098759806,1,1
110210,-0.529988864,-2.443075786,0,0
110211,-1.380351324,1.698058992,0,0
110212,-0.688548532,-1.084768771,0,1
110213,-0.456425956,-0.745147222,1,0
110214,0.124358633,1.516973678,0,1
110215,-0.586615951,0.154290051,0,1
110216,-1.147237141,1.520166442,1,1
110217,0.189043442,-1.081819123,0,1
110218,0.90430622,1.199987649,0,0
110219,0.161456363,-1.639396968,0,1
110220,1.785168814,0.310122521,0,1
110221,1.170454297,-0.550893205,1,1
110222,-0.398623925,0.110453109,0,1
110223,1.113401678,0.142990028,0,0
110224,-1.256833813,0.261989197,0,1
110225,1.629534195,0.065806282,0,0
110226,0.129385524,-1.262543743,1,1
110227,-1.402989088,-0.637692139,0,1
110228,-0.326517647,0.104060735,0,1
110229,0.165956974,1.601907651,0,1
110230,0.058687438,1.064422688,0,1
110231,-0.039329335,1.448903612,0,1
110232,-1.870397479,-0.598731767,1,1
110233,0.983033396,-0.171596005,0,0
110234,0.931529613,0.385066103,0,1
110235,0.945876984,0.613067728,0,0
110236,0.673648934,1.492455387,1,1
110237,0.986474019,0.993806707,1,1
110238,0.020418759,-0.58185021,0,1
110239,-0.659560088,0.750944597,0,1
110240,-2.438460564,-1.307178188,0,0
110241,-0.963253686,-0.247621379,0,0
110242,-2.631438037,1.258721303,0,0
110243,0.600175236,1.984582398,1,1
110244,1.062214469,1.030379331,0,1
110245,2.250676031,-0.570958087,0,1
110246,-1.503458399,-0.232357396,0,0
110247,-0.824992054,-0.256845361,0,1
110248,-1.05021899,0.567880067,1,0
110249,0.51298285,-0.026922591,0,1
110250,0.311581503,-0.142050727,0,1
110251,0.752033668,0.069640749,1,1
110252,-0.265445625,0.92958447,1,1
110253,1.260821269,1.337453826,1,0
110254,-0.990274689,-0.534447208,0,0
110255,-1.701496095,-0.238565018,0,0
110256,0.416123814,-0.132801175,0,1
110257,1.930850867,-0.405843375,0,0
110258,-1.088508555,0.568504207,0,1
110259,0.149933828,0.549642596,0,1
110260,0.303787931,0.243765761,0,1
110261,-2.122298883,-0.726114028,1,0
110262,-0.590324918,-0.347964338,0,1
110263,-0.448391638,0.412818762,0,1
110264,0.600882509,-1.131640927,1,1
110265,0.686804407,0.585768139,0,0
110266,0.465770066,-1.417894488,0,1
110267,0.4405823,0.08259542,0,0
110268,0.960880075,1.784356795,0,1
110269,1.588067886,0.112644172,1,1
110270,-0.001874692,0.631948284,0,1
110271,-1.115039953,-1.450683142,0,1
110272,-0.472530592,1.220568914,0,1
110273,-0.331128298,1.502580906,1,1
110274,-2.788112883,-1.587206427,0,1
110275,-0.123688733,0.888194541,0,1
110276,-0.069623099,-0.095652744,1,1
110277,-0.121741495,-1.762897734,1,1
110278,1.158068874,-0.68276472,1,0
110279,1.089532657,-0.070523418,1,0
110280,1.068160387,0.343257981,0,1
110281,-0.106674491,0.226261647,0,0
110282,-1.472977609,0.006029327,0,1
110283,1.716040322,1.308193564,0,0
110284,-0.985023583,0.505685851,0,1
110285,0.247979885,0.81718828,0,1
110286,0.094152886,-0.233503993,1,1
110287,1.330630776,0.216396568,0,1
110288,1.255464322,0.974386203,0,1
110289,-0.324487242,-0.167000274,1,1
110290,1.929832434,0.191482325,0,1
110291,-0.758628423,-1.200043278,0,1
110292,0.974132435,0.160293721,0,1
110293,-0.792091951,0.674584831,1,1
110294,0.159748695,-1.660475071,0,0
110295,0.588685555,1.333190703,0,1
110296,2.559850231,0.034902564,0,1
110297,0.232649658,1.606596805,1,1
110298,0.168722267,0.275341863,0,1
110299,-0.630618391,-1.394375113,1,1
110300,0.912687936,-1.273570237,1,0
110301,1.140656243,-0.788165559,0,1
110302,0.265233958,-0.372271731,1,1
110303,1.174600238,0.300846402,0,0
110304,1.959095353,-1.083677679,0,1
110305,0.413863082,0.047341881,1,1
110306,0.279943571,1.595921172,0,1
110307,0.58531803,-1.147525409,1,1
110308,0.533510818,-0.415619376,0,1
110309,-0.47335497,1.045857328,0,0
110310,-0.602339983,-0.379730328,1,1
110311,0.032407254,0.946185897,1,0
110312,0.581589803,-0.234414912,1,0
110313,-0.272176466,-1.160129662,0,0
110314,-0.759835089,-0.654381086,1,0
110315,-0.149290942,1.986763037,0,1
110316,-0.675469434,-0.295829068,0,1
110317,-2.052398405,0.600571094,0,1
110318,-1.577448794,-0.906589522,0,1
110319,1.042335368,-2.10492843,1,0
110320,0.095920412,0.800929647,0,1
110321,1.525444236,-0.920093108,0,0
110322,-0.62402485,1.804436323,0,1
110323,-0.025060145,-0.736263934,0,0
110324,-0.717485837,-0.972556324,0,1
110325,-0.439672205,1.088220476,0,1
110326,0.887766069,-1.174270303,0,1
110327,0.214586075,-0.402159735,0,0
110328,0.782440404,-0.156359727,0,1
110329,0.371524682,-0.158605207,0,0
110330,-2.187085931,0.047002445,1,1
110331,-1.27174695,0.747128412,0,1
110332,-0.679827892,-0.605012656,0,0
110333,-0.008902825,0.577793954,1,1
110334,-0.169743818,1.642182772,0,1
110335,1.648817861,1.715468592,0,0
110336,-0.234318725,-1.481958456,0,1
110337,1.220078514,-0.416345285,0,1
110338,0.038166312,0.628320103,0,1
110339,-1.604436401,1.629121205,1,1
110340,0.874962329,0.352271582,1,1
110341,0.89091675,0.556952539,0,0
110342,0.116828116,-0.307774322,1,1
110343,-0.739142274,0.287214281,0,1
110344,0.36120306,1.083198803,0,0
110345,0.200660009,-0.853201516,0,1
110346,-1.576232847,-0.127562162,1,1
110347,-0.027458377,-0.098091583,0,0
110348,-1.530512897,1.074465141,0,1
110349,1.072629746,-0.823285165,0,0
110350,0.805982112,0.952830862,1,0
110351,0.038447077,-0.948498626,1,0
110352,1.613381535,0.380921434,0,1
110353,-0.251037455,0.772845396,0,1
110354,1.622208488,-0.497160147,0,0
110355,0.691422545,1.943160171,0,1
110356,-1.116564834,-0.549253589,0,0
110357,-0.597855081,-0.158327137,1,1
110358,-0.209973736,0.300795439,1,0
110359,-0.82037552,-0.622663489,1,1
110360,0.301290484,0.15491186,0,1
110361,0.874079809,0.409355025,0,1
110362,0.771846636,-1.14295204,0,1
110363,-0.383416311,1.848379951,0,0
110364,0.392078047,0.747392962,1,1
110365,0.272734737,0.425335857,1,1
110366,-0.230904052,3.571579218,0,0
110367,-0.396155922,-0.038321218,0,1
110368,-2.424836325,1.106266658,0,1
110369,-0.55225295,-0.060794106,0,1
110370,-0.528040551,-0.138682945,0,1
110371,-0.284247098,-0.043041776,0,0
110372,-0.052801483,-0.154205311,0,0
110373,-0.167877227,1.308518452,0,1
110374,0.88141692,0.887442318,0,1
110375,-0.732448881,1.256820832,1,1
110376,1.131644509,-0.553404329,0,0
110377,1.523852017,-0.683225943,1,1
110378,-1.842031838,1.101525986,1,0
110379,-0.11951878,0.976921565,0,1
110380,-0.754202163,-1.261770012,0,0
110381,1.231871789,-1.407268563,1,1
110382,-1.561030511,-1.925586891,0,1
110383,-2.794472298,-1.039104383,1,0
110384,-2.169407958,-0.035605485,0,0
110385,-2.23641735,-1.094273419,0,0
110386,2.332061996,0.345124241,0,1
110387,0.052805675,-1.62075198,0,1
110388,-0.245597666,0.048108563,0,1
110389,-1.605180796,0.126180681,0,1
110390,1.191232457,-0.348258119,1,1
110391,-0.197236368,-2.042096415,0,1
110392,-1.399233869,1.057695101,1,1
110393,-0.661550647,-0.929711634,0,0
110394,-0.692583116,-0.057466127,0,0
110395,-1.158415911,0.126516506,0,0
110396,-1.360007677,0.774000002,0,0
110397,-1.057055777,1.320268319,0,0
110398,-0.010032653,-0.845644428,0,0
110399,0.91146061,-1.374496879,1,0
110400,-0.547065645,-7.55E-05,0,1
110401,-0.121166803,-2.008585468,0,1
110402,-0.920646543,0.168234342,0,1
110403,-1.319891559,1.266429299,0,0
110404,0.495180889,-0.514240391,0,1
110405,-0.220292465,1.861564124,1,1
110406,0.935988451,0.380219145,0,0
110407,-1.41551877,1.629611319,0,1
110408,1.052401069,-0.148405388,1,0
110409,-0.549698069,-0.187903939,0,1
110410,-1.201936681,-0.470785558,0,1
110411,0.763160514,-1.807621277,0,1
110412,-0.314074374,0.113755973,1,1
110413,0.103568037,-1.178936954,0,1
110414,-1.182152891,1.089165382,1,1
110415,-1.224529093,1.008650956,1,0
110416,-0.482365315,1.07979635,0,0
110417,-0.421078505,-1.166471321,0,1
110418,0.856554856,-0.017391222,1,0
110419,1.448576585,0.892200085,0,0
110420,-0.229426629,-0.449667602,0,0
110421,0.023372343,0.190210018,0,1
110422,-0.881748527,0.841939573,0,1
110423,-0.397363492,-0.423027745,1,1
110424,-0.540688337,0.231017267,0,1
110425,-0.692052602,0.13497011,1,1
110426,2.766603071,-0.05360946,1,1
110427,-0.434004738,-1.667689228,0,0
110428,0.050221925,-1.109230943,0,1
110429,-0.375558119,0.151607594,0,0
110430,-1.73098945,0.157462752,0,1
110431,0.304515175,-1.29710002,1,1
110432,-0.392309192,-1.830666362,0,0
110433,1.575500936,0.330563277,1,1
110434,-0.179588501,-0.163435831,0,0
110435,1.131443608,-0.094165552,1,1
110436,0.330816771,1.51862956,1,1
110437,-0.346167148,-1.092635325,0,0
110438,-0.824500575,1.428663834,0,1
110439,0.091428309,-0.502331288,1,0
110440,0.97364438,0.997957386,0,1
110441,-0.475647768,-0.971936837,1,0
110442,-1.570528601,-1.793888921,1,0
110443,-0.264986452,-0.893195947,0,1
110444,1.85847441,0.058537755,0,0
110445,-1.942149543,1.418729276,0,0
110446,0.161710309,0.70497948,1,1
110447,0.682034777,0.296556567,0,1
110448,0.52334263,0.238760672,0,1
110449,-1.106385906,0.366732198,0,1
110450,1.023905505,-0.210056413,1,1
110451,0.551302218,0.419589145,1,1
110452,1.815652064,-0.252750301,0,0
110453,-0.292004163,-0.11693174,0,1
110454,-0.102391075,-2.272617711,1,1
110455,-0.642609841,0.299885067,0,1
110456,-0.008256515,-0.799339154,0,1
110457,-0.664779252,-0.355613128,0,0
110458,-0.801571781,-0.51305061,0,1
110459,-0.539390119,0.895370847,0,1
110460,1.016391269,0.933585094,1,1
110461,0.426701799,-0.708322484,0,1
110462,0.95983045,-0.314250587,0,1
110463,0.023052208,1.338220532,1,1
110464,0.083992856,0.24728403,0,1
110465,-1.412779486,0.487009294,0,0
110466,-0.980006647,1.011939656,1,1
110467,-0.184599177,-2.236168842,0,1
110468,-0.358020103,-0.228034538,0,0
110469,0.485475226,0.670512391,1,1
110470,-0.327764245,1.012868195,1,1
110471,-3.167055329,-0.713988998,0,0
110472,-1.112364271,-1.254183511,0,1
110473,0.959706371,0.829170399,1,1
110474,-0.77577002,1.178057004,0,0
110475,0.101466892,-0.421684101,1,1
110476,-0.692922796,-0.778271726,0,1
110477,0.472774857,0.650154901,0,1
110478,0.238501212,-2.050217677,0,1
110479,0.296358656,0.565396564,1,1
110480,-0.669205605,0.043250543,0,1
110481,-1.863884299,-1.229969062,0,0
110482,-0.324235348,-0.309751144,0,1
110483,0.351679372,-1.186925387,0,1
110484,-0.341206065,-0.48977978,0,1
110485,0.528010474,1.421042768,0,1
110486,1.72092032,-1.568440047,1,1
110487,-0.048014192,-1.11252931,0,1
110488,-0.064744951,0.42291928,0,0
110489,0.081490899,-0.049011699,0,1
110490,1.483039175,0.720989392,1,1
110491,-0.272654462,0.024211361,0,1
110492,0.870897807,0.609790506,0,1
110493,-0.425076104,-1.775242841,0,1
110494,-1.184657493,0.145979225,0,0
110495,-1.786526853,-0.152394498,0,1
110496,-0.453569176,0.999252803,1,1
110497,-1.318043823,-1.931768979,0,0
110498,-0.419640742,0.634763132,0,1
110499,1.069918599,-0.909327017,0,1
110500,0.470263748,-1.111430448,1,1
110501,-0.748827466,0.567594726,0,1
110502,0.718150543,-0.999380749,0,1
110503,0.474898323,-1.868499813,0,0
110504,-0.202658907,-1.134248026,0,1
110505,-0.80769934,-1.276077352,0,1
110506,0.553626395,0.55387447,0,0
110507,-0.691200445,0.375582306,1,1
110508,0.261272553,-0.128451754,0,1
110509,2.1581702,-0.840878617,0,0
110510,0.014305091,-0.382387029,0,0
110511,-0.371780015,0.159412004,1,0
110512,-0.2943957,-0.86042676,0,1
110513,0.124227498,1.182331647,0,1
110514,0.94276638,0.203044488,1,1
110515,-0.735396814,0.1864296,0,0
110516,1.084643023,1.191189262,0,0
110517,0.35968706,-0.3643572,0,0
110518,-0.202752749,0.772045927,0,0
110519,0.686346215,-1.757699612,1,1
110520,0.658617565,0.71128834,1,1
110521,-0.887191425,-0.764981116,1,1
110522,-0.757164098,-0.680262803,0,0
110523,-1.416749587,0.31309193,0,1
110524,-0.785719399,-0.070383836,0,0
110525,-0.497568783,0.255177521,0,0
110526,-1.010617036,0.245265375,1,0
110527,0.389781016,0.827594585,0,1
110528,1.967769089,-2.09210177,0,0
110529,0.320314334,-0.709162842,0,1
110530,-1.925058673,0.841630623,0,0
110531,1.332199884,-0.39162771,0,0
110532,0.210916296,-0.06407674,1,1
110533,0.434197668,0.880535749,0,1
110534,0.344937336,0.345769929,1,0
110535,1.259736543,-0.164662222,0,1
110536,0.923064571,-0.822000422,1,0
110537,1.607084947,0.737825392,0,1
110538,-0.403759534,-2.114548147,1,1
110539,-0.000310717,-1.181809409,0,1
110540,0.299634603,1.451168823,0,1
110541,0.160059793,-0.178012614,0,1
110542,0.342205404,0.285650196,0,0
110543,-2.362864108,0.240936864,1,1
110544,0.620277356,-0.259341634,1,1
110545,0.978559078,-0.127674575,0,1
110546,0.766998762,2.273105107,0,0
110547,-0.096391129,-1.942132166,0,1
110548,-0.336591724,-1.725890005,0,0
110549,0.611237826,1.309350974,1,1
110550,0.695879662,0.320308213,0,1
110551,-0.644925458,1.575649746,0,0
110552,0.753276212,0.284469557,0,0
110553,0.204860319,0.111627359,1,1
110554,0.452216424,-0.613327179,0,0
110555,1.525249934,0.152339753,1,0
110556,0.60005445,-0.433567278,0,0
110557,0.374918534,-2.281752426,0,1
110558,-1.118298878,-0.031413153,0,1
110559,-1.32247311,2.439414064,1,1
110560,-1.668081314,0.345900749,0,1
110561,1.655773153,0.481287059,1,1
110562,-0.310227553,-0.552144084,1,0
110563,0.673255489,-0.800270681,0,1
110564,-0.11948611,0.691198606,0,0
110565,-0.307879027,0.08751001,0,1
110566,-0.304086293,-0.969797604,0,1
110567,1.189150485,1.393066241,1,1
110568,-0.316699954,-0.265576159,0,0
110569,-0.177899339,0.538803274,0,1
110570,-0.905300265,-0.088525306,1,1
110571,0.262959055,0.642042149,1,0
110572,-2.780837275,0.40340321,1,0
110573,0.345846762,1.007728237,0,1
110574,-0.526264015,-0.518353205,0,1
110575,1.202516587,-1.563156706,0,0
110576,1.629090291,2.555894459,0,1
110577,0.477451685,0.814098474,0,1
110578,-1.489581707,-0.694559787,0,1
110579,1.057862547,0.361815347,0,1
110580,-0.181427463,0.232869132,0,1
110581,0.506976484,-0.293095701,0,1
110582,-0.028945945,-0.036307375,0,1
110583,-1.052278981,0.323594628,0,0
110584,1.803585915,1.73196213,0,1
110585,-1.476399296,0.57063122,0,1
110586,0.675503781,-0.410510463,0,0
110587,-0.964200035,-1.320814314,0,1
110588,-0.444703779,0.350009137,0,1
110589,-0.158058176,-0.610933088,1,1
110590,-1.249156631,0.350716258,0,1
110591,1.066542447,-0.926921972,0,1
110592,0.448428964,-1.879475244,0,1
110593,-0.657466109,0.72960412,0,1
110594,-1.117767209,-0.604436725,0,1
110595,1.417966828,-0.73284398,1,1
110596,-0.853944819,0.575848362,0,1
110597,1.954733563,-0.239669947,1,1
110598,0.76873586,1.34576918,0,1
110599,0.325552163,-0.269917901,0,0
110600,-0.876326739,-1.425210961,1,0
110601,1.111701745,0.180957146,0,1
110602,1.332800942,0.988925316,0,1
110603,-0.61697052,-1.1868867,0,0
110604,0.412669583,-0.632506884,1,0
110605,0.376689141,-0.731151938,0,1
110606,-0.861225253,-0.14099081,0,0
110607,0.93410062,0.306539895,0,1
110608,1.178375149,-1.233561703,1,0
110609,-1.057077142,-0.089163699,0,0
110610,2.165701383,0.674286114,0,1
110611,-1.066612742,-0.076140453,1,0
110612,0.220714791,-0.568685746,0,1
110613,0.613274991,-0.156446138,0,0
110614,-0.299330718,1.260256787,0,0
110615,-1.709660902,-0.961805342,0,1
110616,-0.817308981,-0.84768107,0,0
110617,-0.728753045,0.488475958,0,1
110618,1.096532828,0.916041261,0,0
110619,-1.019562127,-0.107417899,1,0
110620,0.452265213,0.240002952,0,0
110621,1.3057474,-0.675334236,0,1
110622,0.156319421,-0.393230715,1,0
110623,0.251075019,-1.078896913,0,0
110624,-0.928937721,-0.73011086,1,1
110625,-0.563669311,1.547923266,0,1
110626,1.175401914,-0.212649671,0,1
110627,0.172933294,-1.594436018,1,0
110628,-0.179292347,0.159614713,0,1
110629,1.145684213,0.32680472,0,0
110630,0.432890059,0.29776289,0,1
110631,0.26900119,-1.396759176,0,1
110632,-0.416757668,1.434886799,1,0
110633,0.823896443,0.494234499,0,0
110634,0.066715309,0.659441396,0,1
110635,-0.944889409,-1.580059562,0,0
110636,-0.382086552,0.537923058,1,1
110637,0.107829882,1.013958679,0,1
110638,0.351450517,0.044842196,0,1
110639,1.327484954,1.132375778,0,0
110640,-0.098091301,-1.103049861,1,0
110641,-0.907361492,-0.161451138,0,1
110642,-0.366811384,1.65776233,0,1
110643,-1.680134149,-0.064257787,0,0
110644,-1.066226487,0.116801869,0,1
110645,0.382264833,-0.404896974,0,0
110646,0.530481414,-0.198626941,0,1
110647,-0.179395613,-0.417888725,0,1
110648,0.650824289,0.138501464,1,1
110649,1.57323963,1.270024877,0,1
110650,0.553774608,-2.159441646,1,1
110651,-1.484328312,0.986250573,0,1
110652,-0.47563856,0.234843758,0,1
110653,-0.6304754,0.517886631,0,1
110654,0.957989944,-1.20962774,1,1
110655,-0.813571425,-1.663728413,0,1
110656,0.233407312,-1.665280421,0,1
110657,-0.366081695,0.519611147,0,0
110658,2.058092935,0.368418342,0,1
110659,1.252884742,0.259158843,1,1
110660,0.309243409,-0.210922898,0,0
110661,-0.383270133,1.174378152,0,1
110662,0.374674353,0.336296345,0,0
110663,-0.60817526,-0.345041731,0,0
110664,2.067490483,-0.06750183,0,0
110665,1.32616806,-0.520251711,0,1
110666,0.801544172,0.289795599,1,0
110667,-0.403713105,0.648562899,0,1
110668,-1.543443909,0.574621429,1,1
110669,0.786903222,0.273073188,1,0
110670,1.310923697,-0.068100455,1,1
110671,-0.149139185,0.355039529,1,1
110672,0.867706253,0.569840514,1,1
110673,-0.226613075,-0.995227845,0,0
110674,0.663479256,-0.789571274,1,1
110675,-0.818275368,-0.654643176,0,0
110676,0.057708807,-0.796296464,0,0
110677,-1.135688037,-0.658841944,0,0
110678,-0.18333181,0.454284468,0,0
110679,0.067266911,-1.080462095,0,1
110680,0.228662132,0.322755521,0,0
110681,-0.45496319,-0.796246059,0,0
110682,-0.796630154,-0.531812317,1,0
110683,2.214242036,-0.889072409,1,0
110684,0.265999167,-0.714102596,0,0
110685,-0.505983116,-0.706136439,0,1
110686,0.801202386,0.379107829,1,1
110687,-0.129343801,0.502934947,0,1
110688,0.743465695,-0.850715046,0,1
110689,0.547252413,-0.717631684,0,0
110690,0.837935227,0.740198479,1,0
110691,0.403703051,-0.209926341,0,1
110692,-0.526109263,-0.263628699,0,1
110693,0.769154764,-0.682331046,0,1
110694,0.04967124,-1.747629169,1,0
110695,0.260374659,-1.035528417,0,1
110696,-1.318136732,0.518714882,1,1
110697,0.21033753,-0.44337749,1,0
110698,-0.302095676,2.271033767,1,0
110699,-0.194144293,-0.201216028,0,0
110700,0.652305279,0.087212337,1,0
110701,0.98742845,0.277448802,0,0
110702,0.761089143,0.443330413,1,0
110703,0.645303765,-0.04265297,0,0
110704,0.222527777,-0.271035493,0,0
110705,0.604169507,-1.346038685,0,1
110706,0.72613629,0.99802535,0,0
110707,0.741761778,-0.10409772,0,0
110708,0.505229211,-0.776578668,0,0
110709,0.837102214,-1.099215291,0,1
110710,0.593731121,0.532657395,1,0
110711,0.406727836,-0.447083644,1,0
110712,0.760166233,-1.837264863,0,1
110713,0.777221812,0.19143791,0,0
110714,1.050958673,0.200048985,0,1
110715,1.838190147,-0.941819333,0,1
110716,0.609407319,-0.886004489,0,1
110717,-0.12638618,0.742372588,1,1
110718,0.625430326,2.07953868,1,1
110719,-0.351406733,1.286001344,1,1
110720,-0.254300187,-0.700900088,0,1
110721,-1.622953561,0.162670626,0,0
110722,-0.521305606,0.84751737,1,1
110723,-0.528400755,-0.476601558,0,0
110724,0.354655276,1.721215798,0,0
110725,-1.088649881,1.017612805,0,1
110726,0.8741053,-0.22094597,0,1
110727,0.675416285,-0.284276426,1,1
110728,2.371388454,-0.112095292,0,0
110729,0.080414094,-0.325791609,0,1
110730,-1.693454048,-0.26315338,0,0
110731,0.232036972,1.500922622,1,0
110732,0.491957128,-0.189382188,0,1
110733,0.059943193,0.327340366,0,1
110734,-0.378966059,0.682237017,0,0
110735,1.625088158,-0.363148738,0,1
110736,1.207530266,0.876326304,0,1
110737,0.537244861,0.111925619,1,0
110738,0.337783871,-0.217393174,1,1
110739,1.836868504,-0.718403156,0,0
110740,1.134944694,1.549721721,0,0
110741,-0.323134333,1.165846959,1,1
110742,0.143981346,0.062359789,0,1
110743,-0.074563693,-1.613731101,0,1
110744,0.547923958,1.443551764,0,1
110745,-0.704720423,0.847338658,0,1
110746,-0.085205392,-1.092689275,1,1
110747,0.997889966,1.686036831,0,1
110748,-0.794252359,0.215801696,0,1
110749,-1.439735708,-0.042007319,1,1
110750,0.486066403,1.752909606,0,0
110751,1.557573716,1.642498342,1,0
110752,-0.527091942,-0.245165068,0,0
110753,-1.664305425,-0.715155508,0,1
110754,-1.451829202,0.365536897,0,0
110755,-0.696990005,-1.10142227,0,0
110756,-0.355414436,-1.184876956,0,0
110757,0.30901682,0.284447494,0,0
110758,-0.31571259,-0.73067548,0,0
110759,-1.339441375,0.555356605,1,1
110760,0.22872074,0.464315464,0,1
110761,-0.306435381,-0.217923506,0,1
110762,1.441999149,-0.600584865,0,1
110763,-0.312644023,0.743892083,1,0
110764,0.302911297,-2.046622207,0,0
110765,-1.68788673,-0.660831267,1,1
110766,0.910299664,0.671673078,0,0
110767,0.519523361,0.627744096,0,1
110768,-0.968944755,0.601047093,0,1
110769,-0.921283697,0.947299202,0,0
110770,-0.510565134,0.281626078,1,1
110771,-1.874498404,-1.348888912,0,1
110772,1.090677438,0.69174387,0,1
110773,-1.217936773,1.285591722,1,1
110774,-1.090784429,0.019961104,1,0
110775,-0.480100622,-0.923415197,0,1
110776,1.167940562,1.684981496,1,1
110777,0.178274217,1.525998917,0,1
110778,-0.281215053,0.108308598,0,0
110779,0.131489256,-1.156708889,0,1
110780,0.499456892,0.70969314,0,1
110781,-0.173473635,-1.691751168,1,1
110782,0.367705494,-1.515013514,0,1
110783,-0.811269834,0.131421292,0,1
110784,-0.769662464,0.253676651,0,0
110785,-0.226210255,-1.630496511,0,1
110786,0.167971561,0.58657968,0,1
110787,1.012400243,-0.366568075,1,1
110788,-0.061483679,-1.495108669,1,1
110789,1.964889405,1.505008189,0,0
110790,-0.031834018,-0.124841773,1,1
110791,-2.930222844,1.035262563,1,0
110792,0.562861181,0.81281187,0,1
110793,-0.405248155,-0.469428825,0,1
110794,-1.235418646,0.77800973,0,1
110795,1.252153879,1.123882877,0,0
110796,0.187257576,-0.326651702,0,0
110797,-1.051970423,-0.70175052,1,0
110798,0.467550474,-0.284553375,0,0
110799,1.641404185,1.152356031,0,1
110800,-0.601809132,-1.215662064,0,0
110801,-0.548418343,1.065382946,1,1
110802,-0.523922408,0.545987985,1,1
110803,-0.565880119,0.343164157,0,0
110804,0.528141973,0.985833246,0,0
110805,1.433240131,1.310228935,1,1
110806,-0.530171509,-0.147018736,0,1
110807,-1.173525095,-0.235685288,0,0
110808,0.024317145,-0.403959935,0,0
110809,-0.503584568,1.032080178,0,0
110810,0.907482945,0.399122048,1,1
110811,-1.277510604,0.2009309,0,1
110812,-0.384231571,1.315727461,1,0
110813,-1.802290747,-0.558823691,0,1
110814,-0.586650308,-0.466574032,1,0
110815,0.957578748,-2.352358411,0,0
110816,-0.208052176,0.850720674,0,1
110817,0.980117506,-0.549077861,0,0
110818,-0.679778149,0.346213573,0,0
110819,0.15103669,0.069403115,0,1
110820,-3.801378197,-1.127172205,0,1
110821,-0.863223063,0.643009862,0,1
110822,-1.440759705,-1.046627561,0,1
110823,-0.154384006,-1.287595177,1,1
110824,0.642853905,-0.39140368,0,1
110825,1.832905932,-0.629718717,1,1
110826,-0.576283203,0.804438289,0,1
110827,-0.655336927,1.51156832,0,0
110828,0.482914942,-0.303879939,0,0
110829,-0.160797997,2.850707737,0,1
110830,0.488654359,0.150477016,1,0
110831,-0.132576755,1.037162033,1,1
110832,-1.518326314,-0.181188023,0,0
110833,-2.833657456,-0.533407626,0,1
110834,0.847926813,1.382230839,0,1
110835,0.605970238,0.639968591,0,0
110836,-1.71590149,-0.678373811,0,1
110837,1.474405016,-0.52386001,0,0
110838,-0.135982402,-0.805561986,0,1
110839,-0.933751485,-0.470269226,1,1
110840,-0.661055966,0.957501796,0,1
110841,0.215369598,1.018883826,0,1
110842,-1.387237503,1.225453148,0,0
110843,0.021456224,1.839348384,1,1
110844,-0.052776138,-1.493401815,1,1
110845,1.284220628,-0.136488238,1,1
110846,-2.15211508,0.145194681,0,1
110847,0.231228126,1.076112743,0,0
110848,-3.587493831,1.148869475,0,1
110849,-0.474596755,1.926247908,1,0
110850,-1.718281001,0.545338902,1,1
110851,0.411718831,-0.42211473,1,1
110852,-0.773805905,-0.373745028,0,0
110853,-0.346720291,-1.253438006,1,1
110854,0.99299217,-1.092200346,0,1
110855,1.023190978,-1.788934565,0,1
110856,-0.17718978,-0.162306533,0,1
110857,-0.015794372,0.95629588,0,0
110858,-0.20234722,-0.45792941,1,1
110859,-0.199327585,0.981006856,0,1
110860,-1.205606948,-1.0206685,0,1
110861,-1.956698252,2.027248696,1,1
110862,-1.159744728,-1.885431656,0,1
110863,-0.808899139,-0.612455248,0,1
110864,1.465456001,-0.464899226,0,0
110865,0.291769281,-1.790779805,1,1
110866,0.207983492,-1.648796245,0,1
110867,-0.313595049,-0.759870981,0,1
110868,0.058271497,0.634408706,1,1
110869,-1.335895951,-1.136418428,1,1
110870,0.193589006,0.687285711,0,0
110871,1.417375195,-0.47189173,0,1
110872,-1.491478675,0.18662572,0,0
110873,-0.794643718,-0.924420198,1,0
110874,1.408177074,0.61871681,0,1
110875,-0.728077864,-0.018711535,0,0
110876,-0.085676988,0.165095618,0,1
110877,-0.405939613,-1.900062528,1,1
110878,-0.976350175,-0.531996585,0,1
110879,0.028111766,-1.082294362,1,1
110880,0.186284938,-0.381271461,0,1
110881,-0.759475102,-1.270276124,0,1
110882,0.446491416,0.424243386,1,1
110883,0.800220882,0.549288226,0,1
110884,0.624134455,0.38207862,1,0
110885,-1.758409679,-0.279118879,1,1
110886,-1.432382462,1.369212075,0,0
110887,-0.014013725,1.269755845,0,1
110888,-1.030322292,-0.091869216,0,1
110889,0.26337425,-0.330902146,1,0
110890,0.1877894,1.482163457,1,0
110891,-1.031913423,-2.637922487,0,0
110892,1.600624139,-0.791662237,1,0
110893,1.122499696,0.6519133,0,1
110894,-0.216686798,0.38034479,1,0
110895,-1.140534264,0.085897154,0,1
110896,0.594040205,-0.774332726,0,1
110897,-0.380291097,0.31259352,0,1
110898,1.32327371,-0.00315484,0,1
110899,-0.430659845,-0.146415775,0,0
110900,1.160175947,-0.641512336,0,0
110901,-0.300232397,-0.632260778,1,0
110902,-0.204316535,0.213695602,0,1
110903,1.033878202,-2.124575285,0,1
110904,0.555488916,-0.891589882,0,0
110905,0.593070005,1.239634989,1,1
110906,0.995595012,0.15795878,1,1
110907,0.834498934,-0.943383936,0,1
110908,-0.067830086,1.519471097,0,1
110909,-0.78925553,0.197269165,0,1
110910,-0.369175372,-0.19510847,0,0
110911,0.406071195,-0.269518905,1,1
110912,-0.003409147,-0.50458327,0,1
110913,-1.825028325,0.193094128,0,1
110914,0.439470037,1.382173464,0,1
110915,-0.131865463,-1.394708531,1,0
110916,-0.754008194,0.540392345,0,1
110917,-0.084529511,0.279290884,0,0
110918,-0.353080138,1.869808914,1,1
110919,1.727988011,-0.931595625,0,1
110920,0.909030993,0.30406239,0,1
110921,0.013559525,-0.859687989,1,1
110922,1.621530633,1.165258341,0,0
110923,-1.457100053,1.383491308,0,1
110924,-0.03837827,-0.597790574,0,1
110925,-0.976577765,0.944820312,0,1
110926,0.399895521,-0.87414632,0,0
110927,-0.811097788,-0.387523104,0,1
110928,-0.512506046,0.527780312,0,1
110929,0.378736993,-0.635649903,1,1
110930,-1.657509425,-1.333999267,0,1
110931,0.870055509,-0.994810474,1,1
110932,0.111135199,-1.763157534,0,1
110933,0.397059836,1.919526406,1,1
110934,-1.328067231,0.549697269,0,1
110935,0.272461933,0.917883946,0,1
110936,-0.131240319,0.272824942,0,1
110937,0.181974128,0.572842819,1,1
110938,-0.839112705,0.192448761,0,0
110939,0.810325597,1.167990591,1,1
110940,0.495728916,-1.131956534,0,0
110941,-1.553578176,0.408625561,0,1
110942,-1.011643753,0.844334606,0,0
110943,-0.287784364,1.011615943,0,1
110944,2.125816625,-0.062322675,0,1
110945,-0.116000386,1.013492949,0,0
110946,1.063905028,1.701608168,1,1
110947,0.196569619,-0.632866958,1,1
110948,0.007713657,-0.623629193,0,0
110949,0.239809703,-0.868239688,0,0
110950,0.902006456,0.697490155,0,0
110951,0.139033304,0.025576547,1,1
110952,-0.196442918,1.312255204,0,0
110953,1.187417483,0.145716855,0,0
110954,-0.856649877,-1.176848319,0,1
110955,0.287620713,-0.638061937,1,0
110956,0.475933872,-0.386695537,0,1
110957,0.773754359,0.207415244,0,0
110958,0.998053062,-2.233905252,0,1
110959,-0.227050246,2.216788133,1,1
110960,-2.503161012,0.842652217,0,0
110961,0.418003741,1.285701054,0,1
110962,-0.173591796,1.190354439,0,1
110963,1.216905804,0.196780093,0,1
110964,-1.164011878,0.913004534,0,0
110965,-0.973436995,-0.137376571,0,1
110966,0.946908244,1.092067706,0,0
110967,-0.347958973,0.626982936,0,1
110968,-1.542536614,-0.472380901,0,1
110969,1.468918896,1.343388048,0,1
110970,0.669213836,-0.141834486,0,0
110971,0.847260317,-0.023228192,1,1
110972,0.168228607,0.088382908,0,1
110973,-0.775520306,0.725924811,0,0
110974,-1.069947261,0.775844854,0,1
110975,-0.960602471,-0.722075716,0,0
110976,-2.840847356,-0.156083452,1,0
110977,0.189188975,0.827072508,0,0
110978,1.31087601,-1.490213428,0,1
110979,0.984827487,-0.464034254,1,1
110980,-0.072060098,-0.105268356,0,0
110981,-0.449514671,-0.889911057,1,1
110982,0.279216715,0.811145045,0,0
110983,-1.259771713,-0.019458756,0,1
110984,-0.629012255,1.095921778,1,1
110985,0.493579547,1.508705114,1,0
110986,-1.548765001,1.0341966,0,1
110987,0.16266541,-0.72517345,1,1
110988,0.489203494,1.566033273,1,1
110989,1.604614125,0.822218204,1,1
110990,-0.991604686,0.309863453,0,1
110991,0.342422576,1.242016623,0,1
110992,-0.164875179,0.015571783,0,0
110993,-0.653508693,0.668087321,1,1
110994,-0.215410489,0.185978589,1,0
110995,-0.469550013,0.047239614,0,1
110996,-1.080413005,0.160889167,1,0
110997,-0.602575224,0.699328554,0,1
110998,1.847453419,0.845701242,0,0
110999,-1.119922514,-0.359296716,0,1
111000,-1.609695084,0.013570062,0,1
111001,-1.774223549,-1.201377306,0,0
111002,1.09625679,0.861036854,0,1
111003,-1.520367124,-0.447440164,0,1
111004,0.463487255,0.392493258,0,1
111005,-1.627167197,0.260009682,0,1
111006,-0.607852631,1.198667905,1,0
111007,-0.200179773,0.35928747,0,1
111008,-0.109120607,0.66644446,1,0
111009,-0.768069421,0.668253295,0,1
111010,1.20896282,1.835560648,0,0
111011,1.583789611,-0.536121834,0,1
111012,0.577149723,0.807497238,1,0
111013,0.590044855,0.753478467,0,0
111014,0.423943614,-0.545255408,0,1
111015,0.207110553,0.846786701,0,0
111016,0.461605393,-1.096353505,0,1
111017,-0.877618277,-0.409241617,0,0
111018,-0.204813502,0.157273228,0,1
111019,-0.977094503,0.794955834,0,1
111020,-1.857564324,0.528701686,0,1
111021,0.506533428,0.644098654,0,1
111022,-3.066987633,-1.349275484,0,0
111023,-0.352696017,0.168282038,1,1
111024,-0.081391402,-0.8137466,0,1
111025,1.283043987,0.3240295,1,0
111026,-0.394754919,-0.98757153,0,1
111027,0.06821329,1.258700441,1,0
111028,0.035179827,-0.032047433,0,1
111029,0.066282395,0.120615868,0,0
111030,-0.233186575,-0.972855005,1,1
111031,1.529014309,0.637492602,0,1
111032,2.117133396,0.497555942,0,0
111033,-0.231291944,-0.945836681,0,1
111034,-0.329995772,-1.152942952,0,0
111035,2.097840676,-0.017031709,0,1
111036,0.786056608,0.961968656,0,1
111037,1.080915132,2.547869784,0,0
111038,-0.095411897,-0.181862064,1,0
111039,0.164480292,0.748541529,0,1
111040,0.178877109,-0.268851267,0,1
111041,-0.715937395,-0.774349484,0,1
111042,0.269472683,-0.99887825,1,1
111043,-1.814032599,0.11523953,1,0
111044,1.162629918,0.661810951,1,1
111045,-0.017887841,0.403001832,1,0
111046,-1.647115703,-0.689640164,0,1
111047,1.678068709,1.184118748,1,0
111048,-0.711572671,1.754312258,0,0
111049,-0.717890892,-0.823192038,1,0
111050,1.535917568,1.307740053,0,1
111051,-0.588559503,-0.049088825,0,0
111052,-0.341699981,0.504138555,0,0
111053,1.567391918,0.532154542,0,0
111054,-0.113904412,-1.346300009,1,0
111055,0.777963132,-1.222947149,0,1
111056,-0.187133068,0.958235644,1,1
111057,0.81122546,0.838713275,1,0
111058,0.698921235,0.145859461,0,1
111059,0.302154624,0.092070265,1,1
111060,0.482577432,0.535236441,0,0
111061,0.133328492,0.513814122,0,1
111062,-0.684821028,-0.306956678,1,1
111063,0.230498561,1.923512983,0,1
111064,0.528990844,-0.134735947,0,1
111065,-0.220223862,0.744165509,0,0
111066,-0.097261319,0.637380986,0,1
111067,0.511604056,-1.246077967,0,0
111068,0.472785023,0.465623814,1,1
111069,0.796667868,-0.837083388,0,1
111070,1.0941101,-0.166797491,1,1
111071,1.988274333,1.752432955,0,1
111072,-0.608060192,-1.369218595,0,1
111073,0.697242445,-0.819969034,0,1
111074,1.147507523,0.529861878,0,1
111075,-1.453608991,0.782064244,1,1
111076,0.137250919,0.412111624,1,0
111077,1.5240466,-0.129922162,0,1
111078,0.758021731,-0.59838867,1,1
111079,-0.573804928,-0.218147514,1,1
111080,-0.620381402,0.567861498,0,1
111081,-1.323436266,0.829547144,1,1
111082,-0.761528587,0.377704564,0,1
111083,-1.187433261,0.477732374,0,1
111084,1.084007496,0.009771173,0,1
111085,1.548682239,-0.139907352,1,0
111086,0.411367752,-0.925466973,0,0
111087,0.438430903,-0.568139293,1,0
111088,-0.720391314,1.580103608,0,0
111089,-1.270220855,-0.114768457,0,1
111090,0.712790264,0.234070906,0,1
111091,-1.847326993,0.60390927,1,1
111092,-1.378998958,-0.443251949,0,1
111093,-0.244242653,-2.92002932,0,0
111094,-0.105900565,0.665877397,0,1
111095,-0.170084426,0.184929813,0,1
111096,2.261786854,1.125440233,0,1
111097,0.059385818,2.587008829,0,1
111098,-0.636371024,0.519677108,0,0
111099,-1.576623903,0.398328005,0,0
111100,-0.111410309,0.060793267,0,1
111101,0.370481395,0.280003915,0,1
111102,-1.072627242,-0.383345137,0,0
111103,0.006060714,-1.429175611,1,1
111104,0.802569451,1.88288231,0,0
111105,0.303543535,-0.527713165,1,0
111106,-2.301924461,-1.520908256,0,1
111107,0.339228864,1.262436537,0,0
111108,-0.220084369,-1.487241268,0,0
111109,-0.871025244,-0.572228748,0,0
111110,-1.932547364,-0.310566235,0,1
111111,0.892386758,-1.681781916,0,0
111112,-0.559640053,-2.024304275,0,1
111113,-0.819149343,-0.148044029,1,1
111114,1.021206213,0.455708634,0,1
111115,-1.183447701,0.09398131,1,1
111116,-0.333933411,-0.012870128,0,1
111117,-0.199494828,0.313372068,0,0
111118,0.181112637,0.866433482,0,0
111119,0.116591887,1.689930711,0,0
111120,0.519226184,1.478310335,0,1
111121,0.720250023,-0.672785736,0,1
111122,1.242917897,1.184177128,0,0
111123,-2.872058609,-0.548445345,1,1
111124,1.442759107,1.054388039,0,1
111125,-1.460417509,0.858761815,0,0
111126,1.727234901,0.606698423,0,0
111127,-1.475856176,-0.783815334,0,1
111128,0.400504375,-0.215534963,0,0
111129,1.277662676,0.731248736,0,1
111130,1.963177677,1.020616912,1,1
111131,0.552537347,-0.314334319,1,0
111132,1.404461763,0.005498344,0,1
111133,-1.025900068,0.048170823,1,0
111134,-0.091855578,-0.99354019,0,1
111135,0.827838479,-0.140428231,0,1
111136,0.395588623,-0.780908606,1,0
111137,-0.164671195,0.774326162,1,1
111138,-0.246828302,-0.36534157,1,1
111139,2.184313702,0.316194926,0,1
111140,0.733306528,0.746237932,0,0
111141,0.096963637,0.527624627,0,1
111142,-0.973011802,1.448208552,1,0
111143,1.246949761,0.190214569,0,1
111144,0.006355876,-1.23962307,1,1
111145,1.029310972,-0.255036803,1,0
111146,0.609766908,-1.440673994,0,1
111147,0.631454616,-0.175251055,0,1
111148,0.011907872,-1.417811766,0,0
111149,0.679064297,-0.612525352,0,1
111150,-0.047011254,0.804181001,0,0
111151,-0.085668854,1.986242962,1,1
111152,-0.898803065,0.240485748,0,1
111153,0.413323163,-1.01897278,1,1
111154,0.087409008,-0.194881757,0,1
111155,0.225814426,0.453647979,0,0
111156,1.398250832,0.288173829,0,0
111157,0.547069131,1.499315967,0,0
111158,-1.584263737,-0.261196821,0,1
111159,0.038171864,-1.555560341,0,1
111160,0.07668047,-2.355805913,1,1
111161,0.705537725,-1.478285436,0,0
111162,-1.25118494,0.524344353,0,0
111163,-1.667573348,2.053780275,0,1
111164,0.116602766,-0.097093081,0,0
111165,1.203192852,-0.079708839,1,0
111166,0.240631191,-0.155900181,1,0
111167,-0.501817103,0.371187505,0,1
111168,0.525028054,-1.273138245,1,1
111169,-0.881172975,-0.659415052,0,1
111170,-0.029588215,0.345660617,1,0
111171,2.156085645,0.275040151,0,0
111172,-0.174343681,-0.714880775,0,1
111173,0.985282566,-0.011902471,0,0
111174,0.341754568,-0.000679165,1,0
111175,0.550577343,0.478700006,0,1
111176,0.373842705,0.003833086,0,1
111177,0.093428792,0.382319559,0,1
111178,-1.924196185,-0.034072629,1,0
111179,0.980789473,-0.480314511,1,1
111180,-2.090118999,-1.385035056,0,1
111181,0.075197537,-0.720759568,0,1
111182,0.133924944,-0.018462167,0,1
111183,-0.469154101,-0.914997822,1,0
111184,0.195486955,0.068931695,0,1
111185,-0.123889497,0.872414437,0,1
111186,0.201334438,-0.596031536,0,1
111187,-0.35859395,-0.061930949,0,1
111188,0.123190773,1.336415171,0,1
111189,1.688077241,-0.468945312,1,1
111190,-1.019407132,-0.542881513,0,0
111191,0.420126263,0.832786348,0,1
111192,-0.408114857,-0.914176581,0,1
111193,0.38236117,0.623592922,0,0
111194,1.034643705,-0.63771721,0,1
111195,0.328862475,-1.63169957,0,1
111196,-0.105697058,0.718514506,0,1
111197,1.483720692,0.302162954,0,0
111198,-0.241750143,-1.405960934,0,1
111199,0.2283711,0.631758919,1,1
111200,1.01366576,0.243211711,0,1
111201,-0.955471367,0.553503841,0,0
111202,1.689879529,-0.262398574,1,1
111203,-0.802446068,-0.32967681,0,1
111204,-0.013178644,-0.523481528,1,0
111205,0.70633284,0.430730182,0,0
111206,-0.334325312,-0.019825243,1,0
111207,-1.53906585,0.321254276,0,1
111208,-1.393806643,-0.277331556,0,0
111209,-0.461344464,0.466579001,0,0
111210,-0.44414206,-0.046957948,0,1
111211,1.495192034,-1.56943204,0,0
111212,0.113101627,0.864209271,1,1
111213,-0.627750196,0.020922464,0,1
111214,-1.361328859,-1.608779136,1,1
111215,0.722109022,-0.3271436,1,0
111216,-1.312684847,-0.47337895,1,1
111217,0.6044344,0.551231717,0,0
111218,1.047734172,-0.503996852,0,0
111219,-0.627436575,0.330881396,1,0
111220,1.000095562,-0.374558562,0,0
111221,0.95819114,-0.33346982,0,1
111222,2.037451942,-1.719673904,1,0
111223,1.534834877,-1.497480202,0,0
111224,1.22317336,0.085800643,0,1
111225,-0.453342905,-0.908770239,1,1
111226,-0.928122144,0.681755957,0,1
111227,0.460309214,-0.188444532,0,0
111228,-0.026584242,-0.871281197,0,1
111229,-0.132567447,0.885841112,0,1
111230,-0.907591995,0.521137514,1,0
111231,-0.461446863,-1.527569266,1,1
111232,1.061678832,-1.373947158,1,1
111233,-0.464827733,1.069253435,1,0
111234,-0.787210794,0.942553424,0,1
111235,-0.448501572,-0.093589178,1,1
111236,1.884547477,1.135790661,1,1
111237,0.086185433,-0.653990548,0,0
111238,0.026886269,1.64960973,1,1
111239,2.172050914,-0.619832034,0,1
111240,1.444245062,-1.577827788,0,0
111241,0.588206408,0.374366421,0,1
111242,1.041096922,-0.832408826,1,1
111243,0.146017154,-1.861759754,1,0
111244,-0.630065218,-0.017003583,1,1
111245,0.194513083,2.791971166,0,0
111246,-0.509394994,0.020851016,0,1
111247,-1.152002461,-1.886396598,1,1
111248,0.898354907,0.905452836,1,0
111249,-1.37544054,-1.689790895,0,0
111250,-0.63588161,1.667025787,0,1
111251,-1.488141349,0.681796858,0,0
111252,0.131426631,-0.301817454,1,0
111253,-0.604601602,0.244982046,0,1
111254,-0.310795067,-0.399320399,0,0
111255,-0.207539751,1.111622487,0,0
111256,0.212841435,0.068951925,1,1
111257,1.382578792,-0.268148453,0,1
111258,1.432837567,-0.675812296,1,0
111259,0.531148913,-0.323103289,0,1
111260,-0.068496276,-0.643239236,1,1
111261,-0.295386711,-0.700590876,0,0
111262,0.4028518,-0.824768148,1,0
111263,0.536557715,2.347065866,1,1
111264,-1.555041293,-2.372121378,0,0
111265,-0.98819553,0.743296799,0,0
111266,-0.711160002,0.577481088,1,1
111267,0.94922125,-0.251078117,0,0
111268,0.884768251,-2.269501773,1,0
111269,0.834532731,0.799303373,0,0
111270,-0.099432862,1.003536563,0,1
111271,1.440962885,1.932820582,1,0
111272,1.941249296,0.055525529,0,0
111273,-0.1412172,-0.078101286,0,1
111274,-2.67449029,0.698156781,0,1
111275,2.349355695,0.565833549,1,1
111276,-1.421478845,-0.994691697,1,0
111277,-0.938425735,1.657051981,1,0
111278,0.502393819,0.638128634,0,0
111279,0.353529714,-1.11147873,0,0
111280,-0.943910709,0.680738485,0,1
111281,0.086211547,-1.858098419,1,0
111282,0.786026997,1.416729692,0,0
111283,0.006391881,-0.315964513,0,1
111284,1.365792359,-0.195731762,0,1
111285,-0.613821932,-1.53850357,1,0
111286,-0.491198802,1.867000632,0,0
111287,1.163804713,0.119364819,0,1
111288,-0.005873958,0.98963932,0,0
111289,0.102301402,-1.263904739,0,0
111290,0.144292026,0.175510255,0,0
111291,0.012904456,0.257449938,0,0
111292,-0.692900786,0.155072082,1,0
111293,-1.603278639,-0.920631424,1,1
111294,-0.243855103,0.602537564,0,1
111295,-0.297331388,0.440198392,0,1
111296,1.022677458,2.420233271,0,1
111297,-0.293143776,-0.643731381,0,1
111298,0.038589136,0.198426005,0,0
111299,0.546123383,0.812553508,0,0
111300,-0.282392769,0.726934575,0,0
111301,0.08196618,1.227371641,0,1
111302,-0.278812634,0.140255602,0,1
111303,0.27025617,1.132525263,0,1
111304,-0.004103507,-1.036603883,1,1
111305,-1.695621799,1.034009856,1,1
111306,0.64027451,1.661947527,1,0
111307,0.092466463,0.086597756,0,0
111308,0.179366491,-0.536038177,0,1
111309,-0.703797519,0.438396405,1,1
111310,1.180844174,0.603808358,0,1
111311,-0.480998525,0.424648575,0,1
111312,0.17646383,-0.563352284,0,1
111313,-1.222508929,-0.830608788,0,1
111314,1.195481806,0.253618438,1,0
111315,-0.609123279,0.076565524,0,0
111316,0.610848452,-0.540146782,0,1
111317,-0.765015007,-1.776401523,0,0
111318,1.088549042,0.587922461,0,0
111319,0.669389069,0.561920623,0,0
111320,-2.027591567,0.109608127,0,0
111321,0.449968078,0.070732675,0,1
111322,-2.351328607,-0.124806416,1,1
111323,-0.257286459,1.037508635,1,0
111324,-0.10393076,-0.520182056,0,0
111325,-0.520768036,0.722846811,0,1
111326,0.672505716,-0.213972793,0,0
111327,-0.398883319,-2.3019652,0,1
111328,-2.041648909,-0.835450037,0,0
111329,-0.143878546,-0.790962236,0,1
111330,-1.514135848,-0.036830669,0,1
111331,-0.02180419,1.30923349,1,0
111332,-0.358717311,-0.234663492,0,0
111333,-0.717084259,2.603855678,0,1
111334,0.644729321,-0.828352964,0,0
111335,-1.969989866,-1.288825852,0,0
111336,-0.919231291,-1.361811162,0,1
111337,-0.11869819,-1.016887817,0,1
111338,-1.605006981,0.637583716,1,0
111339,-1.541055325,-2.553303313,1,1
111340,0.937029353,1.790408185,1,0
111341,0.040340373,0.68647592,0,1
111342,0.671384152,2.355235541,0,0
111343,-0.990304947,-0.454105766,0,1
111344,-0.439064397,0.054173237,0,0
111345,-0.207296532,-0.082255176,0,1
111346,0.14269159,1.978004381,0,1
111347,0.274031945,0.829415611,0,1
111348,0.667906396,0.356444732,0,1
111349,-0.266375652,0.804753179,0,1
111350,-1.750639912,1.539890575,1,0
111351,0.667531869,0.100458107,0,1
111352,-0.012609534,0.219906701,0,1
111353,0.813623002,0.462949597,1,1
111354,1.365368345,1.714981024,1,1
111355,1.093969868,-1.49154106,0,1
111356,-0.521197929,0.977237036,1,1
111357,2.130324866,-0.586913526,0,1
111358,0.60005254,1.227928999,0,0
111359,0.105973001,-1.218065955,0,0
111360,1.955264977,-0.868200799,0,1
111361,-0.740077584,0.268373076,0,1
111362,0.055177824,-0.917343428,0,0
111363,1.676287891,0.520667985,1,1
111364,0.905437934,-0.043203878,0,1
111365,-0.006796638,1.322845197,0,1
111366,-0.520165882,-0.356237371,1,1
111367,0.466236931,0.904348309,0,1
111368,0.907265867,-0.942288491,1,1
111369,-1.083362933,-0.848326199,0,0
111370,0.883899565,0.882593682,1,1
111371,0.320631206,0.296882447,0,0
111372,-1.651392729,0.319028669,1,0
111373,-1.573338377,0.825677691,0,1
111374,-0.315250418,0.242296813,1,0
111375,-0.213410393,-0.080200014,0,1
111376,-1.113842788,-0.168797588,0,0
111377,-0.063071283,0.206654592,1,1
111378,0.544647715,0.480337651,1,0
111379,0.269634355,-0.652311039,0,0
111380,-1.29950289,-1.002415971,0,1
111381,-0.81751094,0.846346772,0,1
111382,1.075533849,-0.796511196,0,1
111383,-1.160009767,-1.622548782,0,1
111384,-0.623700658,0.415710754,1,1
111385,-1.087641679,1.186136596,0,1
111386,0.366678603,1.066104266,0,0
111387,-0.796528414,0.712115825,0,0
111388,-1.109328928,0.691809877,0,1
111389,1.440743051,1.426170277,1,1
111390,-0.531305234,-0.882287407,0,1
111391,-0.165759471,1.571070278,0,1
111392,-1.362288162,-1.513273001,1,1
111393,-2.045520326,0.094259295,0,1
111394,-1.699241207,1.190900101,0,1
111395,1.640797113,-0.136842909,0,1
111396,2.393079309,0.233500812,1,1
111397,-0.50490279,-0.521325893,1,1
111398,1.432952661,0.79280906,0,0
111399,-2.030271053,-1.880217573,0,1
111400,-1.469470287,-0.592607528,0,1
111401,-1.298880622,-0.76457801,0,1
111402,-0.822785934,-1.120507702,0,1
111403,2.11951871,1.419223946,0,0
111404,1.779968566,1.678401435,0,1
111405,-0.070848359,0.110649344,1,1
111406,-0.927639128,0.148376691,0,1
111407,-1.000259279,-1.602393595,0,1
111408,-0.767027614,0.872145775,0,1
111409,0.096991383,0.602852599,0,0
111410,0.017095654,-0.918714269,0,1
111411,0.519477424,0.094832367,1,1
111412,1.315911441,1.354977772,1,1
111413,-0.296318068,0.121297325,1,1
111414,-0.895330905,-0.85977507,0,1
111415,-0.576560551,0.492085666,0,1
111416,-0.52020317,1.54539032,1,0
111417,0.473473909,-0.268546549,0,1
111418,1.015787716,-0.734922295,0,1
111419,-0.644352966,1.347259481,0,0
111420,-1.306612248,-0.149642366,0,1
111421,-0.379605004,-0.733595299,0,0
111422,0.985814919,0.862553522,0,1
111423,0.677214166,0.023017603,0,0
111424,0.641660458,-2.002199114,0,1
111425,-0.404723372,0.03746479,1,1
111426,-0.589539751,0.185775078,1,1
111427,2.382441386,0.112675198,0,1
111428,0.411341603,0.202738185,0,0
111429,-1.198043848,-1.488051017,0,1
111430,-1.620181326,0.281073899,0,1
111431,-2.03936281,0.642864675,0,0
111432,-0.202135553,0.451925158,0,1
111433,-1.326731107,1.552660425,0,1
111434,-0.059070025,-1.89336527,0,1
111435,1.233520293,-1.27328621,1,1
111436,-1.221939657,-1.197673971,1,0
111437,-0.310332513,0.587234479,0,0
111438,0.558141495,2.521371113,0,1
111439,-0.663395136,-0.456674817,0,0
111440,-1.363638649,-1.09684062,0,1
111441,1.120665904,-0.503104066,1,1
111442,0.45173657,0.032024042,1,0
111443,-1.050234808,-0.824199212,0,0
111444,-1.875171928,-0.202970372,0,0
111445,0.079145316,-0.304000916,0,0
111446,0.99337636,-1.32455545,0,1
111447,0.046498543,-1.003816556,0,0
111448,0.380720546,-0.896718338,0,1
111449,0.812570581,0.637361185,1,1
111450,0.33271194,0.258236802,0,1
111451,0.28574388,0.3332794,0,0
111452,0.531806707,-0.354765687,1,0
111453,-1.120814571,-0.043793072,0,1
111454,0.513008285,0.511598224,0,1
111455,1.73005528,-0.49930408,0,0
111456,-1.410783629,-0.544828655,0,1
111457,-0.422594113,-0.804957081,1,0
111458,-1.039206013,-0.136371551,0,0
111459,-0.069111463,-1.038271513,1,1
111460,-1.144435949,0.369963143,0,1
111461,0.471586944,-0.818661629,0,1
111462,-0.172005161,0.496622859,0,0
111463,0.130761695,1.562581221,0,1
111464,-1.342197432,-1.556769176,0,1
111465,0.722829078,0.350118268,1,1
111466,-0.548043983,1.087258762,0,1
111467,-0.644978497,0.511878415,0,1
111468,-0.179442197,-0.775031363,0,0
111469,-0.423889967,1.171525085,0,1
111470,-0.38624661,1.508257404,0,0
111471,0.155428677,-0.253594717,0,0
111472,-1.004259799,0.676501262,0,1
111473,0.206143603,-0.07827505,1,1
111474,0.09990781,-0.121433943,1,1
111475,-1.196613889,0.65449179,0,1
111476,1.857149161,1.698026567,0,1
111477,0.105538269,-0.253519603,0,1
111478,0.08464625,-0.621393822,0,1
111479,0.281030685,0.374488272,0,1
111480,-1.202909103,-0.328851772,0,1
111481,0.874201692,0.900468741,0,1
111482,-1.258305551,1.095854887,1,1
111483,-0.285697415,-0.026705335,1,0
111484,-0.162983994,-2.113705396,0,1
111485,0.421073453,-1.608646747,0,0
111486,0.830076299,-1.30209786,0,1
111487,1.060173683,0.231078102,1,1
111488,0.608389333,-0.717006143,0,1
111489,-1.808979565,-0.980991712,1,0
111490,0.32083358,0.456775396,0,1
111491,-0.860592552,1.32538794,1,1
111492,-0.019037997,-1.64037312,1,0
111493,0.269267846,-0.772754255,1,1
111494,0.822154926,0.224953497,0,0
111495,0.150489883,-0.28885391,1,1
111496,1.123232884,-0.908909642,0,0
111497,0.336285807,0.041948145,1,1
111498,-1.033437699,-0.075334862,0,0
111499,-0.946199073,2.040431995,1,1
111500,1.015916973,-1.633788169,1,0
111501,-0.450598688,0.609590324,0,0
111502,1.173744381,0.871814589,1,0
111503,1.904723422,0.133491249,0,1
111504,1.281843839,-1.159186774,0,1
111505,0.870501891,-0.209635343,0,1
111506,-0.146671311,1.380591232,0,0
111507,0.968638877,-0.168129212,0,0
111508,2.552230163,1.258829699,0,1
111509,-0.441769294,-2.422844229,1,1
111510,0.27781194,-0.391055165,0,0
111511,-0.626538655,-0.495612159,0,0
111512,0.1531314,1.314912513,0,1
111513,-0.980318226,-0.070380347,0,1
111514,-0.201751119,-0.823773552,1,1
111515,0.281295785,1.772111339,1,1
111516,0.616178612,0.071113972,1,1
111517,-0.438782181,0.04678735,0,1
111518,-1.717542947,-0.060177993,0,1
111519,-0.193299763,0.47735281,0,1
111520,0.9485047,0.745329422,0,1
111521,-0.13193723,-0.517409269,0,0
111522,-0.627393073,-0.781705901,1,0
111523,-0.615064838,-0.123127431,0,1
111524,-1.220252049,0.443228591,0,1
111525,-0.108507205,-0.834885737,1,1
111526,-0.640129674,0.838910112,0,1
111527,0.904153285,2.38872128,0,0
111528,0.567122842,-0.675605128,1,1
111529,-0.721145781,0.389152207,0,1
111530,0.805636653,1.407746536,1,1
111531,-0.874225931,0.100979602,1,0
111532,-1.161592516,0.379874696,1,1
111533,-1.013397893,1.455274358,0,1
111534,-0.778015669,0.609133662,0,0
111535,0.151129106,0.049084608,0,1
111536,-1.804273305,-0.091102913,0,0
111537,-0.979550878,-0.585000077,1,0
111538,0.488720979,2.717428733,0,1
111539,1.898205964,0.516636199,0,0
111540,0.385392765,-0.350833911,0,0
111541,-1.001035116,0.442974744,0,1
111542,-0.444448217,1.756205799,0,1
111543,2.146384552,2.140420777,0,0
111544,-0.635496565,-0.507267381,1,1
111545,-1.210918887,0.648398075,0,1
111546,-0.854835666,-0.603773367,0,0
111547,-0.887569617,-0.55683344,0,1
111548,1.653725892,-2.466667068,0,1
111549,0.525892821,-0.806398646,0,1
111550,2.344212723,0.827985527,1,1
111551,-1.018750997,-0.610749324,0,1
111552,-0.569930871,1.150657995,1,1
111553,1.694467402,0.15361751,0,1
111554,-0.143221076,1.043745011,0,0
111555,0.027361259,0.467955916,0,1
111556,0.221304047,-0.788258817,1,0
111557,1.363263053,-0.591859475,0,0
111558,1.937799249,1.180183836,1,0
111559,0.193700851,-1.243785679,0,1
111560,1.675827097,0.315378142,0,1
111561,0.893568945,1.476935385,0,1
111562,-1.120002715,0.363630444,0,1
111563,-0.376926156,0.319488753,1,0
111564,0.457126775,-1.663573891,1,1
111565,-0.228079476,0.089649103,0,1
111566,-1.252325069,-0.735347543,0,1
111567,0.124634866,0.686242624,1,1
111568,-0.146703944,-0.698785554,1,1
111569,-1.004171239,-0.357271253,0,0
111570,-0.799022846,0.595315775,0,0
111571,0.252999152,-0.650255878,0,0
111572,0.228025086,2.330463508,0,1
111573,0.752366783,0.254654299,1,1
111574,0.717125947,1.264247692,0,0
111575,-1.521350672,-0.426119479,0,1
111576,-0.617095306,-0.645683519,0,1
111577,2.114278225,0.510283003,0,1
111578,1.115799748,0.298932269,0,1
111579,2.752864283,-2.010038748,0,1
111580,-0.484384803,-0.440621295,0,0
111581,-0.348793548,0.91450184,0,1
111582,0.090204427,0.650533757,0,1
111583,1.042308035,0.225408024,1,0
111584,0.72852793,-0.440244279,1,0
111585,-0.644877892,-0.886200508,1,0
111586,0.084408033,-0.954141093,0,0
111587,-1.06995062,0.651408742,0,0
111588,-0.930412249,0.567428793,1,0
111589,-0.322155973,-0.578684867,0,0
111590,0.908625572,0.992311093,0,1
111591,0.214197794,1.410029592,1,1
111592,-1.681553667,1.080837684,1,1
111593,-0.803852679,-0.230860344,0,1
111594,0.358551193,-0.693636617,1,1
111595,-0.042642041,-0.42674337,0,1
111596,-0.227689154,2.104499288,1,0
111597,-1.856661684,-0.21471306,0,1
111598,0.392827601,-1.131654191,0,1
111599,-0.168249706,0.302876915,0,1
111600,0.359185229,0.823009189,1,1
111601,1.096900607,-0.330569754,1,1
111602,0.087567919,-1.419321389,0,1
111603,-0.052504222,-1.451072828,1,1
111604,0.010873766,0.823422497,0,0
111605,0.413222644,0.091215785,0,0
111606,0.807012584,1.071199872,0,1
111607,-0.828613884,1.186114471,1,1
111608,-0.756422142,-0.445525721,0,1
111609,0.725750588,0.177594459,0,1
111610,-0.023155517,0.172730879,1,0
111611,1.313343363,0.068016945,0,1
111612,0.745472098,0.720070696,0,1
111613,2.087698764,1.383315803,0,0
111614,0.704485009,0.719540951,0,0
111615,0.168934154,-0.162243762,0,1
111616,-0.012469144,0.024400106,0,0
111617,-0.449223816,-0.413633244,0,0
111618,-0.063495763,-0.324260025,0,1
111619,-0.193615781,-0.166727109,0,1
111620,0.905852994,0.792343169,0,1
111621,1.024638297,1.245064806,0,1
111622,-0.720469246,0.028871254,1,1
111623,0.301338297,0.44223568,0,1
111624,0.512722705,1.42022514,0,1
111625,-0.548931176,0.230782527,1,0
111626,-1.2169151,0.417018141,0,0
111627,-1.592376195,0.360497861,0,1
111628,1.240838853,0.621866101,1,1
111629,-1.063798689,-0.774853449,1,1
111630,0.617026404,-0.112373037,1,1
111631,-2.178310088,1.416947609,1,1
111632,0.185618058,-1.429545567,0,0
111633,0.234404718,2.214497101,0,1
111634,-0.146548209,-0.161558712,1,0
111635,-0.641696547,0.647018364,0,1
111636,0.251357278,0.811842908,1,0
111637,-0.725751923,0.72890757,0,1
111638,-1.178005567,0.496469401,1,1
111639,-0.791880139,0.038394744,0,0
111640,-1.558653346,0.097935278,0,1
111641,-0.019777214,-1.528463154,0,0
111642,1.731205704,0.622348333,0,1
111643,-1.08966703,-1.007512687,0,1
111644,-0.249001519,-0.567600612,0,0
111645,-0.092903645,-2.167807843,0,1
111646,1.6923503,-0.717418963,0,1
111647,1.212087003,-0.168022937,0,1
111648,2.447812887,0.858945687,1,1
111649,1.062407815,1.195746588,1,0
111650,0.083496256,0.150714111,0,1
111651,-0.125449755,0.361545638,0,1
111652,0.075772006,0.362102465,1,1
111653,-0.793665286,-0.416593865,0,0
111654,0.554366101,0.02099295,0,1
111655,0.484645627,0.670970939,0,0
111656,0.887991402,0.49394901,0,1
111657,-0.232271203,-0.865227219,0,0
111658,1.15785723,-0.692675218,1,1
111659,0.000116634,1.617718668,0,1
111660,-0.792982538,-0.272462891,0,0
111661,0.118493113,-1.78650883,0,0
111662,-1.068975624,1.251364851,0,1
111663,0.452096311,0.825522269,1,0
111664,0.255808348,-1.95283878,0,1
111665,-1.018548083,-2.226197738,0,1
111666,0.641721601,2.710259585,1,0
111667,-1.567374686,1.071138706,0,0
111668,1.089475729,0.186729657,0,1
111669,-1.370511669,-0.866686361,0,0
111670,-2.020016237,-0.125562831,0,0
111671,0.217517566,0.822048537,0,0
111672,-0.204182876,-0.847785034,0,0
111673,-0.690116221,-0.131628217,0,0
111674,0.301389971,1.390970165,0,1
111675,2.046487287,-0.007945491,0,1
111676,-1.077845155,1.228423626,1,1
111677,2.556969702,-0.753749806,0,0
111678,-0.497454874,-0.120340807,1,0
111679,0.022185775,-0.676415191,1,0
111680,-1.386702678,0.612337081,1,1
111681,-0.135176445,1.129083719,1,1
111682,0.544329817,1.020116686,1,0
111683,0.062999746,0.701428766,0,1
111684,-0.72735412,0.502550361,0,1
111685,1.011409823,1.32801864,0,1
111686,-0.293610601,0.600354751,0,0
111687,1.306732422,-1.555622916,0,0
111688,-0.356423521,0.58509235,1,1
111689,-0.282480231,-0.653665044,0,0
111690,0.442739708,-0.464426944,1,1
111691,0.080966076,-1.541108013,0,1
111692,-0.459044389,0.291488461,0,1
111693,-0.088917267,-0.033398004,1,0
111694,0.3289293,1.105822509,0,1
111695,-0.232410001,-0.011310659,1,0
111696,0.086151714,-0.466557317,0,1
111697,-0.774631212,0.855592385,0,0
111698,-1.151052771,0.605589837,1,0
111699,-0.199009269,-0.329098176,0,1
111700,0.335357145,0.486451739,0,1
111701,-1.02718213,-0.024973756,0,0
111702,-0.432103976,-0.731008852,0,1
111703,-2.08116964,0.859447569,0,0
111704,0.898874011,-1.156794804,0,0
111705,-0.09848329,-1.216305553,1,0
111706,-0.348617092,-0.631234306,1,1
111707,1.356809995,-1.364479328,1,1
111708,-1.781988828,-0.347457012,1,0
111709,-0.286948386,1.967984639,0,0
111710,-0.757025298,1.477832522,0,0
111711,0.507246094,1.655290496,1,1
111712,0.280193221,-1.61010932,0,1
111713,-0.924291861,0.548395285,0,1
111714,-0.882947478,2.393570171,0,0
111715,-1.826516167,-0.626839859,0,1
111716,0.47271138,0.022131301,1,1
111717,-0.469864655,1.450006408,1,1
111718,0.077470686,1.078520714,1,1
111719,-0.418055119,1.04314593,0,0
111720,0.234338811,-1.619283269,1,1
111721,-1.211030156,1.129842066,1,0
111722,0.002871917,1.145731717,0,0
111723,0.728496794,-1.118083783,0,0
111724,-1.189694363,-0.101836001,0,0
111725,0.169691446,-0.695635509,0,1
111726,0.511042915,-0.214256357,0,1
111727,-0.756769321,0.255036067,0,1
111728,-0.643043997,-1.450739454,1,1
111729,1.572201431,-1.967708211,0,1
111730,-1.657566094,0.829353494,0,0
111731,0.263447142,-0.567433758,1,0
111732,1.940783034,-0.394367523,0,0
111733,-0.112442343,0.015557181,0,1
111734,0.612418033,0.690521046,0,1
111735,1.362357968,-0.467553705,0,1
111736,-0.045867906,-0.299598759,0,1
111737,-1.328888336,-0.329234953,0,1
111738,0.332739039,0.114593944,1,1
111739,1.428078164,0.198687358,0,0
111740,-0.99060294,-0.515554159,0,1
111741,-0.816409328,-0.600794949,0,1
111742,-0.088380477,0.762356451,1,1
111743,0.86394186,-0.913008352,0,1
111744,0.420436328,-0.068283208,0,1
111745,-0.351224071,-0.667922822,0,1
111746,-0.73567929,-0.531829512,0,1
111747,1.043510578,0.940458139,0,1
111748,0.829801017,-2.274712093,1,0
111749,1.243605853,0.303719955,0,1
111750,0.865912221,-0.17126366,0,1
111751,0.1847522,1.334531341,0,1
111752,1.013471037,-0.927115133,1,1
111753,-0.794839218,0.448879295,1,1
111754,0.197899225,-0.889162806,0,0
111755,-0.058086426,-0.681472018,1,1
111756,0.583874705,2.274703379,0,0
111757,-0.907666872,0.443052669,1,1
111758,0.420881485,-0.200657455,0,0
111759,-0.376740007,-0.345124424,0,0
111760,-1.463843006,-1.975298903,0,0
111761,-0.862126608,-0.60363562,0,0
111762,0.746488042,-1.101195841,1,1
111763,-0.52360367,1.072510855,0,0
111764,0.795767677,0.478202825,0,0
111765,1.104378205,2.654947295,1,1
111766,-0.100226583,0.610281687,0,0
111767,-0.129017027,-0.18308657,1,1
111768,-0.898318378,1.691708476,0,1
111769,0.193052206,1.533969111,1,1
111770,0.383643189,-0.865622672,0,1
111771,0.017867595,0.647999499,1,1
111772,0.218141685,-1.816287051,0,0
111773,0.017016409,-0.387555176,0,0
111774,-0.413653074,-1.369110399,0,1
111775,1.888867121,0.983472603,0,1
111776,-0.827084891,-0.223304794,1,1
111777,1.291836744,-1.625321926,0,1
111778,1.576438056,0.363067967,0,0
111779,0.475129075,-0.160484731,0,0
111780,0.440854747,1.957967207,0,1
111781,0.110178193,-0.686722741,1,1
111782,-0.522894132,1.044314959,1,0
111783,0.278174383,0.236284142,0,1
111784,-0.548954025,1.413055233,1,1
111785,0.130563101,-0.806863825,0,1
111786,-1.749824499,-1.224522144,1,1
111787,0.407593461,-0.880727898,0,1
111788,-2.030958872,-0.840856331,0,1
111789,-0.147736082,0.592183177,0,1
111790,-2.532554525,-0.050867406,0,0
111791,0.9000359,-0.867728174,0,1
111792,-0.576959678,0.200872224,0,1
111793,-0.992314214,-0.914622711,1,1
111794,-0.116200282,0.176972309,0,1
111795,0.574860775,0.016208743,0,0
111796,0.00268653,0.249387081,1,1
111797,-0.873989044,-2.09755927,0,1
111798,-0.901732961,-0.486628027,0,0
111799,-0.818430255,-1.138029088,0,1
111800,1.062592339,-0.831040134,1,0
111801,-0.367418975,0.575272595,0,1
111802,0.439350841,-0.728152181,0,0
111803,-0.888529626,-0.067105703,0,0
111804,-0.692840554,-0.130901865,0,0
111805,-0.861649625,0.415803973,0,0
111806,-1.413127749,-0.213518846,0,1
111807,0.291430618,0.292820132,1,1
111808,2.417832258,-0.229360719,0,0
111809,0.144146379,-0.093066964,0,0
111810,1.905201556,1.007353873,1,0
111811,1.931466346,-0.57541199,1,0
111812,0.165389605,0.051240021,1,1
111813,-1.151563957,0.343912908,0,0
111814,-0.988402653,1.053936394,1,0
111815,-0.209094157,-1.520768215,1,1
111816,-0.559737242,0.047011006,1,0
111817,1.746120345,0.867553887,1,1
111818,0.092654421,0.876130789,1,0
111819,0.1718086,-0.889852086,1,0
111820,0.413033337,0.860312245,0,0
111821,3.050754935,0.296551612,1,1
111822,-0.481842807,0.930786517,0,1
111823,0.689846663,1.581266267,0,1
111824,0.750367128,-1.70946778,0,0
111825,-0.060824996,1.28857444,1,0
111826,1.709791758,-0.831333914,1,0
111827,-0.216024169,0.655168667,0,1
111828,-0.408910381,-0.257269556,0,0
111829,0.910168621,1.014130953,1,0
111830,1.142119103,0.504778892,1,1
111831,-1.009337073,-0.13717058,1,1
111832,-0.985284662,-0.508033529,0,0
111833,0.57522532,0.165885088,1,1
111834,2.210038203,0.263573694,1,0
111835,0.40907223,-0.027584597,0,0
111836,0.771282219,1.666318801,0,0
111837,0.169705276,1.524133445,1,1
111838,-0.098230528,1.076792566,1,1
111839,-0.078676,-0.103105747,0,1
111840,-2.022289571,-1.800888714,1,1
111841,-0.121153406,0.753489471,1,1
111842,-0.042805922,-0.843799014,1,1
111843,-0.959727678,0.752813777,0,0
111844,-1.022031116,0.835411635,0,0
111845,0.696451641,1.497748587,0,0
111846,2.461294785,-0.251132432,0,1
111847,-0.114295049,1.44549692,0,0
111848,-0.045759348,-1.561866312,0,1
111849,-0.767819336,0.387223236,0,1
111850,-1.212917545,2.01871396,1,1
111851,1.300920945,-0.930652033,0,1
111852,-0.851313272,0.136584225,0,1
111853,-0.424254423,-0.102721041,0,1
111854,0.680641513,-0.195416798,0,1
111855,1.427281637,0.866843638,0,0
111856,1.022122385,-1.15350879,1,0
111857,-1.432601175,-0.018545182,0,1
111858,1.790855581,1.215760888,0,0
111859,0.744838191,1.246529867,0,0
111860,-1.108642065,-1.440572561,0,1
111861,1.300336179,-0.607422658,1,1
111862,-0.801551011,0.608795016,0,1
111863,-0.247614624,-0.121897811,1,0
111864,0.341715924,0.174731809,0,0
111865,-1.626681709,-0.468942918,0,0
111866,0.724457413,-0.68660674,0,0
111867,-0.32193313,-0.29034396,0,1
111868,-2.551773782,0.10159931,0,0
111869,-0.611025352,0.585753439,1,1
111870,0.259585501,-0.794770027,0,0
111871,0.4671752,-0.48548025,0,1
111872,-0.687439387,-1.461392438,0,0
111873,0.438768719,-0.151452203,1,1
111874,-0.515454035,-1.565753518,0,0
111875,1.099398821,-0.282413368,0,0
111876,0.340486138,0.305451137,0,1
111877,-1.372904623,0.687461505,0,1
111878,-0.254926811,-0.202538195,0,0
111879,-1.940731413,1.226721873,0,0
111880,0.10290038,-0.215831413,0,1
111881,-0.694635807,-0.058426338,1,0
111882,0.638357059,-0.08204229,0,0
111883,0.471527521,-1.094015741,0,0
111884,-1.832323894,-0.779519247,0,0
111885,-0.359472439,-1.038645368,0,0
111886,-0.072523604,-0.268754306,1,1
111887,-1.885550063,0.738930204,0,0
111888,-0.22668407,-1.154108938,0,1
111889,-1.519595228,2.279147521,1,1
111890,-0.491671124,-2.131139717,0,1
111891,-1.457350541,0.079862498,1,0
111892,-0.739779304,-0.246919529,0,0
111893,-0.044476485,-0.033888777,1,1
111894,-0.039223608,-0.178084756,1,0
111895,1.614190628,-0.358364524,0,1
111896,1.106484484,0.207169383,0,1
111897,0.954339231,0.558892475,0,0
111898,1.13800979,2.540514262,1,0
111899,-0.082706418,0.444621338,0,0
111900,1.896403907,0.237580561,0,1
111901,-2.643424964,-0.448990935,0,1
111902,-0.358907167,0.133194011,0,1
111903,-0.644241846,2.317369766,1,0
111904,2.183720442,-1.628971422,0,0
111905,-0.924831003,1.05808814,0,1
111906,-0.814335235,-0.411558562,1,0
111907,-0.78821289,1.40854756,0,0
111908,-0.072042908,1.255251473,0,0
111909,-0.578496323,0.797490249,1,0
111910,-0.263687077,0.192493685,0,0
111911,-0.428857041,-0.259659062,0,1
111912,-0.091283051,0.250197958,0,1
111913,0.783551427,-0.952353873,0,1
111914,-1.321655086,1.261130922,0,0
111915,2.040316692,0.961840405,0,1
111916,1.308688261,-0.371739298,0,0
111917,0.615975414,0.433866612,1,1
111918,0.174848835,-0.849505604,0,1
111919,-1.619495936,1.243433094,1,0
111920,0.781318828,-0.658758861,0,0
111921,0.353186295,-0.456304061,1,0
111922,0.930411846,0.530260425,0,0
111923,1.550208677,0.130256709,0,0
111924,-0.081433727,0.042532871,0,0
111925,2.799523947,0.689504994,0,0
111926,0.112459842,0.905342517,0,0
111927,-0.233355673,0.358255052,0,1
111928,1.017560978,-2.584744457,1,0
111929,-1.320878203,-1.242954923,1,0
111930,-0.337289402,-0.349021399,1,1
111931,0.456515033,0.67209977,0,1
111932,1.474417091,-0.317291718,1,1
111933,-0.392065722,-0.472670029,1,1
111934,-0.893321859,0.20070396,0,1
111935,-1.218853229,1.154888514,1,0
111936,0.267058622,0.819482771,0,0
111937,1.621035686,-2.266939144,0,1
111938,-0.133167892,-0.597683602,0,1
111939,0.463277162,0.842539427,0,0
111940,0.431577911,0.136706843,1,1
111941,-0.16781561,0.928200693,1,1
111942,0.029244218,1.697865029,0,0
111943,-0.507937326,1.828316166,1,1
111944,-1.181349002,0.274008127,1,1
111945,0.080433185,-0.702152473,0,1
111946,-1.353819621,0.931331569,0,1
111947,0.000977389,0.956048566,0,1
111948,1.78501825,0.677156176,1,1
111949,0.963404165,-0.378523617,0,1
111950,1.429558752,1.532273076,1,1
111951,0.571922832,-0.217232618,0,1
111952,0.054317984,0.155997586,1,1
111953,0.467809544,-0.005600139,0,1
111954,-0.286385381,-0.166561545,0,1
111955,0.00590598,1.228417795,1,1
111956,-0.927793711,-1.934865609,0,0
111957,-1.51570586,0.227808556,0,1
111958,0.280910501,1.174778544,0,0
111959,2.486085021,-0.160338814,1,1
111960,1.062696973,-0.577316804,1,1
111961,1.105920517,0.287742395,1,0
111962,-1.191776132,0.329842627,0,0
111963,0.526069707,0.390473409,0,1
111964,-0.271637241,1.478759499,1,1
111965,1.145357307,0.694011963,1,1
111966,-0.690783449,-0.387207737,0,0
111967,0.827540271,1.711660903,1,1
111968,1.038037516,-0.175324186,0,1
111969,0.165562403,1.243052982,0,1
111970,-1.290654595,-1.396406656,0,1
111971,1.057770465,0.144805394,1,1
111972,-0.93264748,-0.181618436,0,1
111973,-0.342556209,0.511839404,0,1
111974,-0.116971275,0.443515218,0,1
111975,1.592020489,0.200004507,0,0
111976,-0.097884453,-0.504849251,1,1
111977,-0.467775296,-0.100159179,1,1
111978,1.028330688,0.795971526,0,1
111979,-1.472236468,1.880263106,0,1
111980,-0.543715246,-0.540788857,0,0
111981,-0.166471788,2.062063387,0,0
111982,0.643194534,0.233658445,0,0
111983,-0.579781039,0.182477352,0,1
111984,2.28168286,0.874326925,1,0
111985,-0.440859979,-0.341717113,0,0
111986,0.606927675,0.964645992,0,0
111987,-1.146995952,0.391144644,0,0
111988,0.723281843,1.261100177,0,1
111989,-1.204383696,2.30708653,1,0
111990,-0.405410017,-0.438092187,0,1
111991,-0.499896778,0.58764684,0,1
111992,-0.926541594,1.736982224,0,1
111993,-0.459549548,0.125821968,0,0
111994,-1.11994657,-0.521886954,0,1
111995,-2.013430052,-0.0287084,0,1
111996,-0.103142458,-1.761313157,0,1
111997,-0.18516672,0.504076821,0,1
111998,1.354566765,-0.907952203,1,1
111999,-1.818044589,-0.122732897,0,1
112000,1.794486017,-0.320509513,0,1
112001,-0.471275519,1.084072427,0,0
112002,-0.379223276,-0.362273884,0,0
112003,-0.681070668,0.115207784,0,1
112004,-0.017574699,0.162635156,0,0
112005,0.10286154,-1.55748072,0,0
112006,0.648846945,-1.392276436,1,0
112007,-0.30065675,1.2514153,1,0
112008,0.595389557,1.532119449,0,0
112009,-0.479742779,-0.555070171,0,0
112010,1.175624841,0.150469043,0,0
112011,2.077009079,-0.920518035,0,1
112012,0.733301696,0.636084384,1,0
112013,1.191315642,0.623928126,1,1
112014,0.710681175,0.175948562,1,0
112015,0.987199202,-0.463147012,0,1
112016,0.934117327,1.887001131,0,0
112017,-0.689806608,0.716917213,0,0
112018,0.442476119,-0.931510863,0,1
112019,0.11266588,0.907042262,0,0
112020,0.772750039,-0.860429082,1,0
112021,0.282622057,0.479894361,0,1
112022,0.924760922,0.057411345,0,1
112023,-0.556591743,1.122345694,0,0
112024,-1.071532966,-0.634260317,1,1
112025,0.772129515,0.332998337,1,1
112026,0.151869769,-0.800035599,1,0
112027,0.916746701,0.57846243,0,1
112028,1.95459052,0.700357718,0,0
112029,-1.383741012,0.105243261,1,1
112030,-0.088661527,-0.156838694,0,0
112031,-0.198886837,0.164767311,0,0
112032,-0.739111378,-1.589668599,0,0
112033,0.408374081,1.094751915,0,1
112034,0.460323923,0.295215944,0,1
112035,-0.768501003,0.862462581,1,1
112036,-1.968149162,2.035826937,1,1
112037,-0.553914175,0.713511715,0,0
112038,-0.457618017,0.107850364,1,0
112039,-0.342393747,-2.002653897,1,1
112040,0.628277024,-1.069136321,0,1
112041,-1.149694478,-0.486013739,1,1
112042,-0.285668346,0.351715406,1,0
112043,-0.511003623,2.68278794,1,1
112044,-1.539837814,-0.326044417,1,1
112045,0.485551741,1.088199081,1,0
112046,0.628960314,0.846638783,0,0
112047,-0.693198887,0.595249915,1,1
112048,1.302804542,0.492482167,0,1
112049,2.394680923,-0.059391346,1,0
112050,-0.330438278,-1.72079809,1,1
112051,-0.44018688,0.513301406,0,0
112052,0.896554724,1.397130164,0,1
112053,0.220310221,-0.569023144,0,1
112054,-1.318504282,-0.182183118,0,1
112055,-1.026759935,-0.199926714,0,1
112056,-1.387912809,-0.35435197,0,1
112057,-0.631902794,1.019308133,1,1
112058,-1.169609791,-1.685735722,0,0
112059,0.784374259,1.505890184,1,1
112060,0.773250115,-0.142166493,0,1
112061,-0.858655647,-0.209557832,0,0
112062,-0.394898904,-1.200887944,0,1
112063,0.013218271,1.287966927,0,1
112064,0.85449315,0.353126215,0,1
112065,-0.057120709,-0.979311909,0,1
112066,1.090262908,-1.437052065,0,0
112067,-2.143151808,-0.062512676,0,1
112068,-0.423203901,-0.354493015,1,0
112069,0.725128776,0.539251577,0,0
112070,0.664196846,1.090669062,0,1
112071,-1.268311846,1.749072238,0,1
112072,-0.853481376,0.3095915,0,1
112073,1.873908079,1.628865159,0,1
112074,1.413377253,-0.021633315,0,1
112075,-1.458524379,-1.069271368,0,0
112076,-0.316695514,-0.684153707,0,1
112077,-0.71766427,-0.235847507,1,1
112078,-0.639505239,-0.51608355,1,0
112079,0.09250473,-0.990778485,0,0
112080,0.718174166,0.946472729,0,1
112081,-0.457831382,0.009846405,0,0
112082,1.518365632,0.801017272,0,1
112083,1.616816515,0.770958421,1,0
112084,1.031419561,-0.565791447,0,1
112085,-0.029671412,-0.76330808,0,1
112086,0.083876039,0.543609157,1,1
112087,0.235061668,-1.497361769,0,1
112088,-0.789818229,-1.177977669,0,1
112089,0.312211033,-0.392558671,0,0
112090,0.269753051,-2.072002755,0,0
112091,0.098786468,-1.020716599,0,1
112092,0.713349239,0.771547625,0,1
112093,0.555724468,0.941994389,0,1
112094,0.810267328,-0.517312679,0,1
112095,-1.445273828,0.714491555,0,1
112096,0.321854711,-2.276877119,0,1
112097,-1.71442628,-1.294080399,1,0
112098,-0.078915595,-1.399616628,0,0
112099,0.655081925,-0.509884203,0,0
112100,1.546226007,0.426706697,0,0
112101,-0.130471518,0.421848684,0,0
112102,-0.93323158,1.446001341,0,0
112103,1.050432088,0.246567425,0,1
112104,1.933233212,-1.465328836,1,0
112105,0.809485494,1.204135244,0,1
112106,0.49667023,-0.15557696,0,1
112107,-2.059901909,1.085201061,0,1
112108,-0.426644477,-0.071370952,0,1
112109,0.986405985,0.989060337,0,1
112110,-1.155704929,-0.987524118,0,1
112111,-0.707756143,0.688990161,0,1
112112,1.079510833,0.502396535,1,1
112113,-0.440587214,-0.143723893,0,0
112114,1.386266437,-1.123781344,0,1
112115,0.779821787,-0.107071435,0,0
112116,0.489646331,0.025048706,0,1
112117,1.031514207,0.530698662,0,1
112118,0.070454398,2.264794296,0,1
112119,1.250852048,0.27157631,0,1
112120,0.775492746,0.117147863,0,0
112121,-0.691245224,-1.723165642,1,1
112122,2.064662643,-0.439300561,0,0
112123,0.589091367,1.264796065,0,1
112124,-0.439053452,-0.27780717,0,1
112125,0.51915328,0.528129372,1,0
112126,0.033218635,-1.055792996,0,0
112127,1.289091679,0.76273567,1,0
112128,0.181915985,0.804784659,0,0
112129,-3.243878042,0.063452451,1,1
112130,-0.422840725,-1.960212199,0,1
112131,0.544841563,-0.984012659,0,1
112132,1.416197877,-0.141768798,0,1
112133,0.666577464,-0.578637627,1,1
112134,0.822430363,1.417210239,0,1
112135,-1.574051554,0.618025202,0,1
112136,-1.64769326,-0.114592387,0,1
112137,0.259571233,-1.092170358,0,1
112138,-0.330952091,1.496818385,0,1
112139,0.89533409,1.034392917,1,1
112140,1.63036469,-0.315632422,1,0
112141,1.001736878,-0.602554087,0,1
112142,1.248232054,-1.128353428,0,0
112143,-0.830230442,1.748075373,0,1
112144,0.60891569,0.329224802,1,1
112145,-0.18030478,-0.380968108,1,0
112146,-0.074654559,-0.088498141,1,1
112147,0.682206469,1.701340782,0,0
112148,-0.839961135,0.179394633,1,1
112149,0.811400736,-0.276248446,0,0
112150,0.822727268,-1.377095742,0,1
112151,2.301111601,0.339059246,0,1
112152,-0.044316671,-0.713250821,0,1
112153,-0.26510705,0.740598654,0,1
112154,2.390075056,-1.298516548,0,0
112155,-0.097729717,-1.122361589,1,0
112156,-1.21045248,0.089875094,0,0
112157,-0.500853597,0.334222458,0,1
112158,0.69407605,-1.250713871,0,1
112159,-0.531211296,-0.276429312,0,1
112160,-2.169283371,-0.257651383,1,1
112161,-1.275093113,-0.221966156,1,1
112162,-0.046501114,-1.876443424,1,1
112163,-1.11355057,0.394622922,0,1
112164,0.889791686,1.895737483,0,0
112165,0.350790186,-0.656424988,0,0
112166,-0.919708288,-1.274979552,0,1
112167,1.027466197,-1.360621396,0,1
112168,-0.776403395,-0.127826233,1,0
112169,1.275287154,0.610524355,1,1
112170,-0.137102448,0.633224902,0,1
112171,1.923046556,-0.336221869,1,1
112172,1.143311508,0.615292941,0,1
112173,1.245858994,0.14676597,1,1
112174,-0.689459014,-1.04460152,0,0
112175,-0.194462418,-1.011525452,1,1
112176,-1.432949398,2.34253698,1,1
112177,-0.929182776,-0.48484665,0,1
112178,0.130541986,1.803167662,0,0
112179,0.665636214,1.39289878,1,1
112180,0.171602121,0.032169323,1,1
112181,0.212551307,1.228956512,1,0
112182,-0.891887089,-0.590001412,1,1
112183,0.931865965,1.400507452,0,0
112184,-1.452935772,-0.484778984,0,0
112185,0.497553806,0.604871236,0,1
112186,1.189227914,1.449005288,0,1
112187,-0.41294531,1.111467202,0,1
112188,-0.868501099,1.059727397,0,1
112189,-0.176662492,0.448431737,0,0
112190,0.78748777,0.886735601,0,1
112191,0.378079081,0.329140552,1,1
112192,-1.257180053,0.45267303,0,0
112193,-0.64506663,-0.490878669,1,1
112194,0.40864191,1.589360687,1,1
112195,0.989888565,-0.070387407,1,1
112196,-0.187874332,-0.713925732,0,0
112197,0.055912203,-2.321680587,1,1
112198,-0.123208263,-0.644021667,0,1
112199,-0.167665829,-1.51074968,0,1
112200,-0.414722549,1.495751511,0,1
112201,0.190918719,-1.118390184,1,1
112202,-0.455284748,0.13054879,0,0
112203,-2.285845459,2.360208071,1,0
112204,0.259258312,0.256922712,1,1
112205,0.780788295,0.561676047,0,1
112206,1.437853817,1.70087757,1,1
112207,-0.816025932,-1.94148646,1,0
112208,-1.696013743,2.202472968,0,1
112209,-1.077162909,1.505112638,0,1
112210,-1.066637137,1.296894951,0,0
112211,1.286711889,0.233669926,1,1
112212,-0.637026915,1.150314229,1,0
112213,-0.552488288,1.56183799,0,1
112214,-0.585025213,1.38707236,1,0
112215,-0.692400259,-0.742150887,0,0
112216,0.704368301,0.019728319,1,0
112217,0.641340905,2.789486741,0,1
112218,-0.921730739,-0.349378972,0,1
112219,0.137114027,-1.052151994,0,1
112220,-1.653837484,-0.919794254,0,0
112221,0.739998121,-0.707824835,0,1
112222,-0.700148118,0.485737776,0,1
112223,-1.008667184,0.918177222,0,0
112224,1.930986899,0.285027714,1,0
112225,0.446062657,-0.710524663,0,0
112226,0.284479466,0.482548407,0,1
112227,-1.267514004,-0.958547511,1,1
112228,-0.807774719,0.211884793,1,0
112229,-0.526812763,0.193383461,0,1
112230,-0.488526083,1.097430996,0,1
112231,-0.179743533,-1.012972488,1,0
112232,1.63084431,2.068925793,0,1
112233,0.771442009,0.463464327,0,1
112234,-0.025630588,0.444717665,0,0
112235,-1.071911759,-1.152219996,0,1
112236,0.584161737,-1.186788269,0,1
112237,1.820476689,-0.785030654,0,1
112238,0.54754228,-1.238971601,1,1
112239,-0.018724876,0.41781264,0,0
112240,-0.428884255,-0.631146087,0,0
112241,-0.269716805,1.305424442,1,1
112242,1.011808985,1.106142376,0,0
112243,1.038822086,1.519786792,1,0
112244,0.811844913,-2.281516356,1,0
112245,0.642982577,0.450870148,1,1
112246,-0.221326588,-1.472612955,1,1
112247,-0.680716504,-0.333204915,0,1
112248,0.87490587,0.719991414,0,1
112249,-1.159530837,0.609591301,0,0
112250,-1.919581892,-0.426635162,1,0
112251,-0.01610219,0.74700984,0,0
112252,-0.257841782,0.561621868,1,1
112253,0.295352983,0.487538469,0,1
112254,0.662658933,-0.282519766,0,1
112255,0.881126333,1.554347704,1,1
112256,-0.159483264,-2.262416942,0,1
112257,0.657797737,0.022093087,1,0
112258,0.482015915,-0.796564191,1,1
112259,-0.462671784,0.056737173,0,1
112260,-0.17474934,-0.054580732,1,0
112261,-0.492837528,-0.130579822,1,0
112262,0.683771877,0.537658432,0,1
112263,-1.263990098,0.213639592,0,1
112264,-0.72901856,0.37357656,1,1
112265,1.191946819,0.82114879,0,1
112266,-0.658319272,0.092973366,1,1
112267,0.383887617,0.455372617,0,1
112268,-0.855652229,0.52926159,0,1
112269,0.319254883,-0.955989605,0,1
112270,0.361386969,-0.446071886,0,0
112271,-0.89771232,-0.400103486,0,1
112272,-0.950527509,-0.718289383,1,0
112273,1.480793077,-1.295601452,0,0
112274,0.780502895,0.467008182,0,0
112275,1.523139508,2.001306917,0,1
112276,-0.145039737,0.316658954,0,0
112277,0.064949057,-1.102826405,0,0
112278,-0.437468194,2.768398055,0,1
112279,0.423670518,-1.55620735,0,1
112280,0.632704827,1.054003959,0,1
112281,0.708389983,-1.459792954,0,1
112282,0.26480701,-1.631477664,1,0
112283,-0.245289318,-2.787052656,0,0
112284,-1.840889725,0.332406498,0,1
112285,1.101267265,-0.115811288,0,0
112286,0.683400109,1.884163078,0,1
112287,-1.014050738,0.632232785,0,1
112288,1.252741638,0.181705982,0,1
112289,0.403427286,0.495278915,1,1
112290,-0.440095963,1.262007969,1,0
112291,-1.27756452,-0.403338196,0,0
112292,0.133966931,0.940965598,0,0
112293,-1.106314366,0.933945281,1,1
112294,-0.121419524,1.011164189,0,1
112295,2.165831736,0.948348545,0,1
112296,0.33485545,0.350820514,0,1
112297,0.643848454,0.60778386,1,1
112298,-0.846686487,0.247755467,0,1
112299,0.558893124,-0.948654269,0,1
112300,-0.107813779,-1.389024369,1,0
112301,-2.639568056,-0.199810368,0,1
112302,-0.322697469,1.526228197,0,0
112303,-1.428046962,0.595241233,0,1
112304,0.188075993,1.069037267,0,0
112305,-0.425196048,0.60533769,1,1
112306,-0.988048329,0.449276505,0,1
112307,0.142751849,-0.492433471,0,1
112308,1.142196509,0.135510644,1,1
112309,0.702908221,1.559803543,0,1
112310,1.317651769,1.075391952,0,0
112311,-0.203876922,0.349397318,0,1
112312,0.554364442,0.85317688,0,0
112313,0.579086736,-0.550325434,0,1
112314,-0.239255672,-0.195012111,0,1
112315,-0.375073727,0.769089635,0,1
112316,-1.778782608,-0.612125446,0,1
112317,-0.307718715,1.260833615,1,0
112318,-0.982942842,0.521074864,0,0
112319,0.118643987,-0.658611056,1,1
112320,2.075713315,0.712729431,0,1
112321,-0.498133161,1.180842801,1,0
112322,0.041293827,-1.184427579,0,0
112323,-2.96032211,0.652131424,1,1
112324,0.414322208,-0.879433461,0,1
112325,-1.48572808,-0.745760157,0,1
112326,-0.516065481,0.460002564,0,1
112327,0.277850019,-0.410960198,1,0
112328,-1.743585758,-1.232601205,0,0
112329,1.595616,-0.444550581,0,0
112330,1.240509668,0.907274377,1,0
112331,-1.655287675,0.774459484,0,1
112332,-1.043833655,-0.935581388,0,0
112333,0.795705599,-0.538161806,1,0
112334,-1.545994908,-1.15897022,0,1
112335,-0.403708655,0.667469274,0,0
112336,-1.490828042,0.034511724,1,0
112337,1.637294131,-1.325917018,1,1
112338,-0.529553134,-0.483168301,0,1
112339,-0.95667501,0.812258989,0,1
112340,-0.111837638,-0.089870171,1,0
112341,1.474673474,0.274094821,0,1
112342,-0.073643817,-0.069761023,1,0
112343,-0.783682616,1.209142197,0,1
112344,-0.454652365,0.024700581,0,0
112345,-2.050110029,0.639761168,0,1
112346,1.420786448,1.246630777,0,0
112347,-1.043793449,0.598483986,0,0
112348,0.05162858,-0.61984038,1,0
112349,0.524523253,0.666086969,1,0
112350,0.448142609,0.494382376,1,1
112351,-0.093436234,1.65065342,0,1
112352,-0.845004127,0.39583903,1,1
112353,-1.342091809,-0.102395556,0,1
112354,0.254376839,0.173946993,1,0
112355,0.683380014,-0.796673775,0,1
112356,-0.813784642,-1.2698923,0,0
112357,-0.832834869,-0.686982773,0,0
112358,-0.851619903,-1.375841262,0,1
112359,0.323736772,-0.278323908,0,1
112360,0.149260825,-0.397110374,0,1
112361,2.155846558,-1.978000099,1,0
112362,-0.596668291,-1.521015864,0,1
112363,0.700604688,-0.634757932,0,1
112364,0.266653621,-1.24184974,0,0
112365,0.029476901,-0.154857976,1,0
112366,-0.547693903,3.037878472,0,0
112367,0.281501103,-1.87881969,1,1
112368,2.176591116,-0.17248089,0,1
112369,-1.134830521,-0.718080875,0,1
112370,0.939926573,1.075074375,0,0
112371,0.477085094,-0.735551227,0,0
112372,0.689311534,0.269158874,1,1
112373,0.176319647,0.082448531,0,0
112374,-0.250043996,0.150979596,0,1
112375,-0.525645002,0.659956611,0,0
112376,0.236462676,1.939334792,0,0
112377,-1.19381319,1.248530016,0,0
112378,-0.902616821,-0.577658796,0,1
112379,-0.100660273,1.561608101,0,1
112380,-0.875443875,1.044815641,0,0
112381,0.993288699,1.220721083,0,0
112382,-0.616098858,0.833997608,1,0
112383,0.026735374,0.482824047,0,1
112384,-0.420297729,-1.937904849,0,1
112385,0.201083019,0.794182459,1,1
112386,0.925317953,0.369608249,0,1
112387,-0.354854988,-0.747515642,1,1
112388,0.822794425,0.908862887,1,1
112389,-0.038884659,0.259100043,0,0
112390,0.18758805,-0.493483787,0,1
112391,0.885863523,1.464994401,0,0
112392,-1.666634429,0.526963578,0,1
112393,0.416326151,-0.161895597,0,0
112394,-0.978302845,1.745940541,1,1
112395,-0.177138364,1.743211705,0,1
112396,0.882728437,0.059074408,1,0
112397,-0.171441184,0.186429708,0,1
112398,0.53029464,0.182660948,0,1
112399,-0.406251612,1.099765993,0,1
112400,1.6640582,-0.021326874,0,1
112401,0.157749389,0.751375695,1,0
112402,-0.33873205,-2.095238065,0,0
112403,0.154596054,1.077919255,0,1
112404,-1.296134232,-2.160763417,1,1
112405,0.596040934,-1.004898867,1,1
112406,-1.403704663,-1.181437334,0,1
112407,0.329912939,1.305877543,1,0
112408,-1.367546637,0.21055925,1,1
112409,0.295787641,0.209828933,1,1
112410,0.630428715,-0.024558445,0,0
112411,-1.430525204,0.236664154,0,0
112412,1.044105883,-0.260601775,0,1
112413,-0.826759874,0.806980094,1,0
112414,-0.534793138,-0.255965895,0,0
112415,0.833828494,0.574484232,0,0
112416,2.371879046,-0.393510865,0,0
112417,1.136376938,-0.868796048,1,1
112418,2.118692628,1.456851992,1,0
112419,0.770987633,-1.338148976,0,1
112420,0.543120166,-0.688315021,1,1
112421,0.737626045,0.172592484,1,1
112422,-0.16926624,1.95928715,0,1
112423,-0.826689182,-0.51068838,1,1
112424,0.741794632,-0.573854753,0,0
112425,-0.537203339,0.94060203,0,0
112426,0.926063387,1.960164777,0,1
112427,0.632692241,1.094059752,0,0
112428,0.051867185,-0.218520011,0,0
112429,0.194115769,-0.531480169,0,1
112430,1.166199383,-0.786781292,0,1
112431,0.806610119,2.081628366,1,1
112432,-0.064690267,1.294357737,1,0
112433,0.386848109,0.100402123,0,1
112434,0.856191143,0.688060022,0,0
112435,0.525236481,0.043651677,1,1
112436,-0.668185705,1.688117204,0,1
112437,0.308295316,0.861883806,0,0
112438,2.151836788,1.021135527,0,0
112439,-1.02175447,-1.087718687,0,0
112440,2.03514004,-1.648988861,0,0
112441,-0.707637821,0.69675916,1,0
112442,0.31843413,-1.45017604,0,0
112443,0.12621878,2.028121476,0,1
112444,-0.867403448,-1.549864216,0,1
112445,-0.642633531,0.127361232,0,0
112446,-0.402085166,1.030808087,0,0
112447,1.174806183,1.377455721,0,1
112448,0.960658692,-0.22998182,1,0
112449,-0.533513869,0.060923996,0,0
112450,1.041366668,-0.862829777,0,1
112451,0.328462482,1.038230214,1,0
112452,1.147063723,0.638254459,1,0
112453,-1.075765635,-0.228543187,0,1
112454,-0.081970715,-1.880483376,0,1
112455,-0.887376028,1.426780851,0,0
112456,-0.442844263,-1.481287529,0,1
112457,0.490470794,1.185708747,0,1
112458,-1.756440939,-0.178570269,0,0
112459,-0.876387178,-0.808092488,0,0
112460,-0.975045712,0.242244555,0,1
112461,-0.089876944,1.390210757,1,0
112462,-1.046286488,1.507284544,1,1
112463,0.02938804,0.108839852,1,0
112464,-0.815611274,0.426454685,1,1
112465,1.385260083,-0.884463305,1,1
112466,1.128221226,-0.687854031,1,1
112467,-0.458280988,0.26307009,0,1
112468,-0.037749128,-0.102177798,1,1
112469,-0.014133506,2.02712233,0,1
112470,0.158314097,-1.089545143,0,0
112471,-1.220061718,-0.292399653,0,0
112472,1.896855216,2.571272522,0,0
112473,0.951168304,-1.222935376,0,0
112474,-0.925145436,-1.186985463,1,1
112475,-0.912040221,-2.394462262,0,1
112476,0.566948637,-0.618079272,0,1
112477,1.863086953,0.412192139,0,1
112478,0.726596566,-1.804924048,0,1
112479,-0.501366937,-1.216931401,0,0
112480,-1.642962445,0.580497722,0,1
112481,0.06414718,-1.547728431,0,1
112482,1.310206655,0.616855679,0,1
112483,-0.64066104,0.556422905,1,1
112484,0.160423923,-0.612065572,0,1
112485,-0.728496524,0.70705543,0,1
112486,0.323467844,-1.502018374,1,0
112487,0.764403554,-1.259615047,1,1
112488,-0.537974666,0.842827438,0,1
112489,-0.15808733,0.894803332,0,1
112490,1.912632328,-0.723938802,0,1
112491,0.615426521,0.874358725,0,1
112492,1.250426369,0.134459319,0,0
112493,-0.896068346,-1.533461305,0,0
112494,0.737952693,1.020213809,1,0
112495,0.991190548,0.662287748,0,1
112496,-1.040656379,0.953848543,0,1
112497,-1.910183622,0.778447836,1,0
112498,-1.057939197,-1.122270458,0,1
112499,-1.418637864,-1.859715148,0,1
112500,0.913822193,-1.35383977,0,0
112501,0.318763503,1.511103874,1,0
112502,-1.136626777,0.642459906,0,1
112503,-1.127881745,-0.553565983,1,1
112504,-0.969522187,-0.733959948,1,0
112505,0.629162047,0.103471814,0,1
112506,-1.387259499,-1.297397295,1,1
112507,1.357915901,-1.594572883,1,0
112508,1.48008531,-0.789250589,1,1
112509,0.050384943,0.221777096,1,0
112510,-0.481395199,0.565538548,0,1
112511,-0.242366819,-0.876481547,0,0
112512,-0.794540108,-0.32622026,0,1
112513,1.59140148,0.017485881,1,0
112514,-0.612373201,-1.22775683,1,1
112515,-0.041426555,-0.541084201,0,0
112516,-2.203914168,0.516087327,0,1
112517,0.776313624,0.533140571,1,1
112518,1.832442144,0.411818528,1,1
112519,-0.303787068,0.557322513,0,0
112520,0.834667757,-0.084784944,0,1
112521,0.273744543,-0.106925877,1,0
112522,1.384150011,1.285787743,0,1
112523,-0.220262883,-0.774682848,1,0
112524,-0.08740857,-1.646845882,0,1
112525,0.781685939,0.897817277,0,1
112526,-1.017544308,0.858068215,0,0
112527,-0.212896779,1.89449237,1,0
112528,2.3645253,-0.213899058,1,1
112529,-1.51196357,1.286724838,0,0
112530,1.78263236,0.7890876,0,1
112531,0.041242553,1.130962871,0,0
112532,-1.130234616,1.104991969,0,0
112533,-0.704881519,-0.188023949,0,0
112534,1.301542446,1.269217527,0,1
112535,-0.146075158,-0.63821343,0,1
112536,0.140254758,-0.886500768,1,1
112537,1.212727147,-0.669714206,0,0
112538,-1.009610478,0.876720544,0,1
112539,0.35805731,-0.603887275,0,0
112540,-0.538292753,-0.216040265,0,0
112541,-0.903554755,0.176035131,1,0
112542,-0.201370928,-1.640216464,1,0
112543,-0.416221175,1.427700702,0,1
112544,-0.929172128,-0.591487922,0,1
112545,-0.401074152,-0.107717983,1,1
112546,-1.381102819,-0.78494769,0,0
112547,-0.191972049,0.620097408,1,1
112548,0.504305123,0.244247641,0,0
112549,0.249274025,-0.970957325,0,0
112550,-1.918482098,-1.413783039,0,1
112551,0.354181566,0.474074353,0,1
112552,-0.978946985,1.672835264,0,0
112553,1.638889439,-0.864003934,1,1
112554,0.092199818,1.075823466,0,0
112555,1.491269934,0.226978781,0,1
112556,-0.483486748,0.584294793,0,1
112557,0.510610541,1.723431627,0,1
112558,0.769609351,0.499324396,1,1
112559,-0.036262783,0.537685819,0,1
112560,-2.15826275,0.265755767,1,1
112561,0.645842156,-1.602144882,0,1
112562,-1.051898004,-1.882445067,1,1
112563,0.534989212,0.820342075,1,1
112564,-1.421039639,-0.303972185,0,1
112565,-1.000683284,0.551246594,0,1
112566,-0.968097422,-0.891622538,0,0
112567,0.41643501,2.326097952,0,1
112568,-0.814849145,-0.677619478,0,1
112569,-0.301142465,0.58570356,0,0
112570,0.187412364,-0.644915462,1,1
112571,-0.457809537,-0.552674226,0,0
112572,-1.099548389,0.998475874,1,1
112573,-0.370366233,0.514805602,0,1
112574,-0.620205444,0.106793397,0,1
112575,1.070293878,1.481576776,1,1
112576,0.966445167,-0.904665353,0,1
112577,-1.463615383,-0.027059831,0,1
112578,0.499716853,1.713601052,1,1
112579,-0.083220309,0.799166374,0,1
112580,0.284663318,-1.216632865,0,0
112581,0.647437652,-0.12855943,0,1
112582,0.868442176,-1.368782475,1,1
112583,0.820636862,-0.120398604,0,1
112584,-0.508827287,1.575350722,1,1
112585,0.824531771,0.804702141,1,0
112586,-0.135092312,-1.160557655,0,0
112587,-1.284816843,-0.326861955,1,1
112588,-1.390826944,-0.472846759,0,1
112589,-0.044234868,-0.349898309,0,0
112590,0.197710276,-2.292948635,1,0
112591,0.792121123,-0.119361438,0,1
112592,0.572508458,-0.369333979,0,0
112593,-0.142550714,-1.111486832,0,1
112594,0.24053683,-0.714061824,1,1
112595,0.252844638,0.861077623,0,1
112596,0.163126341,1.962036528,0,1
112597,0.421126783,-0.051421145,0,0
112598,0.201987393,0.173978151,0,1
112599,0.638073847,-0.586724901,1,1
112600,0.348569026,-0.925704861,1,1
112601,0.145194498,0.661059266,0,0
112602,0.880420889,-0.367921474,0,1
112603,1.20765018,-0.214610529,0,1
112604,-1.196367317,0.118865883,0,1
112605,0.73303496,-0.698609914,0,1
112606,-1.363923783,0.001168245,0,1
112607,-0.103206682,-0.787036977,0,1
112608,1.333620702,0.817370853,0,1
112609,1.006889844,-1.288175796,0,1
112610,-0.283361054,-0.483204073,0,1
112611,-0.375577195,1.021977031,0,1
112612,-0.56750519,-0.641691769,0,0
112613,1.032045798,1.798625069,0,1
112614,1.303713393,-0.90215661,0,1
112615,-2.037076476,-0.772719144,0,0
112616,-0.129461239,0.322318779,0,1
112617,-0.505242963,1.145945732,1,1
112618,0.576318198,0.012229688,0,1
112619,-1.413570535,1.159085391,0,1
112620,-0.044072024,-1.774985816,1,0
112621,1.227433041,1.895126519,1,0
112622,-0.224029939,-1.020212249,0,0
112623,1.11353251,1.431226368,0,1
112624,0.708663795,-2.068336575,0,1
112625,-0.64122143,-0.905293785,0,0
112626,0.565369342,1.472125718,0,0
112627,0.01132079,-0.154788945,0,0
112628,-1.479145977,-1.330695794,1,0
112629,0.004358517,1.432518846,0,1
112630,-0.492613717,-0.581063848,0,0
112631,-1.091536779,-1.273170594,0,0
112632,0.955086031,-0.253030805,0,1
112633,0.821210582,-1.841185811,0,1
112634,-0.358702745,1.504128674,0,1
112635,-1.162004961,-1.024868208,1,0
112636,-0.126812652,-0.00866453,0,1
112637,0.288198454,-0.118904933,0,0
112638,0.057706362,0.007953617,0,1
112639,-0.918402661,-0.445241436,0,0
112640,-1.341504814,0.187076505,0,1
112641,-0.886069228,0.539031181,0,0
112642,0.523505059,-2.104608404,0,1
112643,0.834642948,0.679722952,1,1
112644,0.107699547,-2.193048142,0,0
112645,-1.875154832,0.794940943,1,0
112646,-0.514104275,0.291403153,1,1
112647,-2.827964685,0.478010635,0,1
112648,-0.736536398,-0.76716275,0,1
112649,0.975267569,-0.36277239,1,0
112650,0.354360101,-0.855132332,0,1
112651,1.945883918,-0.81135713,0,1
112652,0.789458851,-0.528355757,1,1
112653,0.148222874,-0.200911493,1,0
112654,-0.259727256,-0.311930672,1,1
112655,-0.907823567,0.387913469,1,1
112656,0.222857907,-0.06438066,0,1
112657,1.317111463,0.829218022,0,0
112658,-0.703416276,0.123940675,0,0
112659,1.051125851,-0.127610526,0,0
112660,0.015521887,-0.402185633,0,0
112661,-0.47741222,0.868462831,1,1
112662,0.219680772,0.632297214,0,1
112663,0.160822745,-0.464742509,1,1
112664,-1.057474377,-0.344343645,0,1
112665,0.557318025,0.438744761,0,1
112666,-1.601962691,1.80427412,0,0
112667,-0.639402991,-0.090475941,0,1
112668,0.211822797,1.6675077,1,1
112669,-0.837759177,-0.812949117,1,1
112670,-0.986809846,0.223824267,0,1
112671,0.560246012,0.172630434,0,1
112672,1.847890335,-0.338710899,0,0
112673,0.212247394,-1.779904563,1,1
112674,-2.374022904,0.520986094,0,0
112675,0.523597151,-1.156339473,0,1
112676,-0.064474089,0.603434511,0,0
112677,-0.309947241,-0.819711959,0,0
112678,-0.073158219,1.993828785,1,1
112679,0.809184709,-0.439316987,0,0
112680,0.89504449,0.270432608,1,1
112681,0.076602915,0.337068774,1,1
112682,0.341856081,-1.313971317,0,1
112683,0.259708122,-0.348875886,0,0
112684,-0.048032706,-0.930518147,0,1
112685,0.389671813,0.20063175,0,1
112686,-0.028801674,0.26660854,1,1
112687,0.355233139,0.922638814,0,1
112688,-1.442430605,1.677083787,0,0
112689,0.066932617,-0.381556169,0,1
112690,0.893458417,-0.059508497,0,0
112691,1.661330951,0.206860347,1,1
112692,0.978831042,0.038817565,1,1
112693,-0.333245014,0.69663041,0,1
112694,1.501160108,1.217587604,0,1
112695,0.656824328,0.849338622,0,0
112696,1.028980434,1.034400455,0,0
112697,1.127796817,-1.964274087,0,0
112698,-0.679946306,0.787335408,0,1
112699,0.732800466,-1.995078584,0,0
112700,-0.254571592,-1.592876345,0,1
112701,-1.27643434,0.054507988,0,1
112702,-0.635039328,-0.490176178,0,1
112703,-0.433895614,0.24401058,0,1
112704,0.821709899,-0.949209922,0,0
112705,-0.173985792,0.293159276,0,0
112706,-0.299721876,0.735376652,1,1
112707,0.040957886,1.197850927,1,0
112708,-1.067120177,2.492505085,1,0
112709,-0.604801827,1.401635804,1,0
112710,1.141026841,1.687577637,0,0
112711,0.795933585,-0.700303556,0,1
112712,-2.961064295,-0.743272225,0,1
112713,1.079453159,0.235824805,1,0
112714,-1.025614712,-1.216288206,0,1
112715,-1.165411965,-0.477567076,1,1
112716,-0.151707251,1.530529382,1,1
112717,0.285828326,-0.590315461,0,0
112718,0.378210126,-0.796183764,0,0
112719,1.501130351,-1.505032408,1,1
112720,0.588669865,-1.349874822,0,1
112721,-0.421660815,0.644299231,0,0
112722,0.444940624,-0.212247171,1,1
112723,0.097881442,-1.550751891,0,0
112724,-1.506355304,0.545485126,0,1
112725,1.781044956,0.832227124,0,1
112726,0.252960165,0.99888402,0,1
112727,0.142778331,0.904800921,1,0
112728,0.399442275,0.121126018,0,0
112729,-1.577156104,0.369224305,0,1
112730,0.359693539,0.768978859,1,1
112731,-0.125225855,0.328295169,0,0
112732,-0.506923554,1.570895111,0,0
112733,-0.50935606,-0.568961673,0,0
112734,0.047977194,-1.672765008,0,0
112735,-0.877079302,-1.611124627,0,1
112736,1.654449579,0.409613524,1,0
112737,-0.537408634,-0.975982218,0,1
112738,2.078145563,-1.619232915,0,1
112739,0.01500548,1.324008925,1,0
112740,-0.626807284,-0.99271973,0,1
112741,-1.316889881,0.834585373,0,1
112742,-0.711493111,-0.957888958,1,0
112743,-1.747857111,-0.658342616,0,1
112744,0.79433397,0.617809067,1,1
112745,-0.051150594,-0.578571179,0,0
112746,-0.718898509,-1.488660854,1,0
112747,0.36199028,0.108121499,0,1
112748,-0.094457778,0.300310953,1,0
112749,0.777138942,0.589859379,1,1
112750,-1.986713588,-0.339859023,1,1
112751,0.301224604,-0.064948604,1,0
112752,-0.606402967,-0.228661343,0,1
112753,1.776112154,1.330246875,0,1
112754,0.080380568,-0.394105284,0,1
112755,0.518708165,0.937208533,0,0
112756,0.352979106,-1.064159235,0,0
112757,0.052971025,0.16078537,0,1
112758,-1.095001421,0.151155997,1,0
112759,0.61913951,0.558608461,0,0
112760,1.338158248,-1.340014069,0,1
112761,0.250375375,-0.495614341,0,1
112762,0.862692945,1.020465776,0,1
112763,-1.337084634,-0.358362998,0,1
112764,-0.973820837,-0.096751413,1,1
112765,-0.053941832,1.306079034,0,1
112766,0.494630047,1.054152789,1,1
112767,0.959275657,-1.054684356,0,1
112768,0.051395264,0.951392284,0,0
112769,1.388102969,0.751830851,0,0
112770,-1.714332787,0.445251579,0,0
112771,-0.064451134,0.705784324,0,0
112772,-0.702263998,0.089143019,0,1
112773,-0.315254616,1.276792171,1,0
112774,0.615703325,-0.248609765,0,0
112775,-0.62198016,-0.424057978,0,1
112776,1.677309591,-0.196244476,0,1
112777,2.026776529,0.181402015,1,0
112778,-1.152292673,1.131057365,0,1
112779,-2.051752343,0.105170615,1,1
112780,2.33315465,1.688589726,0,0
112781,1.425992735,0.96070118,0,0
112782,1.208109347,-0.829983442,1,0
112783,0.805969538,0.383004,0,1
112784,1.370917161,1.663824118,0,1
112785,-0.451019139,-1.449790277,0,1
112786,0.04370139,1.507181484,0,1
112787,-1.429443797,-0.2221443,1,1
112788,-1.952541075,-0.666542648,0,1
112789,0.37088306,-0.036990413,1,0
112790,-0.840725101,1.489331759,0,1
112791,-0.417038829,-1.905801262,1,0
112792,1.946527876,1.068591522,1,1
112793,0.312548046,-0.964677289,1,1
112794,-1.060273157,0.12548951,0,1
112795,0.151160663,-1.436432811,1,1
112796,-0.99782254,0.484846901,1,0
112797,-1.260396336,1.103121771,1,1
112798,-0.386120563,1.140849712,0,1
112799,-0.57137758,0.675584718,1,1
112800,0.244924889,1.69164496,1,0
112801,-0.650884256,2.079573298,1,1
112802,1.445296994,-0.668053583,1,1
112803,-0.581200948,0.362010438,0,1
112804,0.76314311,-0.970706458,1,0
112805,-1.224375467,-1.735098228,0,1
112806,1.529335396,-0.020210667,0,1
112807,-1.765477349,-0.279694669,0,0
112808,0.818150773,0.402709398,0,0
112809,1.893465003,0.202775841,0,1
112810,-0.298223512,0.291790583,0,1
112811,1.525199804,0.659044835,0,1
112812,-0.126045487,-1.051738556,0,1
112813,-0.148832985,-1.306194455,0,0
112814,0.419641252,0.410196554,0,1
112815,-0.991180594,-0.795118161,0,0
112816,0.833016043,-0.042526853,0,1
112817,0.544474359,-0.593581773,0,0
112818,-0.800717337,-0.296912208,1,1
112819,-1.177969375,-0.576543766,0,1
112820,0.94950027,-0.636771408,0,1
112821,1.571823949,0.947236328,0,1
112822,0.888537745,0.343879284,0,0
112823,-0.711316288,-1.092998202,1,0
112824,-1.14014541,0.203849152,0,1
112825,2.401261412,0.475032238,0,1
112826,1.501981545,-0.14977053,1,1
112827,-0.578431838,0.797964839,1,0
112828,-0.49273965,-0.290779576,0,0
112829,0.097313531,-1.074364235,0,1
112830,0.255447884,-0.13884075,0,1
112831,-1.303065493,0.043899933,0,1
112832,0.713922244,-0.808219785,1,1
112833,2.312506804,-1.268142807,0,1
112834,-0.870661818,0.586068243,1,1
112835,0.061645647,-0.964902328,0,1
112836,0.710721182,-1.161990591,0,0
112837,0.756526835,1.226429673,1,0
112838,0.651029418,0.193114633,1,0
112839,-0.655389623,-0.937854001,0,0
112840,0.754250157,0.770231572,0,1
112841,-0.578177453,0.200395615,1,1
112842,2.049064054,-0.396646552,0,0
112843,0.430802642,0.380609281,1,1
112844,0.674573893,1.748508398,1,0
112845,1.252048282,-0.842629995,0,0
112846,0.223825694,-2.192571494,0,1
112847,-0.357595678,-1.914968757,0,0
112848,-1.362027341,0.317873976,0,0
112849,2.2030885,0.477481301,1,0
112850,1.767492611,-2.205739403,0,0
112851,-1.178457088,-0.801016173,0,0
112852,-0.730578956,0.984417282,0,1
112853,-1.055938394,-0.938682716,0,0
112854,-0.701183705,-2.246002733,0,1
112855,-0.446917191,0.399804145,0,0
112856,-0.26228243,0.017519333,0,1
112857,0.180996872,-0.516473444,1,0
112858,-0.432268797,-0.241392133,0,1
112859,0.106679724,-0.530360081,0,0
112860,-1.218721203,0.325586001,0,0
112861,-1.623028474,-0.716440968,1,0
112862,-0.479050482,-0.963574048,0,1
112863,-0.834812951,0.556793525,0,0
112864,1.732150662,-1.579171906,0,1
112865,-0.432398083,0.079603679,0,1
112866,0.096360328,-1.661962574,1,1
112867,0.095307559,0.000724751,1,0
112868,0.504853352,-1.171352539,1,1
112869,-0.054803493,-0.877285216,1,0
112870,0.281271208,1.676160827,1,1
112871,0.806819809,-0.472327104,0,0
112872,0.257258555,0.183679327,1,0
112873,-1.318762651,2.142245941,0,0
112874,0.582851029,0.984763382,0,0
112875,-0.793282959,-1.235614151,1,1
112876,-0.518357969,0.098445218,1,0
112877,-0.17489591,-1.035259378,0,1
112878,0.747844987,-0.591976272,0,0
112879,1.415412592,-0.193568018,0,0
112880,-0.358254969,-0.174782867,0,0
112881,-0.104569878,0.289980161,0,1
112882,-1.156208521,1.860163367,1,1
112883,0.769152932,1.333513842,0,1
112884,-1.213405123,0.40684426,0,1
112885,0.944551964,1.482518223,1,1
112886,-1.745054541,-0.891877317,0,1
112887,-0.348053067,0.358745935,0,1
112888,-1.13216593,1.225736641,1,1
112889,-1.006935678,-1.955688693,0,1
112890,0.153764611,-0.449620455,0,1
112891,0.060993889,-0.142706028,1,1
112892,1.395138301,0.666612378,0,0
112893,-0.101209474,-1.347034002,1,1
112894,-0.45426052,-0.466633306,0,1
112895,-1.526293923,0.781407509,0,0
112896,-1.387989682,-1.393080225,0,1
112897,-0.747972765,-1.150258495,0,1
112898,-0.399978666,-1.433189172,0,0
112899,-0.370110379,-0.284351575,1,1
112900,0.373887865,0.263029569,0,1
112901,-0.224078955,0.338839772,0,0
112902,-0.271527567,1.365530914,0,0
112903,-0.737373807,-0.566815344,1,0
112904,0.000736587,-0.763064349,0,0
112905,1.285175329,0.625333987,1,1
112906,0.693061292,0.528239914,0,0
112907,0.719438866,-0.705876363,1,0
112908,0.500618469,-1.076968418,0,0
112909,-0.942342963,0.377109164,1,0
112910,-0.047881269,0.253365441,0,1
112911,-0.573032275,-0.743084146,1,0
112912,-0.357956619,0.060272187,1,1
112913,-0.339370013,0.828817247,0,1
112914,-0.319450793,-1.600303696,1,0
112915,0.429607605,1.163269305,1,1
112916,0.459040992,0.851635672,0,1
112917,-0.841791981,0.332520384,0,1
112918,0.580208835,-0.050076253,0,1
112919,-1.246379684,0.110867909,1,1
112920,1.370610752,-0.49497647,0,1
112921,2.137186894,-0.180698228,0,1
112922,0.367929545,-1.013913266,0,1
112923,-2.167642461,0.909864717,1,1
112924,0.607022408,-2.875674423,0,1
112925,-0.228107278,-0.4109212,0,1
112926,0.886803654,0.70125535,0,1
112927,-0.964861926,0.973287348,0,1
112928,-0.038078925,0.103373611,0,0
112929,0.456923665,0.861027248,0,0
112930,-1.759137995,-0.907572953,0,0
112931,-1.369781763,0.550147042,0,1
112932,2.251642273,-1.109194531,0,1
112933,-0.831964501,0.722939034,0,0
112934,1.162265362,0.523993267,0,1
112935,0.314776112,-1.452509696,1,1
112936,-0.330397335,-0.077056022,0,1
112937,1.740559396,-0.116198515,0,1
112938,-0.110311393,-0.216730436,1,1
112939,-1.070843353,2.027467631,0,1
112940,-0.833264201,-0.933197151,0,0
112941,0.330582053,-0.896513352,0,1
112942,0.413528842,1.421296073,0,0
112943,-1.198929294,-0.35928533,0,0
112944,-0.500156693,0.283906665,0,0
112945,0.784438332,-1.015577493,1,0
112946,0.041322805,-0.558556018,1,1
112947,0.322341691,-0.978939141,0,0
112948,-0.129741153,0.720690429,0,1
112949,-0.050921521,0.709783823,1,0
112950,-0.182311176,0.838910102,0,0
112951,-1.097446902,-0.941758988,0,0
112952,1.670939303,0.0677913,1,0
112953,1.630785368,1.38337339,0,1
112954,0.284929976,-1.074822406,0,0
112955,0.661288651,-0.654755482,1,0
112956,-0.602146305,-0.928709664,0,1
112957,-0.2664283,-0.175542555,0,1
112958,-0.661830463,-1.476075036,0,1
112959,-0.1238049,-1.355718091,0,1
112960,0.518580834,-0.744949976,0,1
112961,-1.826256268,-1.256076282,1,1
112962,0.014385069,0.377809641,0,1
112963,0.286743114,-1.20952421,1,1
112964,0.917635531,1.0630591,1,1
112965,0.856340146,0.801329772,0,0
112966,0.130741317,0.632480849,0,0
112967,1.417581496,0.158592519,0,0
112968,-0.226091221,-0.704689349,0,1
112969,-1.311199783,1.748710085,1,1
112970,0.329207171,1.718247008,0,0
112971,0.830544104,0.701342246,0,0
112972,1.715576761,0.053927526,0,0
112973,-0.426462064,-1.101596174,0,1
112974,-0.811431848,-1.187716182,0,1
112975,-0.226893627,-1.524199334,1,0
112976,-1.630936812,-1.94351945,0,0
112977,-0.665635614,-0.243230529,1,1
112978,-1.961922282,-0.576983977,0,1
112979,1.504185341,1.326690042,0,1
112980,0.148416865,-0.492737465,0,1
112981,-1.017595046,-0.151427773,0,0
112982,-0.090990346,0.888541405,0,1
112983,0.507923591,0.109469537,1,1
112984,-0.05397601,-0.885382738,0,1
112985,-2.393572273,0.650452262,0,0
112986,-0.666052858,0.907950756,0,1
112987,-0.319643135,-0.183238395,0,1
112988,-0.765201128,1.26472952,0,0
112989,0.11136722,-1.177299535,0,1
112990,-0.518247937,-1.523628124,0,0
112991,-0.0248999,-1.39014315,1,1
112992,-1.522151212,2.027248588,1,1
112993,2.109664455,-0.036863528,0,1
112994,1.185044934,-0.536169287,0,1
112995,-0.607225589,0.557982067,0,1
112996,0.726725882,-0.106858307,1,1
112997,1.289169701,1.457772781,0,0
112998,0.977218453,-0.021511096,1,1
112999,1.709793071,1.32491703,0,1
113000,-0.450762793,0.240772789,0,1
113001,0.226906725,-2.398553577,0,1
113002,-0.447858006,0.197384425,0,0
113003,0.627365125,1.105428957,0,0
113004,0.425546014,-1.060560227,0,1
113005,-0.150570938,1.828937272,0,0
113006,1.467225266,-0.32131232,0,0
113007,-0.100077703,0.700971924,1,0
113008,-0.943240676,0.101138866,0,1
113009,1.026002365,-1.007644943,0,0
113010,1.363758431,-0.067431344,1,0
113011,-0.536755555,-1.659354724,1,1
113012,0.37281352,0.333411406,0,1
113013,-1.26777409,-2.331495455,1,1
113014,-0.423334941,-1.495109021,0,1
113015,-1.94805897,-0.026144048,0,1
113016,-0.321722258,-0.882400076,0,0
113017,-1.041142384,0.305505624,0,1
113018,0.153726215,1.201433823,0,0
113019,-0.172936145,-1.994163888,0,1
113020,-0.705961646,-0.983882823,1,0
113021,-0.176449534,-1.368047945,1,1
113022,-1.389215236,-1.267384807,0,0
113023,-0.327111795,0.629294184,0,1
113024,-0.448645039,-0.388169009,1,1
113025,1.387705122,1.296186851,1,1
113026,-0.142060622,-0.850668587,1,1
113027,0.679057657,0.003437738,0,1
113028,1.339790908,0.303135216,0,1
113029,-0.677798662,-0.659085246,0,1
113030,0.866260569,-0.418396688,0,0
113031,-0.842257821,1.800702561,1,1
113032,-1.133498589,-1.30217392,0,0
113033,0.438088495,-0.479715438,0,0
113034,0.332589094,-0.328299981,0,0
113035,0.142937993,-0.054562756,0,0
113036,-0.583248933,0.754319549,1,1
113037,-0.293523098,0.104777575,1,0
113038,0.47242788,-0.677201366,0,1
113039,-0.042027441,1.01411368,0,1
113040,-0.081131633,0.466173906,0,1
113041,-0.18061185,0.435815425,0,0
113042,-0.53285496,0.024625009,1,1
113043,0.917390835,1.339308501,0,0
113044,-0.170376689,-0.068329124,0,1
113045,-0.085089476,0.76153772,0,1
113046,-1.898440247,1.252190321,1,1
113047,-1.226595593,-0.463168414,0,1
113048,0.960362484,-0.011600305,0,1
113049,0.044422678,0.169515339,0,1
113050,0.285820078,-0.241327286,1,1
113051,-0.143292906,1.157903114,0,1
113052,1.095178215,2.290400648,0,0
113053,1.496456951,0.683311654,0,0
113054,0.849507055,0.580912316,0,1
113055,0.17572547,-1.239908163,0,0
113056,0.325985197,-0.670242201,0,1
113057,0.479563747,0.934206111,0,1
113058,-1.540872277,0.874990438,0,0
113059,-0.199080032,0.919872657,0,0
113060,0.829023377,-0.927284914,1,0
113061,-0.417055973,0.452932119,1,1
113062,-1.42777622,-0.155642637,0,1
113063,1.414836514,0.935569641,0,1
113064,1.580547279,-0.552448062,1,1
113065,-0.721025904,0.482429094,0,1
113066,-0.568899945,-1.190993957,0,0
113067,1.316515742,0.991171436,1,1
113068,-0.189330996,0.507691734,0,1
113069,1.626978422,-0.759295196,1,1
113070,1.422477539,-1.067821642,1,1
113071,-1.131880571,0.183261039,1,1
113072,-0.47797347,-0.089799235,1,1
113073,-0.241552952,0.956085886,0,0
113074,-0.423794208,-1.249556742,1,0
113075,-0.107634903,2.402589612,0,1
113076,-1.143438779,0.158915454,1,1
113077,-1.271804008,-1.54889884,1,1
113078,-0.619423018,0.841004471,0,1
113079,1.37410821,0.100040366,1,1
113080,-0.154463051,0.515806807,0,0
113081,-0.59756358,-0.116880633,1,1
113082,0.716268129,-1.589726667,0,1
113083,-0.581779626,-0.181084856,1,0
113084,0.455508297,-1.617827022,1,1
113085,-1.816464256,-2.066875117,1,1
113086,-0.808254152,0.72649391,1,1
113087,0.450956374,0.887401664,0,1
113088,-0.168956144,-0.162873303,1,0
113089,-0.137027969,-0.480466796,0,1
113090,2.535290421,0.385321264,0,1
113091,-0.860302394,-0.212811951,1,1
113092,0.908061813,-1.930054689,0,1
113093,-0.265172326,1.111501021,1,1
113094,0.605421201,-0.454346124,0,1
113095,0.866107796,-0.105683052,0,0
113096,-0.979504192,-0.200727578,1,1
113097,1.324337832,0.450822396,0,0
113098,-0.023036582,-1.512721785,0,1
113099,-0.347050973,0.786476368,1,1
113100,0.90420517,-1.665075426,0,0
113101,-1.060011621,-0.256018533,0,0
113102,-0.370281125,0.629578314,0,1
113103,-1.56202996,-0.709809647,0,0
113104,0.828259402,0.919427348,0,0
113105,-1.453295263,0.608158301,1,1
113106,-1.417020874,0.605546211,1,1
113107,0.694215673,0.169566463,0,1
113108,-0.97593655,-1.986060251,1,0
113109,1.433556566,-1.468906729,0,1
113110,-0.669622984,-0.268908224,0,1
113111,0.032439295,0.532059527,0,0
113112,0.428603008,0.21245933,0,0
113113,-0.205369713,-0.909082604,1,0
113114,0.992768807,0.384456323,0,0
113115,0.711415668,-0.219320231,0,0
113116,0.726830946,-2.443507547,0,0
113117,1.078128806,-0.199829005,0,0
113118,-0.457432226,-0.533733077,0,0
113119,-0.638545677,0.016690314,0,1
113120,0.220704975,1.607196003,0,1
113121,0.035572385,-1.163328727,0,1
113122,2.261087791,-0.042279951,0,1
113123,-0.158114937,-0.536372868,0,0
113124,-1.399972173,1.222673824,1,1
113125,-1.193010978,1.008155354,0,1
113126,-0.285858065,0.580820178,0,0
113127,-0.305060474,0.32302075,0,1
113128,-0.009675586,0.033805659,1,0
113129,1.25328488,0.014433385,0,0
113130,-1.093265224,-1.5956247,1,1
113131,-0.569204885,0.644122684,0,0
113132,0.603648585,0.796785407,0,1
113133,0.41204152,0.387288973,0,1
113134,-0.750470802,0.570336984,0,1
113135,1.498322369,-0.125670904,1,1
113136,0.65872693,-0.57364981,0,1
113137,1.050073634,0.666834697,1,1
113138,0.13121225,-0.942472796,1,1
113139,0.352483296,1.65686034,1,1
113140,0.12788249,2.293413138,1,0
113141,-1.273588295,-0.743764078,0,0
113142,-0.691986641,0.016783027,0,0
113143,0.932679785,-0.527565916,0,1
113144,0.021115985,0.576666052,0,1
113145,0.143446111,0.07744035,0,1
113146,-0.063661244,1.437199806,0,1
113147,-0.783952819,1.55354311,0,0
113148,-0.581745388,0.671578241,1,0
113149,0.571821203,0.002521052,1,0
113150,0.057766203,0.461288351,0,1
113151,-0.19718795,-0.620464233,1,1
113152,1.134066175,-0.300881765,1,1
113153,0.061599199,-0.196350971,0,0
113154,0.290288635,0.736283055,1,0
113155,-0.702899064,-2.288356671,0,1
113156,2.19242801,-1.174617359,0,0
113157,0.251363717,-0.936189271,0,0
113158,-0.046364313,-1.820507749,0,0
113159,2.025254315,-0.199947659,0,1
113160,-0.133050886,0.820497024,0,1
113161,-0.696753139,-1.707978745,0,1
113162,1.346855979,-2.045883566,0,0
113163,0.234028479,-1.476524132,0,1
113164,0.39136689,0.604009644,0,1
113165,-0.162673816,-0.563023735,1,1
113166,-0.782559305,-0.023670032,0,0
113167,-0.421824854,-0.945854132,0,0
113168,-0.291105861,-0.43703241,0,1
113169,2.771187337,-0.343807689,0,1
113170,-0.513351334,0.68905946,0,0
113171,1.904568417,-0.829443643,1,1
113172,-0.162373621,-0.694364131,1,1
113173,1.222070517,0.730668527,0,0
113174,0.653111203,-0.827357778,1,0
113175,0.114840833,1.107028614,1,1
113176,1.59278784,-0.282327378,0,0
113177,0.569268371,1.032240231,1,1
113178,0.286374233,1.133346153,0,0
113179,-1.935136386,0.627373761,0,1
113180,0.073641726,0.818965881,0,1
113181,2.177845291,0.777367806,0,1
113182,-1.604088247,-0.998649431,0,0
113183,0.728782678,0.777554234,0,1
113184,1.738579458,0.915294645,0,1
113185,-0.933431721,2.270125489,0,1
113186,-0.321364842,0.290571101,0,1
113187,-0.665290527,0.744127092,1,0
113188,1.548547266,1.457465305,0,0
113189,0.064585248,0.001315127,0,1
113190,0.776463463,-0.231114897,0,1
113191,1.035978398,1.368845634,1,0
113192,0.392506184,-0.521409273,0,0
113193,-0.036355683,1.393158974,1,1
113194,2.996197696,0.819880707,0,1
113195,-0.574320355,-0.68276853,0,0
113196,0.061145835,0.94690238,0,1
113197,-1.276166388,0.156402901,0,0
113198,0.657036078,0.811611173,0,1
113199,0.101844432,-1.422024558,0,1
113200,1.518728694,1.450184211,0,0
113201,0.188934009,-0.401950639,0,0
113202,-0.158233261,-0.275159632,0,0
113203,0.216255004,0.421057269,0,0
113204,-1.269302386,-1.525543093,0,0
113205,-0.239876665,0.158636689,0,1
113206,-1.346982304,0.308908074,1,1
113207,1.087296963,-0.47878154,0,0
113208,0.982556747,-0.84457064,0,0
113209,0.468981832,-1.086813737,1,0
113210,-0.196720457,-1.226394678,0,1
113211,-0.066913421,0.557930643,0,1
113212,1.346897876,-0.779250086,0,1
113213,-0.417115233,-1.771649986,0,1
113214,0.584698076,-0.895001914,0,0
113215,-0.874727952,-0.128671631,0,0
113216,1.215389314,-0.91945472,0,0
113217,1.149931219,0.739624109,1,1
113218,0.043981463,0.898798559,0,0
113219,-0.035660597,-1.134131191,0,1
113220,0.01123571,-0.146215455,0,0
113221,-1.152987796,1.033803425,1,0
113222,-0.782556201,-1.591903814,0,0
113223,-0.899156592,0.387611114,0,1
113224,1.120607859,0.267486301,1,0
113225,0.162495604,2.27838983,0,0
113226,-0.894682207,-0.547992293,0,1
113227,-0.274771281,-1.141851191,0,1
113228,-0.612585226,1.781820385,0,1
113229,-0.14047142,0.347406886,0,0
113230,-1.013725018,-0.171014808,1,1
113231,1.192739825,-0.549252658,0,0
113232,1.844618943,0.404456734,0,0
113233,1.451269338,0.978475556,0,1
113234,0.776932417,0.504522785,0,1
113235,0.40266423,1.274000368,0,1
113236,-0.66549813,0.467287093,0,1
113237,-1.345956581,1.631271039,0,1
113238,0.815397903,0.534426018,0,0
113239,-0.531584468,-0.004800319,1,1
113240,0.467737543,-2.23807738,1,1
113241,0.508892181,-0.387535328,0,0
113242,1.368787596,0.778479379,0,0
113243,0.672820138,1.18637001,0,1
113244,0.887109291,2.30127732,0,0
113245,0.546718606,1.445335733,0,1
113246,1.635976808,-0.022853777,1,0
113247,1.033901917,0.658280831,1,1
113248,-0.207403565,1.021088126,1,1
113249,0.720608137,2.699145773,0,1
113250,0.837298717,0.999489718,0,1
113251,1.375188155,0.524683242,0,0
113252,0.230819394,0.127475388,0,1
113253,-1.441302513,-0.326728872,1,1
113254,1.735420611,0.746706573,0,1
113255,-0.1547303,1.339630614,0,1
113256,1.548166322,0.252796749,0,1
113257,2.466012868,0.280367391,1,0
113258,-0.203787178,0.331573757,0,1
113259,0.321330771,0.568488648,0,1
113260,0.078095936,1.068812722,1,1
113261,-1.108330245,0.208549215,0,0
113262,-0.132233734,0.499637201,0,0
113263,-1.981297328,0.466603612,1,0
113264,0.131482366,-1.583590338,1,0
113265,0.397267992,0.011803981,0,1
113266,1.42030111,0.223470663,0,1
113267,0.56781734,1.144556663,0,0
113268,0.664532999,-0.411711452,0,0
113269,0.8429579,0.157659462,0,1
113270,-0.414755317,0.302985386,0,1
113271,-1.3337973,-0.544006254,0,1
113272,-1.327179713,-0.036387851,0,0
113273,-1.315064594,0.341993454,0,1
113274,1.034904832,0.834141392,0,0
113275,-1.303037463,-1.387988601,0,0
113276,-0.614427532,-0.094846739,0,1
113277,-1.505482183,-0.672019368,0,0
113278,-0.667340984,-0.43106304,1,0
113279,-2.13852173,-1.456733908,0,0
113280,-0.539955577,-0.816063344,0,0
113281,-0.180357111,-0.474266928,0,1
113282,0.104647068,-1.553919857,0,0
113283,-0.218507586,-1.582591395,0,0
113284,0.548051882,0.973426554,1,0
113285,-0.86551539,-0.11911478,0,1
113286,0.451234457,-0.347145338,1,0
113287,0.104609443,-0.815660009,0,1
113288,1.557434003,-0.097916933,1,0
113289,-0.304081385,0.750524788,0,0
113290,0.58521658,-1.635913187,1,0
113291,1.078948467,-0.226141073,1,0
113292,-1.820995656,-0.260331037,0,1
113293,-0.995461576,0.425525239,0,1
113294,0.818286234,0.003541991,0,1
113295,-0.605403358,-0.968461136,0,0
113296,0.421227058,-0.144416774,1,1
113297,-1.329801383,0.745521841,1,1
113298,-0.776652841,0.580448038,0,1
113299,-0.530108945,-0.706474444,0,1
113300,0.171268859,2.052561951,0,0
113301,0.435122954,-0.773492849,1,0
113302,0.813067385,-0.279205366,1,1
113303,1.472847551,-1.497892975,1,1
113304,1.670271846,0.686771384,0,1
113305,-0.909775597,-1.166602863,0,1
113306,0.962710447,-0.482873602,0,1
113307,-1.16640088,0.180698062,1,1
113308,0.530018928,0.511138374,0,1
113309,-1.162592977,-0.62280641,0,1
113310,0.11524085,-1.150278094,1,1
113311,-0.215208225,-0.00566809,1,1
113312,0.008148722,-1.955034392,0,1
113313,-0.473107305,-0.730805569,1,0
113314,-0.688677971,1.432168772,0,0
113315,0.465561598,-0.519187502,0,0
113316,1.35410762,1.455286609,0,0
113317,-0.165952293,-0.770655858,0,1
113318,0.544045662,-1.448334965,1,1
113319,0.158378598,-0.39853435,0,1
113320,-1.739175482,1.354293231,0,1
113321,-1.053135354,-2.344201741,1,1
113322,-0.272572773,-1.526226204,0,0
113323,1.647013393,-0.647557006,0,0
113324,2.12160189,-1.903428658,1,1
113325,2.197164714,-0.236138875,1,0
113326,-0.439808207,-0.190789373,1,0
113327,0.801540208,-0.929970772,0,0
113328,0.802654732,-0.698148497,1,1
113329,-0.688246415,-0.297281724,1,0
113330,0.683043947,-0.958417862,1,1
113331,1.891700511,-0.58496254,0,0
113332,2.17762617,-0.937509773,1,1
113333,2.338744783,1.043991837,0,1
113334,1.64977341,-1.367981,0,1
113335,-0.892976191,-0.98091741,0,0
113336,-0.054505969,0.706028441,0,0
113337,1.007100663,0.495958457,0,0
113338,0.615874182,1.432133914,0,1
113339,0.004434401,-0.430886326,1,0
113340,0.642759043,0.505944504,1,1
113341,-1.387337057,0.167396059,1,1
113342,2.541156538,0.060915515,0,1
113343,1.0503776,-0.193465043,0,1
113344,1.650694723,0.624326028,0,1
113345,-0.585586459,0.992470501,1,1
113346,1.875248684,0.625529639,0,0
113347,0.097811492,0.712332895,0,0
113348,0.303645902,0.892650419,0,1
113349,-0.31848078,-0.956336323,1,1
113350,1.103668353,2.243994009,1,0
113351,0.456854599,0.048917054,1,0
113352,2.922048387,1.134409229,1,0
113353,1.037418769,0.326811501,1,1
113354,-0.498777834,-0.363795437,1,1
113355,-0.194508396,-1.397104595,1,1
113356,-0.219599621,0.15089806,0,1
113357,-0.280165722,0.312567994,0,1
113358,-0.076818577,0.162959707,1,1
113359,-0.621186535,-0.316527663,0,1
113360,-0.003689767,-0.740482668,1,0
113361,-0.092487601,-0.616690882,0,0
113362,1.086375135,-0.243710463,1,0
113363,0.512119212,-0.564451939,0,1
113364,-0.21215141,-0.092880431,1,1
113365,-1.253400717,-1.65165359,1,0
113366,-1.354602907,0.686273599,1,0
113367,0.514566497,-0.283822968,0,0
113368,-1.715710394,0.738717009,0,0
113369,-0.592294966,0.248932512,1,1
113370,0.318561086,1.217126925,0,0
113371,0.022515441,-3.685499206,0,1
113372,0.624769588,-0.858510079,0,1
113373,-1.530659679,-0.948720174,0,0
113374,-2.275703804,0.73361239,0,1
113375,-1.144628904,0.787838656,0,1
113376,-0.128223587,-0.175396994,0,1
113377,0.610620891,-2.844820409,0,1
113378,0.65586581,0.187484255,0,0
113379,1.021953564,-0.436189186,0,0
113380,0.367259314,-0.80093842,0,1
113381,0.622113534,0.772297007,0,0
113382,-2.66202054,0.329745572,0,0
113383,-0.975743084,-0.208769649,1,1
113384,-0.24763265,0.206031889,0,1
113385,0.46001204,-0.26920334,0,1
113386,-0.602149495,-0.650098133,0,0
113387,-1.448208363,-1.876774693,0,0
113388,1.251687461,-1.429521444,0,1
113389,1.594890884,-1.103204003,0,1
113390,0.673914171,1.1812126,1,0
113391,-0.406889733,-0.08414337,0,0
113392,0.204306001,0.1673448,0,0
113393,-0.752669584,-1.577709861,1,0
113394,0.256650385,0.395972833,1,1
113395,-0.68181867,1.200849065,0,0
113396,-0.555480026,0.767655388,0,1
113397,0.74152128,-1.650473087,1,1
113398,0.81736801,-2.385322917,0,1
113399,0.255382932,-0.781336575,0,1
113400,0.110929319,1.190551403,0,0
113401,0.561623275,0.571205992,1,1
113402,0.983507354,-0.480227422,1,1
113403,0.537996,0.135123807,1,0
113404,-0.477008078,0.322272975,0,1
113405,-0.760278859,0.588233817,0,1
113406,-1.353237771,1.367577555,0,1
113407,-0.36265381,0.454291219,0,0
113408,-0.438066397,-0.762632052,0,0
113409,-0.094299797,1.554249248,0,0
113410,0.030296951,-0.837444122,0,0
113411,-1.773144756,0.063701202,1,0
113412,0.116049246,-0.836285599,0,1
113413,0.577898287,0.201110724,0,0
113414,0.068840686,0.319244147,0,1
113415,-1.207186149,0.238704496,0,1
113416,-0.031506166,1.114347991,1,1
113417,-0.581034511,0.653109272,0,0
113418,-0.012957832,0.957185728,0,0
113419,2.480451729,0.308393454,0,1
113420,-0.567815917,0.176732493,0,0
113421,0.499990007,-0.518771144,0,1
113422,-0.246056078,-0.356238529,1,1
113423,1.477011243,0.061432084,0,0
113424,0.468778086,-1.052226443,0,1
113425,-1.276613214,-1.26394536,0,0
113426,0.22400355,-0.799829256,0,1
113427,-0.874484405,0.58999737,0,1
113428,0.977703007,-0.661150156,1,1
113429,-3.570242768,-1.369037719,0,1
113430,-1.722809754,1.573432513,1,0
113431,-0.30695628,-1.114165269,0,1
113432,1.703863805,-1.343030973,0,1
113433,0.158589173,-0.834951554,1,0
113434,-1.482721409,-1.008148499,1,0
113435,1.160138359,-0.198891687,0,1
113436,0.834969874,-0.612779444,0,1
113437,-0.730574958,-0.419728932,0,0
113438,1.039296928,-0.607405127,0,1
113439,-0.939698392,-1.379486388,0,1
113440,-0.556594973,-1.439903381,0,1
113441,2.113892757,0.267381101,1,0
113442,-1.500102006,0.548318287,0,0
113443,-0.665822253,0.026075262,1,1
113444,-1.182061714,-0.216240783,1,1
113445,0.295464574,-0.298977323,1,1
113446,0.899521554,1.030233548,1,1
113447,1.524763001,-1.379939143,0,0
113448,0.235845368,1.558220498,1,0
113449,-0.534893913,1.178289459,0,0
113450,0.168030441,-0.887875754,1,1
113451,-0.525923492,0.229578978,0,0
113452,-0.560087075,1.115388816,0,1
113453,0.698765456,-0.385959658,1,1
113454,-1.34520417,0.09307752,0,0
113455,1.866309584,1.088594362,0,1
113456,1.008362845,0.784568986,1,1
113457,1.770398535,0.261415611,1,1
113458,1.926006657,0.219861918,1,1
113459,-0.295773433,1.539739618,0,0
113460,0.08513363,0.357409802,0,0
113461,0.297199697,0.694089243,1,1
113462,0.095798964,-1.142506519,0,1
113463,0.737079827,0.298669122,1,0
113464,-0.317183407,-0.805294171,1,1
113465,0.690477033,-0.922652675,0,0
113466,-0.588982213,-1.949201815,0,1
113467,-0.296713857,0.938196148,0,0
113468,0.010389386,-1.0511483,0,1
113469,1.66581672,0.532400862,1,0
113470,-0.737407001,0.320692163,0,1
113471,-0.257070606,-1.849624689,0,1
113472,0.520615163,-0.607411524,0,0
113473,1.707819175,1.24962828,1,1
113474,-0.989304567,-1.455624709,0,1
113475,-0.409878248,0.800616678,0,0
113476,0.661237068,1.661703919,1,1
113477,0.14630826,-1.440363396,0,0
113478,-0.337605924,-1.264824132,0,1
113479,1.032684644,0.520755937,0,1
113480,-0.588125467,-0.101867033,0,0
113481,1.362658132,1.358218464,1,0
113482,-0.202482381,-0.426889842,1,0
113483,0.993713041,-0.645431031,0,1
113484,-0.892552166,0.239368824,0,1
113485,-0.125745285,-0.458765993,0,0
113486,1.712590373,-0.123801586,0,1
113487,-0.24459916,-0.33330596,1,1
113488,0.132420865,-0.274771642,1,0
113489,0.032459357,-1.668710239,0,1
113490,-1.158266478,1.520035833,0,1
113491,1.05652127,1.156888923,1,1
113492,-0.124841829,-1.214386865,0,1
113493,0.96495438,0.877812561,1,0
113494,-0.815175028,2.770650414,1,1
113495,0.586737677,0.828828457,0,1
113496,-1.17653613,2.077878473,1,1
113497,0.153976591,0.573716908,0,1
113498,-0.09555256,0.461052751,0,1
113499,-1.417436194,0.875113086,0,1
113500,0.453499986,-1.563105006,0,0
113501,1.117848942,-0.005726553,0,1
113502,1.518393726,-0.733533475,0,1
113503,-1.7408125,0.268042984,1,1
113504,0.460980943,1.953340855,0,1
113505,-0.62609821,0.461009729,0,1
113506,1.063500087,0.240283956,1,1
113507,0.223686937,-1.346533595,1,0
113508,0.961191955,-0.023651548,0,1
113509,2.305166335,1.240239334,1,0
113510,-0.490040906,-0.601095334,0,0
113511,-1.281285734,-0.018768617,1,0
113512,1.037263945,0.49609536,0,1
113513,1.265908808,-0.595216426,1,1
113514,1.137412133,-0.057322797,0,1
113515,1.272696344,-1.507135135,0,1
113516,-0.690246832,-0.688872125,0,1
113517,0.793436665,-1.588258841,1,1
113518,-0.114977993,1.154235772,0,0
113519,0.725014149,0.034915775,0,0
113520,1.51333318,0.43078363,0,1
113521,0.275295324,-0.273757755,1,1
113522,1.81088766,1.611626238,1,1
113523,0.367247507,0.375502823,0,1
113524,0.208633032,0.062614152,0,1
113525,-0.137897742,0.526139915,0,1
113526,-0.731563477,-0.780806975,0,1
113527,-0.842089874,0.894616465,1,1
113528,-1.949794494,1.749969825,1,0
113529,-0.598555713,-1.214023209,0,1
113530,-0.045398847,-1.062186937,0,0
113531,-0.627528977,-0.470268062,1,1
113532,-0.089511548,-2.07757443,1,0
113533,0.417186082,-0.613219281,1,0
113534,-1.944722685,0.097351317,0,1
113535,1.843423483,-1.744945741,0,1
113536,-0.203680005,0.097196588,1,0
113537,1.329421205,-1.074957161,0,0
113538,1.006062165,-0.741014533,1,1
113539,0.80983827,1.076218912,0,0
113540,-0.405545242,-1.243592287,0,1
113541,0.307096838,0.12760113,0,0
113542,-1.180808204,0.363236036,0,0
113543,-0.070384451,-0.054266609,0,1
113544,0.094679698,-0.024072975,0,0
113545,-0.557498591,0.60426125,1,1
113546,-1.047760157,1.948520558,0,1
113547,-2.74121966,0.805572647,0,1
113548,0.868419899,-0.307623231,1,0
113549,-1.193759706,0.069537449,0,1
113550,-0.961684818,-0.3213372,0,1
113551,-0.889345179,0.981941099,0,1
113552,-0.072354584,1.157475539,1,1
113553,-0.049166535,-1.76892094,1,1
113554,0.168012326,1.393398281,0,1
113555,-0.126732108,-1.229705405,0,0
113556,-0.337559538,-1.127453866,0,1
113557,0.944682836,-1.144572912,1,1
113558,-0.995099835,-0.066222243,0,0
113559,1.260469664,-0.95942794,0,0
113560,-0.223976582,-0.458088384,0,0
113561,-0.366410423,-2.182980152,0,1
113562,-1.376573851,-0.818140241,1,0
113563,0.289706801,-0.572814638,0,0
113564,-1.559262046,-0.34714863,1,0
113565,0.313583156,1.562590885,0,1
113566,0.328556484,-0.98813738,0,0
113567,0.003767117,-0.291210905,0,1
113568,-1.437165302,0.035583916,0,1
113569,1.407505933,1.301441744,0,0
113570,-2.723051212,-0.174168817,0,1
113571,-0.4369394,-0.273023879,0,1
113572,0.092184882,-1.328629137,0,1
113573,-0.28011347,-0.263955608,0,1
113574,1.791801877,-1.286206658,0,0
113575,0.076227124,-1.816889549,0,1
113576,1.326492795,-0.396383056,1,1
113577,0.203906527,-0.325758374,0,0
113578,-1.39098416,0.228280335,0,1
113579,0.300930372,-0.953040365,0,0
113580,0.114889122,-0.147401449,0,1
113581,1.578084368,0.910316051,0,0
113582,0.805761886,0.231647713,0,1
113583,0.084132441,-0.546075375,0,1
113584,-0.954563862,0.990129461,0,1
113585,-1.129916146,-0.104178585,0,1
113586,-1.251535535,-0.300056888,0,1
113587,-0.48470214,0.612046761,0,0
113588,-1.185049484,-2.591967693,1,1
113589,0.374174639,0.984507494,0,0
113590,-0.591298668,0.073651361,0,1
113591,-0.25647201,-0.371955999,0,1
113592,0.594788269,0.508692564,1,0
113593,0.693653351,-0.006418673,1,0
113594,0.166511253,0.033997626,0,1
113595,0.337017896,-0.159934489,0,0
113596,-1.360900144,0.129262186,0,1
113597,0.286160741,0.197811934,0,0
113598,1.142734348,0.652148688,0,0
113599,0.849605169,-1.133779891,0,1
113600,0.650318379,-0.160261836,1,1
113601,-0.941690687,1.038644632,0,0
113602,-1.432479103,-1.620502749,1,0
113603,-0.279526863,2.71796879,0,0
113604,0.171652662,0.963428192,1,0
113605,0.131269869,-0.834328514,0,0
113606,0.835530502,-1.162423741,0,0
113607,0.516463744,-2.131985851,1,0
113608,-1.129964444,1.639531821,0,0
113609,1.633454489,-0.9265218,0,1
113610,0.734492341,0.968939015,1,1
113611,0.56089261,-0.063406375,1,1
113612,-1.940690125,1.655023988,0,0
113613,-0.677022472,0.949391753,1,0
113614,1.077442122,-0.340150111,1,1
113615,0.30313644,0.170150434,0,1
113616,-0.904202843,-0.04516136,0,1
113617,0.392523435,1.45019965,0,1
113618,1.529390679,-1.137719154,0,0
113619,1.034926132,-2.066796873,1,1
113620,-0.263735869,-1.190832578,0,1
113621,0.944465851,0.483842753,1,1
113622,-1.606244549,-0.80198944,1,0
113623,0.163768556,-0.095377745,0,1
113624,-0.338618638,-0.281722477,1,1
113625,-1.571457881,1.437350131,1,1
113626,1.103647604,0.778823331,0,0
113627,-0.003866832,0.332011073,0,0
113628,1.398721483,-0.553334391,0,1
113629,-0.144132649,-1.988308851,0,1
113630,0.153974406,0.039081248,0,1
113631,-0.487649867,0.560118158,0,1
113632,0.330101758,1.335904492,0,1
113633,-1.042475635,-0.560665756,0,1
113634,0.803711137,-0.148773403,1,0
113635,-0.037691332,2.299787868,0,1
113636,-1.243694875,-0.090209931,0,1
113637,-0.761905124,0.978949487,0,1
113638,-0.593467359,0.343965126,0,1
113639,0.740871645,0.740294057,0,0
113640,0.247899354,-0.038551795,1,1
113641,-0.78502412,-0.018391031,0,0
113642,0.176697957,0.513351745,1,1
113643,-0.146913246,1.814622645,0,0
113644,-0.160216871,1.170297768,0,0
113645,2.554230596,1.80666395,1,1
113646,0.734725608,-0.282997362,0,1
113647,1.327434323,-1.05340435,0,1
113648,-0.830249576,0.394839366,1,0
113649,0.305862549,0.215480508,0,0
113650,0.969638843,-0.451523676,0,1
113651,1.42333096,0.695077405,1,0
113652,-0.506851669,1.225683479,0,0
113653,1.062945829,0.338922604,0,1
113654,-1.130628087,-1.441749395,1,0
113655,0.038091238,-1.329871139,0,0
113656,1.555501497,2.164918244,0,1
113657,-0.751705667,1.749661499,0,0
113658,0.288280268,-0.073573201,0,0
113659,1.330249185,0.846215888,1,0
113660,-0.434303633,0.547131868,0,1
113661,0.830282519,2.375142722,0,1
113662,0.582802615,0.407231427,0,0
113663,0.895095144,-0.620880885,0,1
113664,0.739125935,-0.992346955,0,1
113665,2.384405444,0.267728128,0,0
113666,-0.040937736,1.896390738,0,1
113667,-0.755164089,-0.634463879,1,0
113668,-0.181916172,-0.447288895,0,0
113669,1.669342174,-1.045285252,0,1
113670,0.4332318,-0.896100048,0,1
113671,-1.43736611,-2.182984541,1,0
113672,1.07744952,-0.996905306,0,1
113673,-0.606447051,0.361714719,0,1
113674,0.749315904,-0.909372619,0,1
113675,0.556367831,1.639226017,0,1
113676,0.259636849,-0.661983105,0,1
113677,-1.264567745,0.15490363,0,1
113678,-0.007816429,0.901987721,0,1
113679,0.501713545,-0.56462915,0,1
113680,-1.452021894,-1.400046731,0,0
113681,0.116683554,-0.047075001,0,0
113682,0.02597,-0.588391084,0,1
113683,0.642609217,0.496412081,1,1
113684,1.544831005,0.237450507,0,0
113685,0.04859734,0.437078541,0,1
113686,-0.374657105,0.912679237,0,0
113687,0.291091039,0.384405728,0,1
113688,0.993193199,1.666191085,0,1
113689,0.198302369,-0.32456294,0,1
113690,0.486407495,-0.579262828,0,0
113691,-0.443213594,1.689496885,0,0
113692,-0.148573924,-1.026564541,1,0
113693,-0.338875177,-0.656714446,1,0
113694,-0.367711339,-1.66166018,0,1
113695,-0.190075373,-0.624918693,0,1
113696,1.231637289,1.02166822,0,1
113697,-0.527488041,-1.491468677,0,1
113698,-0.673083783,0.921590482,0,1
113699,-0.152427999,-1.264299641,0,1
113700,0.010649177,1.028954746,1,0
113701,-0.352019012,-0.544779174,0,0
113702,-0.655072284,-0.312578807,0,0
113703,0.19468566,1.309578569,0,1
113704,0.236837742,0.813973469,0,1
113705,0.256592689,-0.929040022,1,1
113706,1.349229135,-0.875602014,0,1
113707,-0.6104604,0.68270836,1,0
113708,0.427336222,-1.035990204,0,0
113709,-1.322188453,0.927434342,0,1
113710,1.019269691,0.112170827,0,0
113711,-0.982076237,0.009303759,1,0
113712,1.307601206,0.318049855,0,0
113713,-0.638908438,0.792024341,0,0
113714,1.951107151,2.12507605,1,0
113715,0.526821688,-0.051676019,1,0
113716,-1.492286932,-0.739750689,0,1
113717,1.282212178,0.783419163,0,1
113718,0.178422583,-0.828887674,0,1
113719,0.75803467,0.611423065,1,0
113720,0.514235417,-0.755387088,1,1
113721,-0.676186428,-1.300092415,1,1
113722,-2.20089628,-0.534470644,0,1
113723,0.221435759,-0.468926331,1,1
113724,1.121529774,-1.290278996,0,1
113725,1.317779446,0.835021701,0,0
113726,-1.248230335,2.581187722,0,1
113727,-0.228397973,-1.006895378,0,1
113728,-0.963942878,-0.478180412,1,1
113729,-0.361734474,-0.582444659,0,1
113730,0.29215691,1.243597097,0,1
113731,-0.669005994,0.269809252,1,1
113732,1.083886413,-0.511650116,0,1
113733,-0.701179073,0.170558476,0,0
113734,-3.20140396,-0.066077216,0,1
113735,2.032062038,-0.44334041,0,1
113736,1.659207379,0.409195254,0,0
113737,-0.227501146,0.230566739,1,0
113738,0.445510895,-0.634389415,1,0
113739,-1.46038706,-0.272208825,0,1
113740,-0.699538953,0.614139678,1,0
113741,0.680149201,-0.443117059,1,0
113742,0.523759591,0.421366825,0,1
113743,-2.238832941,0.967264869,1,1
113744,-1.368524153,-0.232580874,1,1
113745,1.604747729,0.835158683,0,0
113746,-1.329152049,0.06882839,1,1
113747,0.043756589,0.273083356,0,1
113748,-1.368019865,2.186897281,0,1
113749,0.438098634,0.128567827,0,1
113750,0.947590952,-0.186035238,1,1
113751,0.621171797,-0.744282222,1,0
113752,-0.656852206,0.554106995,0,0
113753,0.006833248,-0.045212523,1,1
113754,0.368679702,-1.169030377,0,0
113755,-2.610793194,-0.265906157,0,1
113756,-1.365557343,0.357465532,0,1
113757,1.107159166,-0.192225038,0,0
113758,-1.415148297,-0.128078616,0,0
113759,-0.854017599,1.144475187,0,1
113760,0.006276408,1.204207042,0,0
113761,-0.817542797,-0.021593243,0,1
113762,-0.759773078,0.487796812,1,1
113763,-0.296436671,-0.721084568,1,1
113764,-1.414352013,0.839116988,1,1
113765,0.619829932,-0.557768206,1,1
113766,-0.750041395,0.485021877,0,1
113767,1.25584525,-3.581473945,1,0
113768,1.131875721,0.316696392,0,0
113769,0.496235088,-0.435178088,0,0
113770,-0.999053258,0.31019979,0,1
113771,-1.647731184,1.306129695,0,1
113772,0.491597777,-1.024618398,0,1
113773,0.590599163,-1.497472623,1,1
113774,0.623913204,0.780485917,0,1
113775,0.050672402,0.581581777,0,0
113776,-0.978059471,-2.521361406,0,1
113777,0.722754102,1.009590902,1,0
113778,1.260675564,-0.164355122,0,1
113779,-1.024376078,-2.432424458,0,1
113780,3.311734591,0.679813796,0,1
113781,0.412323481,-0.657706757,0,0
113782,0.204551935,0.195051817,1,0
113783,-0.413188134,0.34100183,0,1
113784,0.006704989,1.598654056,0,0
113785,-1.657628399,-0.415772887,0,0
113786,0.080786461,0.063909868,0,0
113787,-2.738581761,-0.199838589,0,1
113788,0.531488928,-2.772253544,0,1
113789,1.308320417,0.69319386,1,0
113790,2.24573631,-0.922516915,0,0
113791,-0.885503804,-1.193647053,0,1
113792,-0.344902843,-0.359252476,0,1
113793,-2.035766376,-1.016750886,0,0
113794,0.780835454,-0.786435953,1,1
113795,1.585726337,-1.489973299,1,1
113796,0.62694232,-0.836702587,0,0
113797,0.262606615,0.054576882,0,0
113798,0.542255027,-2.052874337,0,0
113799,0.658481888,0.096702375,1,1
113800,-0.035402303,1.369347111,0,1
113801,1.566725566,1.555101169,0,0
113802,-1.375919638,1.008212451,0,0
113803,-0.404086797,-1.220724648,1,1
113804,-0.152059896,-1.324469751,0,0
113805,-0.225499733,0.729375518,1,0
113806,-0.468736574,0.327584351,0,0
113807,1.346979168,0.354497516,0,1
113808,1.846091073,0.403473697,0,1
113809,-1.273023736,-0.606712594,0,0
113810,-0.033317997,0.246636862,0,0
113811,0.975912181,-1.012567462,1,1
113812,-0.25773505,0.337736972,0,1
113813,0.3380641,1.839290809,1,1
113814,-1.735843692,0.619090916,0,1
113815,0.301578208,0.291636891,0,1
113816,1.59878493,-0.609685386,0,1
113817,-1.377795498,-1.521685864,0,0
113818,-0.542928379,0.28260865,0,0
113819,0.043701357,1.660885394,1,0
113820,-1.250392414,0.057058981,1,0
113821,-0.89808468,-0.804424868,0,0
113822,0.510022334,0.967058831,0,0
113823,-0.044927255,-0.761340534,0,0
113824,-1.1282597,-0.290360162,0,0
113825,-0.186490214,0.810140092,0,1
113826,-1.276903563,1.867454674,0,1
113827,2.835720449,0.175577623,1,0
113828,0.218514628,0.236621559,0,1
113829,0.582086877,-0.860766586,1,1
113830,0.160298945,-0.150021976,1,1
113831,-0.424659195,0.993339907,0,0
113832,-0.802686415,0.957615411,0,1
113833,0.412133431,1.034483628,1,1
113834,-0.105434239,-0.420816991,1,0
113835,-0.06210144,0.976654,0,1
113836,1.462654667,0.855962681,0,1
113837,-2.098040642,1.119404488,0,1
113838,0.036167605,0.036771503,1,0
113839,-2.415958795,-0.698281472,0,1
113840,0.677659282,-1.094073196,0,1
113841,-2.553085924,-0.085087481,0,1
113842,-1.052544949,0.515802897,0,1
113843,0.933571428,0.130469664,0,0
113844,-0.262971649,-0.596145218,0,0
113845,0.085348303,-0.766296293,0,1
113846,0.147266461,1.045870923,1,0
113847,-0.186357276,0.188255419,0,0
113848,0.483873839,-0.544820147,0,1
113849,0.054834687,-0.711296669,1,0
113850,-0.866651455,0.655857533,0,1
113851,-1.142770416,-0.026356039,1,0
113852,-0.292560988,-0.819047283,0,1
113853,0.348171088,-1.517652636,0,0
113854,-1.114285185,-0.918147755,0,1
113855,-1.243642328,-0.598423468,1,1
113856,0.0318048,-0.040961621,1,1
113857,0.134601469,-0.357701142,1,0
113858,0.003511365,1.293774953,0,1
113859,-1.884539366,0.267753701,0,0
113860,-0.251534304,-0.40240859,1,1
113861,-0.858321646,-2.016243998,0,1
113862,-0.023755733,-1.253350297,0,1
113863,0.68660464,-0.84248304,0,1
113864,-0.661062058,-0.415853975,0,0
113865,0.532477138,0.709261598,0,1
113866,0.632552066,-0.614086099,0,1
113867,0.668643958,-1.440639483,0,0
113868,0.584351859,0.363953637,0,0
113869,0.523890634,-0.804474807,0,0
113870,-0.224206753,1.263256032,0,1
113871,-1.562334058,0.206460709,0,1
113872,-0.432855813,-0.155496748,1,1
113873,0.289859888,-1.094331696,1,1
113874,0.536810555,-1.082676027,0,0
113875,-0.250597896,-1.664905533,0,0
113876,-0.015443528,-1.337589859,0,1
113877,0.358417745,1.958069479,0,0
113878,-0.408198258,-0.971892595,1,0
113879,-0.348495871,0.235706417,0,1
113880,-1.210124587,-0.186127581,0,1
113881,1.919534925,0.607483651,1,0
113882,-0.980820192,0.145748337,1,1
113883,-0.330172384,-0.591001261,0,0
113884,-0.942381679,1.865356508,0,1
113885,-2.416053791,0.888693887,0,1
113886,-0.521515597,1.413906429,0,1
113887,-1.277341178,0.53473529,0,0
113888,1.054712428,0.096271973,0,1
113889,0.288180846,-0.85000051,0,0
113890,-0.643104727,-0.383296694,0,0
113891,0.26072816,-1.391239237,0,1
113892,-1.930413543,-0.882138526,0,0
113893,0.508523441,-0.708012022,0,0
113894,-0.606895942,0.34641045,1,1
113895,0.004720052,0.210568918,0,1
113896,0.426841357,-0.401396631,0,1
113897,-1.195868128,-1.539198364,0,0
113898,-1.662348542,0.674079958,1,0
113899,-1.652091389,0.706091258,0,0
113900,-0.542375333,0.409420528,0,1
113901,0.490809852,-0.153130752,0,0
113902,0.380914544,0.294672165,1,0
113903,1.07084812,-1.384557847,0,1
113904,0.174268944,-0.515209831,1,1
113905,-0.610157107,-0.528301824,0,1
113906,1.274288901,-1.402205831,0,1
113907,-0.17140894,-0.673519633,0,0
113908,0.85084041,-1.00676076,1,1
113909,-0.278467908,0.930903022,1,1
113910,0.946772453,-0.174218904,1,1
113911,-0.003203151,0.61501358,0,1
113912,-0.098306978,-0.787681084,0,1
113913,-1.452948152,0.182145038,0,0
113914,-1.125066766,0.236452981,0,1
113915,-1.069373113,0.211292008,1,1
113916,-0.606276148,-0.738509064,0,1
113917,2.043196419,-0.303580777,0,0
113918,1.324854926,-1.785547461,0,0
113919,-0.753417871,1.200793972,0,0
113920,-0.550302138,0.625709744,0,1
113921,-1.716381959,-0.086207434,1,0
113922,-0.526284764,0.484422384,0,1
113923,-1.013256845,-0.951824181,0,0
113924,0.501164103,-0.044239892,0,0
113925,1.110583499,-1.223938766,0,1
113926,0.490270479,-0.27953554,0,1
113927,-1.623681349,0.005024608,0,1
113928,-0.874292875,-0.340520392,1,1
113929,-1.892281094,-1.360097444,0,1
113930,0.967956591,0.589075116,1,0
113931,-0.802038043,0.43413854,1,1
113932,-1.201062502,-1.19995457,1,1
113933,-0.513677181,-0.317572777,0,0
113934,-1.333889816,-0.34847671,0,0
113935,0.806226766,1.018971009,1,1
113936,-0.895406588,-0.46358317,0,0
113937,-1.326869905,-0.227534032,0,0
113938,-2.156024603,0.456868087,1,0
113939,0.241443095,0.042332098,0,0
113940,0.534736927,-1.318411434,1,1
113941,0.958400899,0.460159108,0,1
113942,-0.452782204,1.106934085,0,1
113943,0.278864561,0.108728977,0,0
113944,-0.098849347,0.311965274,0,1
113945,0.732901948,-2.126767077,0,1
113946,-1.357075669,-0.012268395,0,1
113947,-0.07257228,-1.071153619,0,0
113948,0.426919648,-1.877166602,0,1
113949,0.862813563,0.733224756,0,1
113950,-0.657433137,-0.157614138,0,0
113951,-0.593757234,-0.37058416,0,1
113952,0.674931296,0.527088529,0,0
113953,-0.008183128,-1.894960333,0,1
113954,1.723455764,0.377113718,0,0
113955,-0.34390939,1.499731721,1,1
113956,-0.9915795,-0.94367527,0,1
113957,1.608988883,0.318286611,1,1
113958,0.058938488,0.380694252,0,1
113959,0.548697114,-0.501301666,0,0
113960,-1.416095208,1.255774973,1,1
113961,0.254172278,0.833925605,1,1
113962,-0.919203065,0.342033274,0,0
113963,-1.937822528,-0.806020363,0,1
113964,-0.167213942,-0.095197629,0,0
113965,1.309429812,-1.441996993,0,0
113966,-0.117254184,0.26042864,0,1
113967,1.022412029,-1.778918724,0,0
113968,0.527570038,0.510056651,0,0
113969,-2.228815717,1.052350254,0,0
113970,1.661426788,-0.532128939,0,1
113971,1.699747839,0.19422543,1,0
113972,-2.084313712,-0.307090521,1,1
113973,0.654582735,0.322262414,0,1
113974,1.172856016,-0.116109719,0,0
113975,-1.773179093,1.239670492,0,1
113976,-0.33213266,2.175706092,0,0
113977,0.097916433,0.605923625,0,0
113978,-1.150236031,-2.432387976,0,1
113979,0.165007467,0.141366088,0,1
113980,-0.19101663,0.041300126,1,1
113981,0.512859224,0.062967484,0,0
113982,1.406455066,0.258561546,1,1
113983,1.280910583,1.061966891,0,1
113984,1.584444245,0.251136927,1,0
113985,1.411134908,-0.005020993,1,1
113986,-0.368938351,-1.046728716,0,1
113987,-0.911341077,-1.859641772,1,1
113988,1.980135641,0.584488171,0,0
113989,1.765230443,-0.523675338,0,0
113990,-1.28261403,0.084903465,0,0
113991,-0.310999706,1.124020578,0,1
113992,-0.215659193,-0.319216599,0,0
113993,2.325371156,-1.818139949,0,0
113994,-0.286231197,0.686095634,0,1
113995,-0.519309593,-0.500097519,0,1
113996,1.288563878,2.154723102,0,1
113997,1.018077118,-0.660578324,1,1
113998,1.763454883,0.75854487,0,1
113999,0.582464793,-1.607034668,0,1
114000,-0.390760921,1.144320293,0,1
114001,-0.322920007,0.501160194,0,0
114002,0.135931853,0.397013652,0,1
114003,-0.266986771,0.983033846,0,1
114004,1.740230037,-1.564249686,0,1
114005,-0.27974977,0.74295709,0,0
114006,1.280293343,-0.748394465,0,1
114007,0.174486494,-2.344412361,1,0
114008,-0.466061025,2.029874816,0,0
114009,-0.007948951,-1.953852555,0,1
114010,0.902891491,-0.094886232,1,0
114011,0.545810674,0.394027854,0,1
114012,0.226724608,-0.810935089,1,1
114013,-1.622256064,0.088434011,1,0
114014,0.906615569,-0.817504364,0,0
114015,-0.77048512,0.4780319,0,0
114016,1.897040377,1.741456613,0,0
114017,-1.05926278,0.629529961,1,1
114018,0.178723545,0.444708831,0,0
114019,-0.086562505,-0.495634912,1,0
114020,1.165948103,-0.927416202,1,1
114021,0.307700411,1.671942202,0,1
114022,-0.005634419,0.603295893,1,1
114023,1.240503078,-0.846344172,0,0
114024,-1.048497091,-0.892003732,0,0
114025,2.0495771,-0.380504562,1,1
114026,0.082249207,-0.597409626,0,0
114027,-0.784649061,-0.416767347,0,1
114028,1.168669266,0.322706276,0,0
114029,0.520086976,-0.422187994,0,0
114030,0.733997454,0.393031957,0,0
114031,-1.338272737,0.468087824,0,1
114032,-1.036989808,0.947150204,1,0
114033,-0.007852964,-0.904204155,0,1
114034,0.505090539,-0.942074229,0,1
114035,0.375226369,-1.543299753,0,1
114036,0.261774419,0.461108978,0,0
114037,-0.979969753,-0.992902499,0,0
114038,-0.89707693,-1.171230415,0,1
114039,0.094015063,-0.532909829,0,0
114040,-0.884700365,0.167527441,1,1
114041,-1.384733632,0.261570234,0,1
114042,1.275343816,2.32095647,0,0
114043,-0.876588073,-0.882873622,0,1
114044,-1.343803445,1.67976829,0,0
114045,1.805174881,1.668022036,0,1
114046,-0.643130556,1.732809142,0,1
114047,-0.243688656,-1.765871615,1,0
114048,-1.793228556,0.515322771,0,1
114049,-1.465312601,0.855499636,0,0
114050,1.028166567,1.814466292,0,0
114051,-0.460530251,-0.91026932,0,0
114052,-0.780990014,-0.107117623,0,1
114053,-0.657885146,-0.164514365,1,0
114054,1.137948039,-0.192055504,0,1
114055,-0.884124634,0.033896148,0,1
114056,-1.203874608,-0.027718023,0,1
114057,1.308009853,-0.697397477,0,1
114058,-0.853405876,-0.183378053,1,0
114059,2.120567746,-0.032469503,0,1
114060,-1.242326692,0.58996937,1,0
114061,0.603868447,1.459697147,1,1
114062,0.30479559,-1.219940354,1,1
114063,-1.332740074,-0.353752204,0,1
114064,1.26622991,-0.853984811,0,1
114065,0.398032958,-0.582308485,1,1
114066,0.41218812,1.464593041,0,0
114067,0.239191601,-0.623548993,0,1
114068,0.442638377,2.209901514,1,1
114069,-0.407789679,0.36732663,0,1
114070,0.968732418,0.996139149,0,1
114071,0.76218542,0.3790985,0,0
114072,1.477032934,1.187813396,0,1
114073,-0.452666162,0.451931155,1,0
114074,0.352348449,-0.389948415,1,1
114075,-1.984406176,0.885880003,1,1
114076,-0.481983483,-0.307772767,0,0
114077,0.327288302,-0.902764036,0,1
114078,0.454907081,1.389912937,0,0
114079,0.222321477,1.201717372,0,0
114080,-0.662515968,0.538784862,0,0
114081,-0.060528029,-2.073214894,1,1
114082,1.14925104,-0.041179977,0,1
114083,0.443317013,-0.204180469,1,0
114084,-0.252953452,-0.28087833,0,1
114085,-0.442024586,-0.297854171,0,1
114086,-0.588096291,-0.645333666,1,1
114087,-1.169810189,2.723111279,0,0
114088,-0.655331274,0.267057325,0,1
114089,-1.240898936,-0.092805544,1,1
114090,-0.938734883,-0.697914422,1,1
114091,-0.69817059,0.239780402,1,1
114092,-0.691085055,1.5822374,0,1
114093,0.127306181,-1.891235047,0,1
114094,0.374895062,1.872400772,0,1
114095,0.292416195,0.499904606,0,1
114096,-0.292773289,0.618466287,0,0
114097,0.974194386,0.238980877,0,0
114098,1.330349196,1.305759327,0,0
114099,0.449013428,-0.83261004,0,1
114100,-0.505114645,0.277675837,0,1
114101,-0.124851641,-0.837441076,1,1
114102,0.861361519,-0.457007231,0,0
114103,-1.034218204,0.503961904,1,0
114104,-0.623868792,-0.954658424,0,1
114105,0.095615556,2.813080964,1,1
114106,-0.503559719,-0.022929782,1,0
114107,-0.381698704,0.033210466,0,0
114108,-1.413146413,-0.272331454,0,1
114109,1.032464201,-1.320937499,0,1
114110,1.494297562,-1.709094398,0,0
114111,0.897292348,0.97532524,0,1
114112,1.088103762,0.118495386,0,1
114113,0.322153047,0.737022098,1,0
114114,-1.366045905,0.566869993,1,1
114115,-0.820173376,0.007063005,0,1
114116,1.402455737,0.571187176,1,1
114117,-0.830649606,1.58337999,0,1
114118,-1.276679799,-0.843359801,1,0
114119,0.976473781,-0.725720341,0,1
114120,0.710551927,0.669001709,0,1
114121,0.121196179,0.656511876,0,1
114122,-0.486080135,-0.695947786,0,1
114123,-0.13092716,-0.01567277,0,0
114124,-0.922818592,-1.941003716,0,0
114125,1.159897228,0.919640582,1,1
114126,0.107057294,-0.808311851,0,1
114127,2.70199642,1.077722731,0,0
114128,-1.478217371,0.593903842,0,1
114129,-0.28238826,1.689808665,1,1
114130,0.564287667,-1.127760366,1,1
114131,-1.210318249,-1.336169792,0,0
114132,0.175828428,-1.656771899,1,0
114133,-2.723575337,-0.484534329,1,1
114134,-1.216723854,-0.369635792,1,1
114135,-2.150811985,-0.117995689,1,0
114136,0.011888956,-1.148705469,1,1
114137,-1.916374191,-0.079596544,0,0
114138,1.148555964,-2.485625433,1,0
114139,-0.002016982,-2.612980024,0,0
114140,0.61368734,-0.633012075,0,0
114141,-0.040743695,-1.37555386,0,1
114142,1.173408148,0.846396761,0,1
114143,1.513506085,-1.072081596,1,0
114144,0.781343613,4.068096915,0,1
114145,-1.476914423,-0.128425502,1,1
114146,-0.590474649,-1.155580924,0,0
114147,0.617627825,0.420879134,0,0
114148,-1.748997978,-0.314395231,0,0
114149,-1.798672981,-2.392669164,1,0
114150,0.60913999,0.839237289,0,1
114151,-0.660989043,-1.000782093,1,1
114152,0.072629243,0.602852669,1,1
114153,2.567501898,0.37808523,1,0
114154,1.827170919,1.420309881,0,0
114155,-1.517119838,-1.572851867,1,1
114156,0.203710422,0.331222973,0,0
114157,-1.323716031,-0.720542089,1,0
114158,-0.422144543,-0.581105014,0,1
114159,0.864915751,0.269788975,0,1
114160,1.114232365,-0.337263662,0,1
114161,-0.894885598,0.29467991,0,0
114162,1.931686891,1.519698379,1,0
114163,0.558059858,-1.723668142,0,0
114164,-0.772906459,-0.606602711,1,0
114165,0.987389389,2.793552223,0,1
114166,-0.785745409,-0.457628631,0,1
114167,0.720368535,0.629936193,0,0
114168,-0.735707312,0.468838264,0,1
114169,1.872858223,-1.475824955,0,0
114170,-0.228052304,-0.082716819,0,0
114171,1.719462918,0.427641819,1,1
114172,-0.429091713,-1.616226191,1,1
114173,-0.688868382,-0.777853075,0,1
114174,-1.196270099,-0.951753239,0,1
114175,0.435481382,-0.068876887,0,1
114176,-0.945797318,-0.217347793,1,1
114177,0.26180477,-0.896817976,0,1
114178,-0.841104531,0.333849714,0,0
114179,0.429963479,-0.736978043,0,1
114180,-0.069981426,0.700802439,1,1
114181,0.476310329,-1.32509489,0,1
114182,-0.223045175,-0.598592775,0,0
114183,-0.706020016,-0.806445059,0,1
114184,-1.565021315,2.234045504,0,1
114185,-0.053956555,1.301276755,1,0
114186,0.16534911,-2.64351967,0,1
114187,0.398322303,2.055333563,0,1
114188,-0.009193183,-0.506994897,0,0
114189,-0.457429149,-0.246952248,0,1
114190,1.418095008,-0.512824226,1,0
114191,-1.224420467,0.504413418,0,0
114192,1.584540995,-1.247298447,1,1
114193,2.395538397,-0.433865057,0,1
114194,1.482488663,0.275128389,0,0
114195,0.876806434,0.381097818,0,1
114196,-0.124064195,-2.214612351,0,0
114197,-2.907771754,0.182685815,0,0
114198,-0.224619786,0.609863837,0,1
114199,-1.740450595,-0.710528318,1,1
114200,-0.208778254,1.129552622,1,1
114201,0.952427578,-1.440741329,0,1
114202,-0.965990052,0.418119816,1,0
114203,0.276539269,0.268948115,1,0
114204,1.481015653,0.471712047,1,1
114205,0.78689989,0.891910754,1,1
114206,-0.40989375,-1.386354497,0,0
114207,1.987221801,0.222984383,0,1
114208,-0.757739045,-0.856885203,0,1
114209,0.762631096,-1.616695416,0,1
114210,-1.993145491,-1.020970188,0,1
114211,2.269044549,0.90642806,1,1
114212,1.078312952,-0.294942713,0,1
114213,0.44168537,0.306556679,1,1
114214,-0.15710746,-0.050986334,0,0
114215,-0.184485105,-0.456281837,0,0
114216,0.015100873,-0.560237091,0,0
114217,-0.246379377,-0.518461124,0,0
114218,-0.364957824,0.551867086,0,0
114219,0.98540048,-0.25981863,0,0
114220,0.451148172,0.264232638,0,1
114221,0.471221794,0.019057138,1,1
114222,-0.242554241,-0.373209071,0,0
114223,-0.112939651,-0.001589811,0,1
114224,-1.257834297,-0.73736006,0,1
114225,-1.58227371,-0.899278467,1,1
114226,0.106984781,0.447637599,0,0
114227,-1.833654305,0.810161501,1,1
114228,0.535195249,2.593322466,0,0
114229,1.290023845,-1.513203026,0,0
114230,-0.529464143,2.450332624,1,0
114231,-2.357675465,0.563997018,0,1
114232,1.597481926,0.8666691,1,1
114233,-0.207277774,0.83568778,0,0
114234,0.523773912,-0.250292652,0,1
114235,0.610517491,-0.250863105,0,1
114236,1.214175906,0.502989198,1,1
114237,-0.525576948,0.845973254,0,1
114238,-1.538311882,-0.374635022,1,1
114239,2.338208554,0.167727167,0,1
114240,0.532394564,0.311083604,0,1
114241,-0.308086479,-0.446512155,0,0
114242,-0.6774114,0.757493623,0,0
114243,-0.437527198,0.69203115,0,1
114244,1.50018123,0.118614964,0,1
114245,-0.114626293,-0.127134303,0,0
114246,-0.471475374,-0.422016086,1,1
114247,0.627317753,-1.005330559,1,0
114248,0.57142763,-0.880442838,0,1
114249,0.072417492,-2.178364571,0,0
114250,0.812542512,1.774684654,0,1
114251,-0.574612502,-0.296689443,0,1
114252,0.451771731,1.622319774,0,0
114253,0.786543819,-1.41074993,0,1
114254,-0.01457466,1.297602076,0,0
114255,1.614370897,0.252518974,0,1
114256,-0.12515176,0.070254325,1,1
114257,0.233234133,0.256460599,0,1
114258,-0.637163993,-0.633287749,0,1
114259,1.548010223,-1.192356858,1,0
114260,-0.70010894,1.163773135,0,1
114261,-0.91201431,-0.546432527,0,0
114262,0.018166028,-1.413716581,1,1
114263,3.5589813,-1.670251221,1,1
114264,1.056481874,1.563672595,1,1
114265,-0.597388617,-0.259850351,0,1
114266,-0.811778297,-0.852292195,0,0
114267,0.86297712,-0.700201307,0,0
114268,-1.7511846,0.146597646,0,1
114269,0.184938762,0.347660785,0,1
114270,-1.914367548,2.437229894,0,0
114271,0.869776986,-0.964365775,1,0
114272,-1.140128797,-0.299335758,1,0
114273,1.291993385,0.814700356,0,1
114274,-0.68607976,0.209415952,0,1
114275,1.52685207,0.064090363,0,0
114276,-1.537651509,-0.633327564,0,0
114277,-1.052749168,-0.74972584,0,1
114278,0.279799613,1.071834122,1,1
114279,-0.569249954,0.448815752,1,1
114280,0.999856396,-0.145167933,0,0
114281,-1.765633798,-1.13783939,0,1
114282,0.320617793,-0.949631044,0,1
114283,-1.543763965,-2.028738703,0,1
114284,2.080367876,-1.641654271,0,1
114285,0.538327965,1.626738045,1,0
114286,0.712922926,0.65464024,0,0
114287,-0.728362011,-1.165980226,1,0
114288,1.017537337,0.105016899,0,1
114289,0.415217037,-0.345336274,0,1
114290,0.112413103,1.614803627,0,0
114291,-1.664495782,1.247930186,1,1
114292,0.046287174,1.532684636,0,1
114293,0.850090512,-0.549223887,0,0
114294,1.37316523,1.094976536,0,1
114295,-0.206311196,-1.201624238,1,1
114296,-0.544341927,0.157162336,1,1
114297,-0.516578156,1.232624022,0,1
114298,-0.296736828,2.05042919,0,0
114299,1.487502271,1.494476353,0,0
114300,0.430120726,0.823641348,0,0
114301,0.714966222,-0.694039448,0,0
114302,1.140721524,1.118587774,0,0
114303,2.31971774,0.507782697,1,0
114304,0.505073835,0.771515041,0,0
114305,-1.996164588,0.480084178,0,1
114306,0.365375934,-0.487424488,1,0
114307,-0.26206015,-1.588395914,0,1
114308,-2.041318108,-0.136947026,0,1
114309,1.504010922,-0.996380426,0,1
114310,0.952221631,-0.185662389,1,1
114311,0.034407367,0.768778741,1,1
114312,-0.332210866,-0.209765983,0,1
114313,-1.006589927,0.866603443,0,1
114314,0.37184765,1.64048366,1,0
114315,-0.363807128,1.170207645,1,1
114316,-0.713753376,2.07558157,1,1
114317,-0.116350699,-0.082087571,0,0
114318,0.362615808,1.934464822,0,0
114319,0.9666128,1.343972468,0,0
114320,0.982682258,0.866522413,1,1
114321,0.169954117,-0.638031104,1,1
114322,1.403628219,0.766080943,0,0
114323,-0.161175426,-0.876732324,0,1
114324,-1.839242421,-1.053684542,1,1
114325,-0.915235478,0.052960014,0,1
114326,-1.292912797,-0.972246238,1,0
114327,0.116866012,0.704260811,0,0
114328,-2.104376437,-0.750119063,1,1
114329,-0.920303369,-0.018894024,0,0
114330,1.328602869,-0.134706715,0,1
114331,-1.225175771,-0.088804751,0,1
114332,-0.66727313,1.510636266,1,1
114333,-0.341680423,0.30193134,0,0
114334,-1.334143573,-1.624542273,1,1
114335,-1.873657694,-0.138181062,0,1
114336,-1.079800866,1.837040911,1,1
114337,-0.536153413,0.440765444,0,1
114338,-0.470602366,0.457065138,0,1
114339,-0.212166646,-1.245985594,1,1
114340,-0.873015138,-0.095628338,1,0
114341,-1.161147698,-0.512495866,1,1
114342,0.833819501,-0.390368117,1,1
114343,0.070136942,-0.240296917,0,1
114344,-1.080664173,-1.359807615,1,0
114345,0.843374476,0.986659316,0,0
114346,-1.23664042,0.878084014,1,1
114347,0.073728119,0.473404092,0,1
114348,2.031251715,-2.071729856,1,0
114349,-0.466239005,0.299486577,0,0
114350,0.851078543,-1.085054121,0,1
114351,0.657562878,0.163449331,1,1
114352,1.504734487,-0.556731842,0,0
114353,0.688279281,-0.024186079,1,0
114354,-0.864383032,-0.680309095,1,1
114355,-0.683652923,-0.121089952,0,1
114356,0.19659449,-0.555544951,1,0
114357,0.896667185,-0.310502663,0,1
114358,1.215720368,0.222452638,1,1
114359,0.146198835,-0.406274715,1,1
114360,0.926682893,-1.901742909,1,1
114361,0.51823958,0.733016283,0,1
114362,0.866097181,0.186398346,1,1
114363,3.010970821,0.163609856,0,0
114364,-1.963887335,0.001009125,0,0
114365,0.209713511,-0.793362027,1,1
114366,1.629808538,-0.271499521,0,1
114367,-1.036653464,0.173508077,1,1
114368,0.158789178,0.484279689,0,1
114369,-2.640302149,-0.822303657,0,1
114370,0.387017126,1.16254942,0,1
114371,0.297865491,-0.800593144,1,0
114372,-0.144749122,0.961206292,1,1
114373,0.767832767,0.736122179,0,0
114374,1.325979645,1.543011243,1,1
114375,-1.133192832,-0.664074301,0,1
114376,1.281015789,-1.547374487,0,1
114377,0.98914705,-1.495176758,0,1
114378,1.133760766,0.119578918,1,0
114379,0.165075938,0.379277263,1,1
114380,-0.927535805,1.331669722,0,1
114381,1.191094948,-1.982816123,1,1
114382,1.893639056,-0.9272861,0,0
114383,-1.374525173,-1.240937442,0,1
114384,0.70424558,-3.316010417,1,1
114385,-0.526248401,-0.590894269,0,0
114386,-0.433061185,-1.455422812,0,0
114387,-0.039281467,0.069922201,0,1
114388,-0.483831992,1.097379617,0,1
114389,-0.992665662,-0.23207067,0,1
114390,0.38546709,-1.603387908,0,1
114391,-2.145194295,0.205569681,0,1
114392,0.872798352,1.78280125,0,1
114393,-0.078666327,0.03559505,1,1
114394,-0.721176983,0.345692647,1,1
114395,-1.264183568,0.574030761,0,1
114396,-0.116421822,-0.825386825,1,0
114397,0.466489529,0.687485759,0,0
114398,2.260304818,0.167430458,0,1
114399,-0.25674244,0.306783625,0,1
114400,0.317885813,0.038884653,1,1
114401,2.519810109,1.327608275,0,1
114402,0.979403501,0.176931343,0,1
114403,0.176484335,-0.508939929,0,0
114404,-1.567114604,-0.049565604,0,1
114405,0.001610488,-0.416836447,0,1
114406,1.10361506,0.393898204,0,1
114407,0.185179442,0.464879223,1,0
114408,-1.197984352,-0.294517465,1,1
114409,-1.008849832,1.000812225,0,1
114410,-0.635088403,-1.312361774,0,0
114411,0.295092788,1.246117902,1,1
114412,-1.331913899,1.064345264,0,1
114413,-0.175309027,-0.67407716,0,0
114414,1.463047614,1.206705694,0,1
114415,-1.187819338,1.216812875,1,0
114416,0.264390536,0.308395317,0,1
114417,-0.806058981,-0.375948932,1,0
114418,1.610261018,-0.643964128,1,0
114419,1.433631713,2.771077294,0,0
114420,-0.702710099,0.567799376,1,1
114421,1.072774222,0.182592587,0,1
114422,-1.6107197,0.118767755,0,1
114423,0.681796249,0.896813457,0,1
114424,-0.980370013,0.393351112,0,0
114425,0.376205538,1.63499354,1,0
114426,1.110933413,0.396568842,0,1
114427,1.538979005,0.71216982,0,0
114428,-0.443326365,0.508594117,0,1
114429,0.039032992,0.559939356,1,0
114430,2.162381671,-0.503117105,1,1
114431,0.800014811,1.581908275,1,1
114432,2.282913422,1.091459077,0,0
114433,-0.316718601,-0.916141912,0,1
114434,-0.854314311,-2.41266915,0,0
114435,0.428591876,-0.242299159,0,1
114436,-0.07126505,-0.383385402,0,0
114437,0.060088585,-0.441104834,0,1
114438,-0.078193059,-0.162004509,0,1
114439,0.333576407,1.608138128,0,1
114440,0.605328596,0.205386041,1,0
114441,-1.182049841,-0.164027096,0,0
114442,1.435880107,-0.13951264,0,1
114443,1.968829657,1.053966782,0,1
114444,-1.109171001,-0.240565228,0,0
114445,0.543254378,0.984080149,0,0
114446,-0.191973523,-0.452808995,0,0
114447,1.186314312,0.793506529,1,1
114448,1.695073029,-0.518601449,0,0
114449,-1.333975989,1.137511971,1,1
114450,0.621694143,-0.242891964,0,1
114451,-0.993526832,-0.860507439,0,0
114452,-0.562611194,-1.858874091,0,0
114453,1.101198236,0.71745793,0,1
114454,-0.517431518,-0.821639811,0,1
114455,-0.043925344,2.694671897,1,1
114456,0.369099581,0.243828823,0,0
114457,-0.926635234,-0.853033366,0,1
114458,1.616340333,-0.469532018,1,1
114459,0.362707013,-0.131360545,0,1
114460,-0.279458581,-0.457855201,0,1
114461,0.737662683,-1.187538762,0,0
114462,0.987049897,0.003386027,0,0
114463,-1.473698012,-0.923156164,0,1
114464,-0.440930581,-0.966776138,1,1
114465,-1.207451045,0.388927673,0,0
114466,1.688452347,0.184276313,0,1
114467,-0.658585126,-0.389024964,0,1
114468,-0.173964666,0.286342924,0,1
114469,1.953816019,0.40079145,0,1
114470,1.168658964,0.337187001,0,0
114471,0.195528504,-0.433491865,0,1
114472,-0.352125536,1.187194613,1,1
114473,0.895088822,1.160228239,1,0
114474,0.214498944,-0.421024265,1,1
114475,1.317599748,-0.960198312,0,1
114476,-0.706744197,0.218450707,1,1
114477,0.246185881,-1.062634615,0,0
114478,-0.216372768,-0.795751655,1,1
114479,2.816517832,0.024199338,0,1
114480,1.484728359,0.193955236,0,1
114481,0.56128248,-0.400344858,0,1
114482,0.864884801,1.85942062,1,1
114483,0.760036407,-0.398746894,0,1
114484,-0.731282703,1.167196405,1,1
114485,-0.95993113,-0.574413331,0,0
114486,0.80870529,0.514638369,0,1
114487,-1.263968841,-0.169893271,0,1
114488,0.12929883,1.023391625,1,0
114489,-0.039095124,-1.131338227,1,1
114490,1.965333296,1.244218563,0,1
114491,-0.714636438,0.250727053,0,1
114492,1.226173927,-1.4115151,1,1
114493,0.539766824,-0.551421485,0,1
114494,-0.814948244,-0.202371981,0,1
114495,-0.182093557,-0.481935734,0,0
114496,-1.60000939,-0.606310173,0,1
114497,-0.262890181,-0.727766949,0,1
114498,-0.29835865,0.506249175,1,1
114499,1.134479157,-0.653977958,1,1
114500,0.015896467,-0.110165559,0,0
114501,1.131538463,-0.321510239,0,0
114502,0.392147631,-0.541997757,0,0
114503,-1.513385765,0.262150115,0,1
114504,-1.642190965,0.81005315,0,1
114505,-0.069725852,-0.901495636,0,1
114506,-0.32388435,-1.422084643,0,1
114507,-1.100462485,-0.077919855,1,1
114508,2.212846725,-0.648749238,0,1
114509,0.88414282,-1.700434862,0,1
114510,0.420842329,-1.02763737,0,0
114511,1.182830252,-1.467323218,0,0
114512,1.395684674,0.597966474,0,1
114513,-2.475487247,-0.753645884,0,1
114514,-0.514599323,-1.174265823,0,0
114515,0.702391861,1.77072351,1,1
114516,1.501080893,2.600558363,1,1
114517,-2.026526381,-1.627467103,0,1
114518,-0.161670821,1.06448367,0,0
114519,0.824135279,-0.04332992,0,0
114520,0.267700321,0.3303456,0,1
114521,2.702761003,1.53027356,0,0
114522,0.147496969,-0.853517598,0,0
114523,-2.119261054,0.734006962,0,1
114524,-0.092745364,1.285730545,1,1
114525,0.916725092,-0.448242578,1,0
114526,1.416908129,2.718426902,0,1
114527,-1.32759875,0.098399225,0,1
114528,0.143272612,0.79023643,1,0
114529,1.909232406,-0.63606318,1,1
114530,0.489373015,-2.466675836,0,1
114531,0.524266832,0.30862549,0,0
114532,0.586702452,-0.464104391,1,0
114533,1.510476236,0.153649889,0,1
114534,-1.428066002,-0.630553447,1,0
114535,0.698495406,0.832563399,0,1
114536,-0.492300633,-0.071036424,0,1
114537,-0.456551971,-1.949192449,1,1
114538,-0.028529852,-1.007451313,0,1
114539,-0.875681969,-0.392347764,0,1
114540,-0.90294377,-1.065003618,1,1
114541,0.819534171,-1.516271762,1,1
114542,-0.828647641,-0.772871345,0,0
114543,0.826099513,0.828239397,1,1
114544,1.879506469,-0.351632011,0,0
114545,-0.10113911,-0.820033483,1,1
114546,-0.739656583,1.795048232,1,0
114547,-1.002880965,0.204868808,0,1
114548,0.199188249,0.080242502,0,0
114549,-0.542371195,1.456531887,1,0
114550,1.04685409,-0.409166364,0,0
114551,1.966215281,0.93850365,1,0
114552,0.161369593,-1.518004739,0,1
114553,0.541051287,0.691186921,0,0
114554,0.221181354,-0.090584488,1,1
114555,0.039628281,0.301970724,0,1
114556,0.306624338,0.724856106,0,1
114557,-1.178722534,0.140477552,0,1
114558,-0.390996268,0.518790815,0,1
114559,-1.782059507,0.307958273,0,1
114560,0.217841015,0.566667848,0,1
114561,2.207337399,-1.805232885,1,1
114562,0.334505049,-0.751454921,0,0
114563,1.470539777,0.103314716,1,1
114564,0.426246892,-0.523303074,1,1
114565,-0.984997468,0.362935838,1,1
114566,0.573029754,-1.345793419,0,0
114567,0.239819821,-0.019198299,1,1
114568,0.150578497,-0.241597397,0,0
114569,-0.421611028,-1.155212683,0,0
114570,-0.48982486,0.475646559,0,1
114571,1.932659585,0.501703597,1,0
114572,-1.817325411,1.115921436,0,1
114573,0.364896592,1.277906783,1,1
114574,1.93541885,1.255263406,0,0
114575,0.326739848,0.004370778,1,0
114576,1.038993075,-0.358129329,0,0
114577,-0.111158046,1.024790396,0,0
114578,0.972890736,-0.53249762,0,0
114579,0.81789897,-0.895215872,0,0
114580,-0.521653674,0.628313326,1,0
114581,2.188399365,1.123667572,0,1
114582,0.249936857,-1.658040282,0,0
114583,-0.475560915,0.183449535,1,1
114584,0.400646385,-0.252126118,0,1
114585,-1.706383,-0.585297148,0,1
114586,-0.133111965,-0.796779976,0,1
114587,0.525414731,-1.002918243,0,0
114588,-0.19849054,-0.4448322,1,1
114589,-1.962564812,-0.410410706,0,1
114590,-0.100208319,1.027447935,0,1
114591,0.623446467,0.131569117,0,0
114592,-0.292503761,0.442634908,0,0
114593,0.284068476,-1.887526979,1,0
114594,-1.345939723,-2.240627112,0,0
114595,1.051415958,-2.749194065,0,1
114596,2.145151277,0.6636661,1,0
114597,-0.114233757,0.727209572,0,0
114598,-0.958864441,-0.799128784,0,1
114599,0.371558697,-0.456539164,0,1
114600,-0.139554386,-0.692508134,1,1
114601,-0.501628252,0.047969398,0,0
114602,1.395305945,0.130621079,0,1
114603,-0.578814755,0.551159934,0,0
114604,-0.760389876,-0.302958433,0,1
114605,2.305680398,-0.900024787,0,1
114606,0.378810817,-0.323193571,0,0
114607,-0.567337221,-0.314847449,0,1
114608,-2.008578375,-1.096670352,1,0
114609,0.693561034,-0.259901557,0,0
114610,-1.314827923,-1.830744106,0,0
114611,-0.504833388,-0.299027349,0,1
114612,-0.101094225,1.265298496,1,1
114613,-0.685571906,-0.079692801,0,1
114614,0.140802506,-1.876093445,0,0
114615,0.759624201,-0.538847527,1,1
114616,0.262702939,-0.302104496,0,0
114617,0.965106217,0.117350881,0,1
114618,0.694073674,0.443998521,1,1
114619,-0.35008567,-1.01573501,1,1
114620,-1.433139195,-2.68984398,0,1
114621,0.396397883,-0.928068209,0,0
114622,1.265123067,0.124331591,0,1
114623,1.239965691,0.825793809,1,0
114624,0.055489023,-0.468269484,0,0
114625,0.485882672,-0.258682908,1,1
114626,-1.385084482,-0.735082304,0,1
114627,-0.091115748,0.322489702,0,1
114628,-1.229938952,-0.738421331,0,1
114629,1.01408465,-0.943981106,0,0
114630,-1.000535888,1.356876734,0,0
114631,0.301210674,-1.099780053,1,1
114632,0.590204751,-0.289895364,0,1
114633,-0.060527086,-0.570797045,1,0
114634,-0.373555933,1.087855734,1,1
114635,1.168781377,2.564125687,1,0
114636,-1.100885752,1.113131263,0,1
114637,0.135108396,0.432275964,0,1
114638,-0.54175346,0.726135541,0,0
114639,-0.831886021,1.312471062,0,0
114640,-1.127868218,-0.419361382,1,1
114641,-0.064729783,-1.243617081,1,1
114642,0.81780339,1.501389493,0,1
114643,0.455867571,-0.826746785,0,1
114644,-1.44012568,2.403558234,0,1
114645,2.994376811,0.992800897,1,0
114646,1.039078214,0.786695107,1,0
114647,-0.712996222,0.304756145,1,1
114648,-0.321277427,0.12589453,1,0
114649,2.160415958,-0.496291237,0,1
114650,-0.645332161,-1.267812695,0,1
114651,0.187716808,-0.645576993,1,0
114652,-1.681754792,-0.452987332,0,1
114653,-0.05732973,0.060834564,1,0
114654,-0.166202923,-0.75520525,0,0
114655,0.106727592,0.09152605,1,0
114656,-0.971589805,0.091522418,0,1
114657,0.754121754,-0.664539695,0,1
114658,-0.618896818,-0.594103253,1,1
114659,0.745711894,-1.681334808,1,0
114660,-0.088608192,-1.488341091,0,1
114661,0.474643929,-0.126758226,0,0
114662,1.041160909,-0.755477243,0,0
114663,0.888419713,-0.645875976,0,1
114664,-0.62617335,-0.795795832,0,1
114665,-0.350248941,-0.083771263,0,1
114666,-1.000905678,-0.490049699,0,0
114667,0.915041703,0.051356399,0,1
114668,1.359280127,0.562233142,0,0
114669,0.319570878,0.046293418,0,1
114670,0.689445184,0.047186513,0,1
114671,0.429570891,0.66017727,1,1
114672,-0.712308996,1.945013818,1,0
114673,0.689421754,-1.343128393,0,0
114674,1.38229916,-1.15108126,0,1
114675,0.927286023,-1.214248024,1,1
114676,-1.281221456,0.083377223,0,1
114677,1.368576093,0.078781891,0,0
114678,-0.47607315,-1.144633069,0,0
114679,1.141060791,0.50310982,0,1
114680,-0.541285394,-0.15539741,1,1
114681,1.202436446,1.425988068,0,1
114682,0.533573146,-0.067043914,0,1
114683,-0.615342591,-0.642820296,0,1
114684,1.675306735,0.1622065,0,1
114685,0.322406483,1.741676403,1,0
114686,-1.976592794,1.923598176,1,0
114687,-0.939168048,-1.413100166,0,1
114688,-1.241594263,-1.483809188,0,1
114689,0.846044188,0.599116845,0,0
114690,1.02745073,-1.047494224,1,0
114691,0.573705024,0.356120921,0,1
114692,-0.210096183,1.099802516,0,0
114693,-0.729675268,-2.268955249,0,0
114694,1.055421999,0.756804697,0,0
114695,-0.486736834,0.00963228,1,0
114696,-0.064506861,-0.360987057,1,1
114697,0.354798617,0.100985339,0,0
114698,-0.291323657,-0.095415134,0,1
114699,-1.438067428,-0.690436657,1,0
114700,-0.658067632,-0.113018028,0,0
114701,0.097847633,0.734404597,1,0
114702,-0.185760667,-0.647480274,0,0
114703,0.928575662,0.663782428,0,1
114704,-0.10447002,-0.932717549,0,1
114705,1.322406854,-0.597635859,0,1
114706,0.448520808,-0.882825309,0,0
114707,0.593490577,-0.32921362,0,1
114708,0.5945971,-0.387307132,1,0
114709,1.68792945,-0.035636408,0,0
114710,0.197075255,0.584795532,0,1
114711,1.62462189,-0.221715951,1,0
114712,-0.857013258,-0.029929624,0,1
114713,-1.635547526,-1.385594935,0,0
114714,1.917600828,0.129276118,0,1
114715,0.032636339,-0.732209682,1,1
114716,-1.705142625,1.16495246,0,1
114717,0.213619305,-1.063038681,1,1
114718,-0.53611305,-0.686763266,0,1
114719,0.391762353,1.403103765,1,1
114720,-1.342772203,0.294376397,0,1
114721,-0.445614885,-1.116728208,1,1
114722,-0.885879471,1.712832886,1,1
114723,-1.59933577,-0.202169058,0,0
114724,-0.116559983,-0.521228201,1,1
114725,0.810344333,0.627677157,1,1
114726,1.067516396,1.683082875,0,1
114727,1.122577395,0.475148544,0,1
114728,-1.730232747,-0.544081551,0,1
114729,0.580374678,0.529398297,0,1
114730,-1.214923965,-0.50673645,0,1
114731,0.720772154,-0.294766501,1,1
114732,0.308972168,0.299127536,0,1
114733,-0.140032083,0.731351646,1,1
114734,-0.487047775,-0.075587968,0,0
114735,-0.126175816,-1.269188038,0,1
114736,-1.811037414,-0.492542538,0,0
114737,-2.048850449,1.52730619,0,1
114738,0.784947077,0.211833238,0,1
114739,0.281104757,-1.431541599,1,0
114740,2.504312812,0.993043999,0,1
114741,-0.072351088,0.535678257,0,1
114742,-1.279120115,-0.446511602,0,0
114743,0.198042674,-1.2576155,0,0
114744,-1.160652175,-0.859073183,1,0
114745,-0.369197683,1.3202345,0,0
114746,0.396708511,0.385051082,1,0
114747,-1.600497249,-0.493259595,0,1
114748,-1.355348882,0.281367962,0,1
114749,-0.453528816,1.221671646,0,1
114750,-0.146269762,-0.786873632,0,1
114751,1.176959703,-0.03255152,0,1
114752,-1.132972469,-1.66806788,0,1
114753,-0.125321329,0.449275755,0,1
114754,0.117365758,-0.680677049,0,1
114755,-0.013272529,-0.976235086,0,1
114756,-0.884585816,-1.890764673,0,1
114757,-0.310641259,0.638145155,1,1
114758,-0.154318188,-0.094949839,0,0
114759,1.65114495,1.78812143,1,1
114760,-0.594543784,0.157752794,1,0
114761,2.202429901,-1.242911663,0,1
114762,-1.626004134,-0.733514278,0,1
114763,-0.45238989,1.469786835,1,1
114764,-0.935968764,-1.085416437,0,1
114765,3.136224721,-0.484747914,1,1
114766,0.361931934,0.343245714,0,0
114767,0.876253976,0.117251698,0,1
114768,-0.884669932,0.159728191,0,1
114769,0.521261919,-0.085224842,0,1
114770,-0.191821448,1.143184645,0,0
114771,-1.053387288,0.762550402,0,1
114772,0.290454133,0.745355445,0,0
114773,-0.394726208,0.760904864,1,1
114774,0.362739549,-0.535330866,0,1
114775,-1.577438806,-2.175374247,0,0
114776,-0.13431788,-0.835895723,0,0
114777,-0.473722464,-0.782680953,1,1
114778,-0.158738529,-0.107524141,0,1
114779,0.944865888,-0.88966109,0,1
114780,0.478678316,-1.138347717,0,1
114781,-2.712810636,0.422031044,1,1
114782,-1.028596735,1.18387551,0,1
114783,-0.711631548,-0.379023754,0,1
114784,-1.507148292,0.653462299,0,0
114785,0.619098971,0.328766922,0,0
114786,0.647265905,-1.288439118,0,1
114787,0.184003036,-0.857830718,1,0
114788,1.282455599,-0.491198329,1,1
114789,0.709830662,0.586539438,1,1
114790,-1.335563722,-1.093564568,1,0
114791,-0.002545387,1.157327595,1,1
114792,0.039383235,0.93879828,0,1
114793,-0.266479953,-0.387526424,0,1
114794,0.911181512,0.735946605,0,1
114795,-0.985748767,0.883103862,1,1
114796,0.892986788,-1.359822749,0,1
114797,0.64774543,-0.079928396,1,0
114798,1.277541569,2.225488484,0,0
114799,1.271831169,-1.15811193,0,1
114800,-2.339923022,-0.696430819,0,1
114801,1.586350229,0.798712799,1,0
114802,-0.983213337,0.08581198,1,1
114803,0.536751432,-0.422338346,0,1
114804,0.228980568,-1.618516563,0,0
114805,-2.079500581,-0.248556692,0,1
114806,0.484810653,-0.902580484,0,1
114807,-0.617597928,1.038487495,1,0
114808,-0.97687464,0.909913434,0,1
114809,1.12375166,-0.236537627,1,0
114810,-0.278829181,-1.394915024,0,1
114811,0.62374305,-0.646279101,0,1
114812,-0.613977264,-1.493012808,0,0
114813,1.212521035,0.496474687,0,0
114814,-0.182754112,0.357781416,0,1
114815,-0.668621323,0.93639815,0,0
114816,-0.210919142,-0.326347896,0,0
114817,-0.755666172,0.681551807,0,1
114818,0.838630546,-0.878697465,0,1
114819,0.665404485,0.03253718,0,0
114820,-1.613654856,1.773816582,0,1
114821,0.34428103,-0.616420755,0,0
114822,-1.730536737,-0.612656682,1,1
114823,-0.058307969,-0.15655075,0,0
114824,0.534179165,-0.134227558,1,0
114825,-1.319163718,-0.194862712,1,0
114826,0.093788041,1.001378676,0,1
114827,0.02969953,-0.650764736,0,1
114828,-0.0370063,-1.251783357,0,1
114829,-0.033837731,0.028264302,1,1
114830,0.949936405,1.795668503,1,1
114831,0.431100183,0.149012026,0,0
114832,0.118061363,0.09864983,0,1
114833,-0.557772366,0.534926319,0,0
114834,-0.116865876,-0.44447191,0,0
114835,0.639167985,-0.767552547,0,1
114836,0.577215193,-1.092049302,0,1
114837,-1.022000427,-0.874029683,0,0
114838,-0.996898648,0.275766406,0,1
114839,0.970300142,-0.564451693,0,1
114840,0.625203761,-3.114263309,0,0
114841,-1.691933688,-0.330025088,0,0
114842,-0.190949972,1.754589077,1,0
114843,0.356938208,0.983153992,0,1
114844,0.521653481,1.148578652,0,0
114845,0.168408041,-0.556446738,0,0
114846,0.044972622,-0.189508101,1,1
114847,-0.291058951,-0.014774898,0,1
114848,1.060550923,1.641779296,0,0
114849,1.428886376,2.253897889,0,1
114850,0.151336149,0.221817225,0,1
114851,0.641472083,-0.765495761,0,0
114852,-1.404974823,-0.866405377,0,0
114853,-1.684957981,0.221466544,0,1
114854,-0.477545767,0.645931544,0,0
114855,1.212224207,-0.961474233,0,0
114856,0.36804831,-0.139371438,0,0
114857,-0.334035235,-0.83414792,1,0
114858,0.603193934,-0.307090076,1,1
114859,0.352033201,0.133219299,0,1
114860,-0.313227241,1.625958232,1,0
114861,0.836063866,-1.62964644,0,1
114862,0.720581567,-1.234817257,1,1
114863,0.612719355,0.572968787,0,1
114864,-0.365770138,0.06259819,0,0
114865,1.265009249,0.083469281,0,0
114866,0.497403595,1.608905685,0,1
114867,-0.909646973,-0.958907949,1,1
114868,0.854029455,-0.999195837,0,0
114869,0.164285071,0.56253592,0,1
114870,0.77468559,0.643355121,0,0
114871,-1.60247825,0.242416359,0,0
114872,-1.174767233,-1.388939879,0,0
114873,0.868070074,0.595532252,0,0
114874,1.722929164,-1.274194135,1,1
114875,-0.365768938,-0.018435974,0,1
114876,-1.707070825,-2.188312036,0,1
114877,-0.81733248,1.195902605,0,0
114878,-0.50605357,-0.147979994,0,1
114879,-0.42556617,-0.361221503,0,1
114880,-0.651883956,-0.562310705,0,1
114881,-1.383381637,-0.691925387,0,0
114882,2.263837335,0.398608739,0,1
114883,0.876278086,-0.213990983,0,1
114884,-0.491674227,0.239655389,0,0
114885,-1.117465873,2.121399591,0,0
114886,-0.720020936,0.960918918,0,1
114887,-0.868192951,0.620351689,0,0
114888,0.316565925,-0.519646835,1,1
114889,0.911277986,-0.664026284,0,0
114890,-1.933263283,0.699893256,0,0
114891,-0.171326558,-0.300639571,1,0
114892,0.136763295,-0.413954328,0,1
114893,-0.674228717,-0.542986449,0,0
114894,-0.035197759,-2.156306178,0,1
114895,0.26640116,0.655271017,0,0
114896,-0.571579506,0.889395371,1,1
114897,0.670486023,-0.803600621,1,0
114898,1.792768588,-0.576110651,0,1
114899,0.150322607,-1.734622815,1,1
114900,-0.416768511,0.306970383,0,0
114901,0.277870395,0.18831224,0,0
114902,3.386114519,1.46288249,0,1
114903,0.71100839,0.4027819,0,0
114904,-0.777767425,0.001460824,0,0
114905,0.979634539,0.164430927,0,0
114906,0.46831576,0.705182934,1,0
114907,1.667645315,-0.835511918,0,0
114908,0.320687176,0.914052122,1,0
114909,-1.301096376,-1.148478474,0,1
114910,-0.552113531,-1.041590473,1,0
114911,0.836349151,0.938550503,0,1
114912,-0.404580904,-0.364199182,1,1
114913,0.970597406,1.753107855,0,0
114914,1.858037216,0.657151052,0,1
114915,1.43955836,0.858298679,0,1
114916,0.574508049,0.865828099,0,0
114917,1.651478518,1.496917001,1,1
114918,1.484165871,0.878217775,0,0
114919,-1.914482041,-0.357395568,1,1
114920,-0.854565896,-1.378476693,0,0
114921,0.015626604,-0.318161655,0,1
114922,-1.098048295,0.853452957,0,0
114923,-0.576462539,0.082835016,1,0
114924,2.034391409,-0.544324886,1,1
114925,-1.492673195,1.402212985,0,0
114926,-1.043414046,0.314731334,0,0
114927,-1.257393601,0.526287039,0,0
114928,-1.548224128,0.842873433,1,1
114929,-1.256577843,0.950886933,0,1
114930,-1.146678944,0.736622821,1,0
114931,-0.174511258,-0.803595933,0,1
114932,0.621710149,-0.627052795,0,0
114933,0.083084543,0.512865663,0,0
114934,-1.91878297,1.771316508,0,1
114935,1.221586805,-1.628385164,1,1
114936,0.190851964,0.298056751,0,1
114937,1.245247649,-0.368306893,0,1
114938,1.180797182,2.361128342,0,1
114939,-0.177197877,-0.175977534,0,1
114940,-0.120093323,-0.781063396,1,0
114941,-1.640058935,0.045850911,1,1
114942,1.078211839,1.612109483,0,0
114943,1.064253301,-0.113840612,0,0
114944,-0.832501734,1.228487435,0,0
114945,0.799792308,-0.631923684,0,0
114946,0.37279923,-0.554156972,1,1
114947,-0.687203258,-0.826395595,0,0
114948,0.40289384,0.76741599,0,1
114949,-0.390585434,-0.026744547,0,1
114950,-0.445473268,-0.821907723,1,1
114951,-0.668453115,-2.157761543,1,1
114952,-0.881865875,1.217258583,0,0
114953,-0.448408901,1.734233315,0,1
114954,0.099935318,-0.263859031,0,1
114955,-0.062427701,-0.976043133,0,0
114956,0.429213943,-2.405365024,1,1
114957,1.840149663,-0.05589595,0,0
114958,-1.081192116,0.226923908,0,1
114959,-0.03369942,0.106145274,0,1
114960,-0.413861259,0.41801818,0,1
114961,0.176572389,-0.307827985,0,0
114962,1.375908365,-0.970803181,0,1
114963,-0.424210244,3.56927966,0,1
114964,1.42321379,-0.534457299,0,0
114965,-1.006584927,-0.172998487,1,1
114966,-0.026907785,0.833568603,0,1
114967,-0.73118017,-0.741780752,0,0
114968,-1.006919056,-1.204072738,1,0
114969,0.396268071,-1.463779661,1,0
114970,-0.107418121,-1.586650814,0,0
114971,1.059494767,-2.307892507,1,1
114972,-0.149406954,-0.416697959,1,1
114973,-1.012597208,1.363527841,0,1
114974,-1.287711724,0.078808784,0,0
114975,-0.552490526,1.566753672,0,1
114976,-0.462125141,0.357491183,0,1
114977,0.495822441,1.286203618,0,0
114978,-0.695550595,-0.065759442,0,0
114979,0.28996551,-0.7604123,1,0
114980,1.43745145,-0.335668136,0,1
114981,0.797611021,-0.354865306,0,0
114982,-1.293320565,-0.101811289,0,1
114983,-0.595783814,0.117276005,1,0
114984,-0.114698957,0.745163047,0,1
114985,-0.635987973,0.848132623,1,1
114986,-0.585541853,0.086090981,0,1
114987,-0.101158477,-0.418401465,1,1
114988,0.490091845,0.703429962,1,0
114989,1.397361528,-1.41939955,0,0
114990,2.826197892,0.793411886,0,1
114991,0.293470399,0.652307936,1,0
114992,0.567849899,1.478909554,0,0
114993,-0.400070741,-1.667557809,0,0
114994,-1.35077998,-0.112623812,0,1
114995,0.539085581,-0.537706064,1,0
114996,-1.060739603,-1.285078714,0,1
114997,1.07125495,1.910932749,0,1
114998,0.649171497,-0.597917574,1,1
114999,-1.397931758,-0.472266413,0,0
115000,0.581964365,0.970612863,0,0