id,X1,X2,X3,X4,T,Y
100001,-1.085630603,0.997345447,0,0,0,2.074016226
100002,0.282978498,-1.506294714,0,0,0,1.715241848
100003,-0.578600252,1.651436537,1,1,1,5.445696981
100004,-2.426679243,-0.428912629,0,1,1,8.378769421
100005,1.265936259,-0.866740402,0,1,0,4.116586135
100006,-0.678886152,-0.094708969,0,1,0,1.902496035
100007,1.491389626,-0.638901997,0,0,1,8.276163533
100008,-0.44398196,-0.434351276,1,0,1,4.651450559
100009,2.205930083,2.186786089,1,0,0,7.134910896
100010,1.004053898,0.386186399,1,1,0,4.267309985
100011,0.737368576,1.490732028,0,0,0,4.795535667
100012,-0.935833868,1.175829045,0,0,0,3.08935079
100013,-1.253880668,-0.637751502,0,1,1,5.910084382
100014,0.907105196,-1.4286807,0,0,1,5.534355521
100015,-0.14006872,-0.861754896,0,1,1,4.626971173
100016,-0.255619371,-2.798589105,0,1,1,0.682333953
100017,-1.771533105,-0.699877235,0,1,1,6.843646077
100018,0.927462432,-0.173635683,0,1,1,7.823540752
100019,0.002845916,0.688222711,0,0,0,3.134038339
100020,-0.879536343,0.283627324,0,1,0,2.047691506
100021,-0.805366518,-1.727669494,0,1,0,0.678124999
100022,-0.390899794,0.573805862,0,0,1,6.562933431
100023,0.338589051,-0.011830494,1,1,0,2.895768819
100024,2.392365266,0.41291216,0,0,0,4.885614257
100025,0.978736006,2.238143338,0,0,1,7.578121696
100026,-1.294085323,-1.03878821,0,1,1,5.318199854
100027,1.743712225,-0.798062735,0,0,1,8.367796566
100028,0.02968323,1.069315969,0,0,1,6.435236746
100029,0.890706391,1.754886182,0,0,1,7.997370219
100030,1.495644137,1.06939267,0,0,0,5.035211764
100031,-0.772708714,0.794862668,0,0,1,5.642312734
100032,0.314271995,-1.32626546,0,0,1,4.636228127
100033,1.417299046,0.807236535,1,1,1,9.619895701
100034,0.045490081,-0.233092061,0,1,1,6.061767012
100035,-1.198301145,0.199524074,0,1,0,1.77808364
100036,0.468439119,-0.831154984,0,1,1,5.923011121
100037,1.162204049,-1.097203046,0,1,0,1.840253599
100038,-2.12310035,1.039727091,0,0,0,2.286153517
100039,-0.403366038,-0.126029585,0,1,1,6.150873677
100040,-0.837516723,-1.605962761,1,1,0,-0.016677919
100041,1.255237375,-0.688868984,0,1,1,7.748392244
100042,1.660952488,0.807308186,1,0,0,5.091792056
100043,-0.314758147,-1.085902401,1,0,1,4.158485116
100044,-0.732461987,-1.212523131,0,0,0,0.751069354
100045,2.08711336,0.16444123,0,1,1,11.83515182
100046,1.150205543,-1.267352049,0,1,1,6.217512548
100047,0.18103513,1.177861939,0,0,1,6.682010596
100048,-0.335010762,1.031114459,0,1,0,3.470054416
100049,-1.084567912,-1.363471545,0,0,0,0.428725089
100050,0.379400612,-0.379176435,1,0,1,6.150350759
100051,0.642054689,-1.977887932,1,1,0,0.911484598
100052,0.712264635,2.598303927,1,0,1,7.988193265
100053,-0.024625981,0.034142129,0,1,0,3.161235592
100054,0.179549485,-1.861975711,0,1,0,1.257389612
100055,0.42614664,-1.605409744,1,0,1,4.530697832
100056,-0.427679598,1.24286955,1,1,0,3.329160191
100057,-0.735216956,0.50124899,0,0,0,2.589929377
100058,1.012739054,0.278740856,0,1,0,4.644681008
100059,-1.37094847,-0.332475275,0,0,1,5.707581368
100060,1.959411342,-2.025045763,0,0,0,2.983659902
100061,-0.275786014,-0.552108071,0,0,0,3.392125858
100062,0.120747363,0.748215617,0,0,1,6.553723563
100063,1.608690968,-0.270232392,1,1,1,10.98826895
100064,0.81234133,0.499740145,1,1,0,4.197337435
100065,0.474347298,-0.563923932,0,0,1,6.550975841
100066,-0.997321469,-1.100043113,1,0,1,3.902312358
100067,-0.756437209,0.321686576,0,0,0,3.664245909
100068,0.760949393,0.323468848,0,1,0,3.627401407
100069,-0.548955096,1.80597011,1,1,1,5.995497718
100070,1.518865624,-0.354000113,1,1,0,4.296215689
100071,-0.823431406,0.130214954,0,0,0,2.439427117
100072,1.267298645,0.332764977,1,1,1,9.656952879
100073,0.556548705,-0.212080122,0,0,1,5.725469581
100074,0.456270895,1.544544451,0,1,1,7.582903026
100075,-0.239668781,0.143307733,0,0,0,2.63700535
100076,0.253816477,0.283725356,0,1,0,4.20680689
100077,-1.411888876,-1.876868656,0,0,1,3.865441297
100078,-1.019655071,0.167942295,1,0,0,3.289152459
100079,0.553856166,-0.53067456,0,1,1,6.168481567
100080,1.377257483,-0.143175974,1,0,1,9.411925101
100081,0.020315998,-0.193963871,0,0,0,2.658417567
100082,0.134026793,0.704474074,0,1,0,3.83142204
100083,0.665653438,-0.898422941,1,0,0,2.269362051
100084,1.523663776,-1.095026457,0,0,1,8.117579729
100085,0.079227014,-0.274396574,0,1,0,2.580354312
100086,-1.048991677,-0.075120588,0,0,0,2.182963522
100087,-0.740813773,0.072907243,0,1,1,6.02821931
100088,0.403085961,1.471929369,1,0,1,6.698164451
100089,0.307384219,-0.61122534,0,0,0,1.714530985
100090,-0.391619811,0.139978106,0,0,1,5.57085443
100091,0.093460829,1.459589268,1,0,0,5.376172608
100092,1.39535293,-0.358935926,0,1,1,8.601581401
100093,-0.548642128,-2.557054604,0,1,0,-0.167074785
100094,-0.548920413,-0.978057706,0,1,0,1.63953805
100095,-0.354824458,0.391584242,0,0,0,3.012338155
100096,0.177192329,-0.029968007,0,1,1,6.119127031
100097,0.199582111,-0.126117773,1,0,0,2.877982928
100098,0.197018933,-3.231055008,0,1,0,-0.369963254
100099,-0.26929349,-0.110850721,0,1,1,5.732491025
100100,-0.341261716,-0.217946262,0,1,1,5.674304564
100101,0.703310118,-0.598105331,0,0,1,6.832223922
100102,2.200702099,0.68829693,0,1,1,13.91251048
100103,-0.006307251,-0.206662303,1,1,0,2.510342835
100104,-0.086522286,-0.91530707,1,1,1,5.165563932
100105,-0.095202539,0.278683517,0,1,1,6.082937969
100106,0.579541616,0.579689779,0,1,1,7.790135731
100107,-0.274877547,-1.416082253,1,0,1,4.175335433
100108,-0.669102626,1.612193043,0,0,1,6.011991602
100109,0.896058313,0.369619586,1,0,0,4.745503895
100110,-0.761294245,0.003645155,1,0,0,3.124955056
100111,-1.255668686,-0.551936876,0,1,0,1.171004759
100112,-0.245203342,-0.361639932,0,0,1,6.054557026
100113,0.956601931,-1.418725914,0,0,1,6.090415765
100114,-0.865432272,-1.374687971,0,1,0,0.605349313
100115,-1.237353213,0.124055896,0,0,0,1.59411548
100116,-1.600440533,0.753868779,0,1,1,6.704286085
100117,-0.246815777,0.068788333,1,1,1,6.799758869
100118,0.322576738,-0.43416652,1,1,0,3.404876606
100119,1.032479716,-0.194342727,1,1,0,3.48460201
100120,0.594070255,-0.199112383,1,1,0,3.868514787
100121,0.290874387,0.27966267,1,1,1,6.80941297
100122,0.249969939,-0.97430785,0,1,0,1.565798627
100123,0.435875771,-0.318956989,1,1,1,5.63438231
100124,0.63048803,-2.152493444,0,0,0,2.072212652
100125,-1.465116222,0.363445562,0,0,1,7.230601022
100126,1.862927585,0.835058747,0,0,1,11.3332585
100127,-0.682450934,-1.692052415,0,0,1,3.050598096
100128,0.742686221,-0.080583222,1,0,1,7.530255555
100129,0.590704218,0.115298722,0,1,0,4.049117139
100130,0.029642925,2.958625446,0,1,0,5.356294502
100131,-0.006129961,-0.159245209,0,0,0,2.420148941
100132,-0.121448675,-0.583536717,0,0,0,2.290271958
100133,0.990132895,-0.353754334,0,0,0,3.092598892
100134,0.635942706,0.28460303,0,1,1,7.021321215
100135,1.218985862,0.420179597,0,1,1,9.121954047
100136,-1.213384781,-1.326487785,1,1,1,4.484228137
100137,1.408369146,-0.608710803,0,0,1,9.550383437
100138,-1.32060258,-0.6696186,0,0,1,6.020534576
100139,1.264625287,-1.420212999,0,0,0,2.164304435
100140,-0.866495204,-0.666807509,0,1,1,4.504156105
100141,-1.251189873,-1.184327339,0,1,0,1.381660496
100142,-1.518107975,-0.461187413,0,0,0,1.029982496
100143,-0.354908832,-0.682538154,0,1,1,5.810962226
100144,-1.653697839,1.253335947,1,1,0,1.955237299
100145,-1.329078829,0.278033712,1,0,0,2.119361637
100146,-1.074766593,0.668316867,0,1,0,2.519693967
100147,0.955832355,-0.877613587,0,1,0,2.413943777
100148,-1.92371573,0.695787319,1,0,0,1.339894232
100149,1.875800547,0.41569454,0,1,1,11.1810706
100150,0.160544421,0.81976061,0,1,1,7.030961962
100151,0.765054846,-0.828988834,0,1,0,2.614436372
100152,-0.659151311,0.61112355,1,0,1,6.670885382
100153,-0.144013347,1.316605596,0,1,0,4.153187893
100154,-0.704342147,0.750609917,0,0,0,2.830652833
100155,0.342637981,-0.126437564,0,0,1,6.018253444
100156,1.175910772,0.680071533,1,0,0,4.715855295
100157,-1.004967153,0.64021868,0,0,1,6.041572016
100158,1.374990631,-0.130444689,1,1,1,9.376277866
100159,-0.24865585,-0.669647148,0,1,1,5.385729569
100160,-0.013603886,0.686200686,0,0,1,5.67580109
100161,-0.8176683,-1.346357561,1,0,1,3.145868367
100162,-0.375749911,-1.379724979,0,0,1,3.368825337
100163,0.523218441,-0.42668977,0,1,1,5.979324455
100164,-1.755401845,-0.348607515,0,1,0,0.848434721
100165,-0.192614986,0.449135613,0,0,1,5.678778545
100166,-0.145363543,1.868726457,0,1,1,7.41297552
100167,-0.518703852,-0.062398549,0,0,0,2.402005407
100168,-0.102910614,-0.282628384,0,1,0,2.765349505
100169,0.142425585,0.541231297,0,1,1,7.5524366
100170,1.340098704,-1.569256127,0,1,0,3.109098603
100171,-0.510342874,-0.447771425,0,1,1,4.907707059
100172,0.937850297,-0.356663061,0,1,1,6.249227911
100173,-1.895175593,0.087730464,0,1,0,1.135015066
100174,-0.033689232,0.179751566,0,1,0,4.129228194
100175,-1.040162881,1.719034681,0,1,0,4.41375205
100176,-0.323859784,-0.188296858,0,0,1,5.52540568
100177,-0.90000857,-0.931002004,0,0,0,1.266318864
100178,-1.22273696,-0.393310852,0,1,1,4.957855876
100179,-0.957581839,2.056467341,0,1,1,6.643565513
100180,-1.88849238,-1.128330548,1,0,0,-0.304469529
100181,-0.401414428,0.673491278,0,1,0,3.321732928
100182,-0.413756881,0.675963393,0,0,1,6.784671056
100183,-0.986803889,0.059291134,0,1,0,2.910968385
100184,1.744041087,-0.967744396,1,1,1,9.713689102
100185,0.419567676,0.206927519,0,1,1,6.889294059
100186,-2.251534986,-0.588970546,0,1,0,-0.099848763
100187,1.131151905,0.135077672,0,1,0,4.510288115
100188,-1.212268963,0.690777273,1,0,1,6.669532457
100189,-0.479122945,0.360050728,1,0,1,6.201152237
100190,0.376920114,-1.118695601,0,1,0,2.290047146
100191,0.789828035,-1.007508801,0,1,1,5.153242037
100192,-1.305785866,-0.882828988,0,0,1,5.519403127
100193,-0.346090034,0.109403156,1,1,1,6.238943476
100194,-0.772583732,0.744819312,1,1,0,3.230749626
100195,0.251464184,-0.694798215,0,1,0,2.641496305
100196,0.888992918,1.161068358,0,1,1,7.958018842
100197,-0.098684697,-0.214983045,0,1,0,2.983612762
100198,-1.773771353,-0.407512592,0,1,1,6.967443719
100199,-0.291506713,0.245379407,0,1,1,5.998858513
100200,-0.168426432,0.244026938,0,0,0,2.919130199
100201,1.534090289,-0.529914099,0,1,1,10.22463331
100202,-0.490972283,-1.309165314,0,1,0,1.410247073
100203,-0.008660467,0.976812982,1,0,0,4.276073303
100204,-1.751070349,-0.665856967,1,1,0,2.159678512
100205,0.035940503,0.850102884,0,0,1,7.97869456
100206,0.382870239,0.325463628,1,1,1,6.373276119
100207,-0.224312786,0.481874257,0,0,1,6.259371382
100208,1.014303884,-1.708991777,0,1,0,1.827128263
100209,0.728535401,-0.098759806,0,0,1,6.43786656
100210,-0.529988864,-2.443075786,0,1,0,0.520518939
100211,-1.380351324,1.698058992,1,0,1,7.693264987
100212,-0.688548532,-1.084768771,0,1,1,4.956247115
100213,-0.456425956,-0.745147222,0,1,1,4.543388964
100214,0.124358633,1.516973678,1,0,0,4.612941466
100215,-0.586615951,0.154290051,1,1,1,6.683500677
100216,-1.147237141,1.520166442,1,0,1,6.458675834
100217,0.189043442,-1.081819123,0,1,1,5.02571566
100218,0.90430622,1.199987649,0,1,1,6.564686136
100219,0.161456363,-1.639396968,0,0,0,1.819201493
100220,1.785168814,0.310122521,0,1,0,4.842903396
100221,1.170454297,-0.550893205,0,1,0,3.327110096
100222,-0.398623925,0.110453109,1,0,1,5.641257465
100223,1.113401678,0.142990028,0,0,0,4.166327294
100224,-1.256833813,0.261989197,1,1,0,1.062408743
100225,1.629534195,0.065806282,0,1,0,4.59621516
100226,0.129385524,-1.262543743,0,0,1,4.824337521
100227,-1.402989088,-0.637692139,0,0,0,0.831950195
100228,-0.326517647,0.104060735,0,0,1,5.465201785
100229,0.165956974,1.601907651,0,0,1,7.262765482
100230,0.058687438,1.064422688,0,1,0,4.063063402
100231,-0.039329335,1.448903612,0,1,1,6.455470569
100232,-1.870397479,-0.598731767,0,1,1,7.477486877
100233,0.983033396,-0.171596005,1,1,0,3.66611148
100234,0.931529613,0.385066103,1,0,1,8.44778654
100235,0.945876984,0.613067728,1,1,1,8.269167735
100236,0.673648934,1.492455387,0,1,0,5.311702181
100237,0.986474019,0.993806707,0,0,1,8.90525738
100238,0.020418759,-0.58185021,0,1,1,5.17904629
100239,-0.659560088,0.750944597,0,1,0,3.144942107
100240,-2.438460564,-1.307178188,0,1,0,-0.268619984
100241,-0.963253686,-0.247621379,0,0,1,6.223457673
100242,-2.631438037,1.258721303,1,1,0,1.22046995
100243,0.600175236,1.984582398,0,1,0,5.275879549
100244,1.062214469,1.030379331,0,0,1,9.274953657
100245,2.250676031,-0.570958087,1,1,0,4.177792609
100246,-1.503458399,-0.232357396,0,1,0,0.311591361
100247,-0.824992054,-0.256845361,0,1,0,0.909714905
100248,-1.05021899,0.567880067,0,1,1,6.536807032
100249,0.51298285,-0.026922591,0,0,1,6.777779712
100250,0.311581503,-0.142050727,1,0,1,6.847722345
100251,0.752033668,0.069640749,1,1,1,7.084249659
100252,-0.265445625,0.92958447,0,1,1,6.807583605
100253,1.260821269,1.337453826,0,1,0,5.63827002
100254,-0.990274689,-0.534447208,0,0,1,5.188507213
100255,-1.701496095,-0.238565018,0,0,1,7.767339768
100256,0.416123814,-0.132801175,0,1,0,3.432698669
100257,1.930850867,-0.405843375,0,1,1,11.40891423
100258,-1.088508555,0.568504207,0,0,0,2.114889604
100259,0.149933828,0.549642596,0,0,0,3.874993186
100260,0.303787931,0.243765761,1,1,1,5.259050058
100261,-2.122298883,-0.726114028,0,0,0,-0.198434384
100262,-0.590324918,-0.347964338,1,0,1,6.168151601
100263,-0.448391638,0.412818762,0,1,1,6.111770496
100264,0.600882509,-1.131640927,0,1,0,2.571956705
100265,0.686804407,0.585768139,0,1,1,8.16868905
100266,0.465770066,-1.417894488,0,0,0,1.984258843
100267,0.4405823,0.08259542,0,0,1,6.377994318
100268,0.960880075,1.784356795,0,0,0,5.629455585
100269,1.588067886,0.112644172,1,1,1,10.27204595
100270,-0.001874692,0.631948284,0,0,0,4.473785246
100271,-1.115039953,-1.450683142,1,1,1,4.094041651
100272,-0.472530592,1.220568914,0,0,1,5.812113123
100273,-0.331128298,1.502580906,0,0,1,6.499380638
100274,-2.788112883,-1.587206427,1,1,1,8.534734433
100275,-0.123688733,0.888194541,1,0,1,6.75987161
100276,-0.069623099,-0.095652744,1,1,0,2.716618495
100277,-0.121741495,-1.762897734,0,1,0,0.685149267
100278,1.158068874,-0.68276472,0,1,1,7.262242279
100279,1.089532657,-0.070523418,0,1,0,4.049422252
100280,1.068160387,0.343257981,0,1,1,8.096273204
100281,-0.106674491,0.226261647,0,0,0,3.154652116
100282,-1.472977609,0.006029327,1,1,0,0.815537637
100283,1.716040322,1.308193564,1,0,0,6.487666097
100284,-0.985023583,0.505685851,0,1,0,2.130277598
100285,0.247979885,0.81718828,1,1,0,4.377153038
100286,0.094152886,-0.233503993,0,0,1,4.794351495
100287,1.330630776,0.216396568,1,0,0,4.669092102
100288,1.255464322,0.974386203,1,1,0,4.780335872
100289,-0.324487242,-0.167000274,0,1,0,2.448274506
100290,1.929832434,0.191482325,1,1,0,5.328404038
100291,-0.758628423,-1.200043278,0,1,1,4.366445945
100292,0.974132435,0.160293721,0,1,0,3.826386094
100293,-0.792091951,0.674584831,0,1,1,5.436094286
100294,0.159748695,-1.660475071,0,0,1,2.918520109
100295,0.588685555,1.333190703,1,1,1,7.508897156
100296,2.559850231,0.034902564,0,0,1,15.59456776
100297,0.232649658,1.606596805,1,1,0,5.325181699
100298,0.168722267,0.275341863,0,1,1,6.258704675
100299,-0.630618391,-1.394375113,1,1,0,0.282883224
100300,0.912687936,-1.273570237,0,1,0,2.680527344
100301,1.140656243,-0.788165559,0,0,1,8.099666269
100302,0.265233958,-0.372271731,1,0,1,5.707036484
100303,1.174600238,0.300846402,0,0,0,3.642092829
100304,1.959095353,-1.083677679,0,1,1,9.837454801
100305,0.413863082,0.047341881,0,0,1,5.864440257
100306,0.279943571,1.595921172,0,1,1,7.845136523
100307,0.58531803,-1.147525409,0,0,1,5.225535954
100308,0.533510818,-0.415619376,0,0,1,6.558873832
100309,-0.47335497,1.045857328,0,1,0,4.017902897
100310,-0.602339983,-0.379730328,0,1,1,5.789549888
100311,0.032407254,0.946185897,0,0,1,5.649759235
100312,0.581589803,-0.234414912,0,1,1,6.977487081
100313,-0.272176466,-1.160129662,1,1,1,3.620516794
100314,-0.759835089,-0.654381086,0,0,0,1.338918023
100315,-0.149290942,1.986763037,0,1,1,7.138538482
100316,-0.675469434,-0.295829068,1,1,0,2.626968865
100317,-2.052398405,0.600571094,0,0,0,1.807932187
100318,-1.577448794,-0.906589522,0,0,0,0.690628492
100319,1.042335368,-2.10492843,0,0,1,5.772648935
100320,0.095920412,0.800929647,1,1,0,3.318387847
100321,1.525444236,-0.920093108,0,1,1,8.023417107
100322,-0.62402485,1.804436323,1,1,1,5.815901816
100323,-0.025060145,-0.736263934,0,1,1,4.948697795
100324,-0.717485837,-0.972556324,0,0,0,1.155712989
100325,-0.439672205,1.088220476,0,1,0,3.255528994
100326,0.887766069,-1.174270303,0,0,0,3.34478535
100327,0.214586075,-0.402159735,1,1,1,4.903601995
100328,0.782440404,-0.156359727,0,1,0,3.308190528
100329,0.371524682,-0.158605207,0,1,1,6.094084204
100330,-2.187085931,0.047002445,1,0,0,0.966796501
100331,-1.27174695,0.747128412,0,0,1,5.652988851
100332,-0.679827892,-0.605012656,0,0,0,2.54064314
100333,-0.008902825,0.577793954,0,1,0,3.051782783
100334,-0.169743818,1.642182772,0,0,1,5.630252188
100335,1.648817861,1.715468592,1,0,1,10.34896624
100336,-0.234318725,-1.481958456,0,1,0,1.172188922
100337,1.220078514,-0.416345285,0,0,0,4.864903517
100338,0.038166312,0.628320103,1,0,1,7.421258659
100339,-1.604436401,1.629121205,0,1,1,7.156784
100340,0.874962329,0.352271582,0,1,0,4.686216424
100341,0.89091675,0.556952539,1,1,1,7.171682235
100342,0.116828116,-0.307774322,0,0,0,2.254850831
100343,-0.739142274,0.287214281,0,1,0,3.082124093
100344,0.36120306,1.083198803,0,1,1,7.280267638
100345,0.200660009,-0.853201516,0,0,0,2.560306708
100346,-1.576232847,-0.127562162,0,1,1,6.882950569
100347,-0.027458377,-0.098091583,0,1,0,2.88259752
100348,-1.530512897,1.074465141,0,1,0,3.127344013
100349,1.072629746,-0.823285165,0,0,1,6.966610835
100350,0.805982112,0.952830862,0,0,0,5.165389837
100351,0.038447077,-0.948498626,1,1,0,2.197419672
100352,1.613381535,0.380921434,0,0,1,9.893355868
100353,-0.251037455,0.772845396,1,1,0,3.864596663
100354,1.622208488,-0.497160147,0,1,1,8.753613064
100355,0.691422545,1.943160171,0,0,1,7.421264357
100356,-1.116564834,-0.549253589,0,0,1,5.840822538
100357,-0.597855081,-0.158327137,0,0,1,5.301488651
100358,-0.209973736,0.300795439,0,0,0,4.933108911
100359,-0.82037552,-0.622663489,0,0,1,4.528003231
100360,0.301290484,0.15491186,1,1,0,3.309099389
100361,0.874079809,0.409355025,1,0,0,3.820703493
100362,0.771846636,-1.14295204,0,1,0,2.886475323
100363,-0.383416311,1.848379951,0,1,1,6.323317674
100364,0.392078047,0.747392962,0,0,0,4.069265535
100365,0.272734737,0.425335857,1,0,0,3.790456584
100366,-0.230904052,3.571579218,0,1,0,6.831266197
100367,-0.396155922,-0.038321218,0,0,0,3.377214189
100368,-2.424836325,1.106266658,1,1,0,1.598396174
100369,-0.55225295,-0.060794106,0,1,0,2.844863177
100370,-0.528040551,-0.138682945,0,1,0,2.665645824
100371,-0.284247098,-0.043041776,0,1,0,2.120492769
100372,-0.052801483,-0.154205311,0,1,0,2.227500325
100373,-0.167877227,1.308518452,0,1,0,4.601443793
100374,0.88141692,0.887442318,0,0,0,4.899439254
100375,-0.732448881,1.256820832,1,1,0,3.660135622
100376,1.131644509,-0.553404329,1,0,0,3.394080124
100377,1.523852017,-0.683225943,0,0,0,3.485477027
100378,-1.842031838,1.101525986,0,0,1,7.717253261
100379,-0.11951878,0.976921565,1,0,0,3.908354767
100380,-0.754202163,-1.261770012,1,0,1,3.677075784
100381,1.231871789,-1.407268563,1,1,0,3.476994305
100382,-1.561030511,-1.925586891,0,1,1,3.109861146
100383,-2.794472298,-1.039104383,1,1,1,9.971034397
100384,-2.169407958,-0.035605485,0,0,1,8.65103591
100385,-2.23641735,-1.094273419,0,1,1,7.342910935
100386,2.332061996,0.345124241,0,0,1,15.26989997
100387,0.052805675,-1.62075198,0,1,0,2.107134725
100388,-0.245597666,0.048108563,0,0,1,5.721101193
100389,-1.605180796,0.126180681,0,0,0,1.233593593
100390,1.191232457,-0.348258119,0,0,0,3.695692125
100391,-0.197236368,-2.042096415,1,0,1,2.957864258
100392,-1.399233869,1.057695101,0,1,1,6.30136639
100393,-0.661550647,-0.929711634,0,0,1,4.109583208
100394,-0.692583116,-0.057466127,0,1,0,2.69379209
100395,-1.158415911,0.126516506,1,1,0,2.29329549
100396,-1.360007677,0.774000002,1,1,0,2.699862583
100397,-1.057055777,1.320268319,0,0,1,6.625443046
100398,-0.010032653,-0.845644428,0,0,0,2.123208768
100399,0.91146061,-1.374496879,0,0,0,2.066855579
100400,-0.547065645,-7.55E-05,0,0,1,5.876557366
100401,-0.121166803,-2.008585468,0,0,1,3.699009469
100402,-0.920646543,0.168234342,0,1,0,2.225926163
100403,-1.319891559,1.266429299,1,1,0,2.619621945
100404,0.495180889,-0.514240391,0,0,1,6.883255382
100405,-0.220292465,1.861564124,0,1,1,6.079096324
100406,0.935988451,0.380219145,0,1,0,5.020155278
100407,-1.41551877,1.629611319,0,1,1,7.771712981
100408,1.052401069,-0.148405388,0,1,0,4.375595017
100409,-0.549698069,-0.187903939,1,1,0,2.38306476
100410,-1.201936681,-0.470785558,0,1,1,6.178419382
100411,0.763160514,-1.807621277,0,0,1,3.582923284
100412,-0.314074374,0.113755973,1,1,0,2.889704233
100413,0.103568037,-1.178936954,0,1,1,3.937652268
100414,-1.182152891,1.089165382,0,0,1,6.424578685
100415,-1.224529093,1.008650956,0,0,0,1.808508791
100416,-0.482365315,1.07979635,0,1,1,5.938421977
100417,-0.421078505,-1.166471321,0,1,0,1.381320701
100418,0.856554856,-0.017391222,0,0,1,8.163728899
100419,1.448576585,0.892200085,0,0,1,9.760671996
100420,-0.229426629,-0.449667602,0,1,1,4.865705726
100421,0.023372343,0.190210018,0,0,1,6.342536553
100422,-0.881748527,0.841939573,0,0,1,6.941567729
100423,-0.397363492,-0.423027745,1,0,0,1.822274009
100424,-0.540688337,0.231017267,0,1,1,4.778097704
100425,-0.692052602,0.13497011,0,0,1,5.697762634
100426,2.766603071,-0.05360946,0,1,0,5.490896698
100427,-0.434004738,-1.667689228,1,0,1,2.763840172
100428,0.050221925,-1.109230943,0,1,0,2.363868028
100429,-0.375558119,0.151607594,0,0,1,6.1257715
100430,-1.73098945,0.157462752,0,1,0,1.695028675
100431,0.304515175,-1.29710002,0,1,1,5.216139362
100432,-0.392309192,-1.830666362,0,0,1,3.117085948
100433,1.575500936,0.330563277,0,1,1,9.858652944
100434,-0.179588501,-0.163435831,1,1,0,2.645360174
100435,1.131443608,-0.094165552,0,0,1,9.106219037
100436,0.330816771,1.51862956,0,1,0,6.281331332
100437,-0.346167148,-1.092635325,1,1,1,3.649334458
100438,-0.824500575,1.428663834,1,1,0,3.032851182
100439,0.091428309,-0.502331288,1,1,0,2.541996537
100440,0.97364438,0.997957386,0,1,0,4.704065162
100441,-0.475647768,-0.971936837,1,1,1,4.57615615
100442,-1.570528601,-1.793888921,1,0,1,3.803168977
100443,-0.264986452,-0.893195947,1,1,1,4.365042132
100444,1.85847441,0.058537755,0,0,1,11.48718574
100445,-1.942149543,1.418729276,0,1,0,3.339361129
100446,0.161710309,0.70497948,0,1,1,7.068807023
100447,0.682034777,0.296556567,1,0,1,7.898929892
100448,0.52334263,0.238760672,0,1,1,6.680183579
100449,-1.106385906,0.366732198,1,1,0,2.815717652
100450,1.023905505,-0.210056413,0,0,1,7.293716744
100451,0.551302218,0.419589145,0,1,0,4.67676928
100452,1.815652064,-0.252750301,0,1,1,11.17005766
100453,-0.292004163,-0.11693174,0,0,1,5.136087837
100454,-0.102391075,-2.272617711,0,1,0,-0.293266288
100455,-0.642609841,0.299885067,1,1,1,6.083198731
100456,-0.008256515,-0.799339154,0,0,1,4.279602092
100457,-0.664779252,-0.355613128,0,1,1,4.99798261
100458,-0.801571781,-0.51305061,0,1,0,2.302318357
100459,-0.539390119,0.895370847,1,0,0,4.027421825
100460,1.016391269,0.933585094,1,1,1,8.223193317
100461,0.426701799,-0.708322484,0,1,1,5.371521038
100462,0.95983045,-0.314250587,0,0,1,7.209757639
100463,0.023052208,1.338220532,0,1,1,6.567309694
100464,0.083992856,0.24728403,0,0,0,3.589982538
100465,-1.412779486,0.487009294,1,1,1,7.397086754
100466,-0.980006647,1.011939656,0,0,1,6.395820996
100467,-0.184599177,-2.236168842,0,1,1,1.900016041
100468,-0.358020103,-0.228034538,0,0,0,1.27449038
100469,0.485475226,0.670512391,0,1,1,6.729104636
100470,-0.327764245,1.012868195,1,0,0,3.742015101
100471,-3.167055329,-0.713988998,0,0,0,-1.259914086
100472,-1.112364271,-1.254183511,1,1,0,1.069431312
100473,0.959706371,0.829170399,0,1,0,5.524426128
100474,-0.77577002,1.178057004,0,0,0,3.156641799
100475,0.101466892,-0.421684101,0,0,0,3.196716324
100476,-0.692922796,-0.778271726,0,1,0,0.849587207
100477,0.472774857,0.650154901,0,0,0,3.745169007
100478,0.238501212,-2.050217677,0,0,0,0.702473142
100479,0.296358656,0.565396564,0,1,0,3.800004752
100480,-0.669205605,0.043250543,0,1,1,5.278282517
100481,-1.863884299,-1.229969062,0,1,0,-0.502401246
100482,-0.324235348,-0.309751144,0,1,1,4.461497235
100483,0.351679372,-1.186925387,1,0,1,4.569893679
100484,-0.341206065,-0.48977978,1,0,1,4.966965126
100485,0.528010474,1.421042768,0,1,1,7.159862666
100486,1.72092032,-1.568440047,0,0,0,3.336134674
100487,-0.048014192,-1.11252931,1,1,1,3.249199199
100488,-0.064744951,0.42291928,0,1,1,5.68058272
100489,0.081490899,-0.049011699,0,1,1,6.093466376
100490,1.483039175,0.720989392,0,1,1,10.90736867
100491,-0.272654462,0.024211361,0,1,0,1.764838198
100492,0.870897807,0.609790506,1,0,1,7.895854593
100493,-0.425076104,-1.775242841,1,1,1,2.384424007
100494,-1.184657493,0.145979225,0,1,0,0.160026911
100495,-1.786526853,-0.152394498,0,0,1,7.25732547
100496,-0.453569176,0.999252803,0,1,0,3.283729264
100497,-1.318043823,-1.931768979,0,1,0,0.453185867
100498,-0.419640742,0.634763132,1,1,0,3.288225985
100499,1.069918599,-0.909327017,1,0,1,6.497567605
100500,0.470263748,-1.111430448,1,0,1,5.051155429
100501,-0.748827466,0.567594726,1,0,1,6.04218667
100502,0.718150543,-0.999380749,1,1,0,2.67296045
100503,0.474898323,-1.868499813,0,1,1,2.81885643
100504,-0.202658907,-1.134248026,0,1,0,2.232437178
100505,-0.80769934,-1.276077352,0,1,0,1.73053848
100506,0.553626395,0.55387447,0,0,0,3.786424268
100507,-0.691200445,0.375582306,0,0,0,2.794524837
100508,0.261272553,-0.128451754,0,1,0,3.580465554
100509,2.1581702,-0.840878617,0,0,1,11.13575228
100510,0.014305091,-0.382387029,0,1,0,2.794892091
100511,-0.371780015,0.159412004,1,0,0,3.401370981
100512,-0.2943957,-0.86042676,0,1,0,2.322762226
100513,0.124227498,1.182331647,1,1,0,4.081420768
100514,0.94276638,0.203044488,1,1,1,7.472761331
100515,-0.735396814,0.1864296,1,1,0,2.644268241
100516,1.084643023,1.191189262,0,0,0,4.626223151
100517,0.35968706,-0.3643572,0,0,1,6.402227251
100518,-0.202752749,0.772045927,0,1,1,5.577852591
100519,0.686346215,-1.757699612,0,0,0,2.176418437
100520,0.658617565,0.71128834,1,1,0,4.357630965
100521,-0.887191425,-0.764981116,0,0,1,4.95114113
100522,-0.757164098,-0.680262803,1,0,0,1.392714304
100523,-1.416749587,0.31309193,0,0,1,6.962790188
100524,-0.785719399,-0.070383836,0,1,1,5.111690861
100525,-0.497568783,0.255177521,0,0,1,5.22933723
100526,-1.010617036,0.245265375,0,1,0,2.471572949
100527,0.389781016,0.827594585,0,0,0,3.216465506
100528,1.967769089,-2.09210177,0,1,0,3.710577128
100529,0.320314334,-0.709162842,1,0,1,5.37215592
100530,-1.925058673,0.841630623,0,1,1,8.897516039
100531,1.332199884,-0.39162771,0,0,1,8.969790703
100532,0.210916296,-0.06407674,0,1,1,6.315348306
100533,0.434197668,0.880535749,0,0,1,7.866261986
100534,0.344937336,0.345769929,1,1,1,5.924393822
100535,1.259736543,-0.164662222,0,1,0,4.497646857
100536,0.923064571,-0.822000422,0,0,0,3.592049681
100537,1.607084947,0.737825392,0,1,1,10.78836135
100538,-0.403759534,-2.114548147,0,1,0,1.185453356
100539,-0.000310717,-1.181809409,0,1,0,1.606555049
100540,0.299634603,1.451168823,0,1,1,6.596931573
100541,0.160059793,-0.178012614,0,0,0,3.430588352
100542,0.342205404,0.285650196,0,1,1,7.019649235
100543,-2.362864108,0.240936864,1,0,0,1.065070826
100544,0.620277356,-0.259341634,0,0,1,6.999527431
100545,0.978559078,-0.127674575,0,1,0,3.656774125
100546,0.766998762,2.273105107,1,1,0,6.288104036
100547,-0.096391129,-1.942132166,0,0,1,3.422541839
100548,-0.336591724,-1.725890005,0,0,0,0.72479338
100549,0.611237826,1.309350974,0,1,0,5.93096452
100550,0.695879662,0.320308213,1,1,0,4.563002756
100551,-0.644925458,1.575649746,1,0,1,6.191282201
100552,0.753276212,0.284469557,0,1,0,3.455866333
100553,0.204860319,0.111627359,0,1,1,5.04953358
100554,0.452216424,-0.613327179,0,1,0,3.219015442
100555,1.525249934,0.152339753,0,1,1,10.77641012
100556,0.60005445,-0.433567278,0,1,0,2.999302055
100557,0.374918534,-2.281752426,0,0,1,2.741853722
100558,-1.118298878,-0.031413153,0,1,1,6.297756579
100559,-1.32247311,2.439414064,0,1,0,3.637681821
100560,-1.668081314,0.345900749,0,0,0,1.645496993
100561,1.655773153,0.481287059,0,1,0,5.856231648
100562,-0.310227553,-0.552144084,0,1,0,2.304093627
100563,0.673255489,-0.800270681,0,0,0,3.018671648
100564,-0.11948611,0.691198606,1,1,0,3.937489749
100565,-0.307879027,0.08751001,0,1,1,6.416480862
100566,-0.304086293,-0.969797604,0,1,1,3.996838899
100567,1.189150485,1.393066241,0,1,1,9.020897301
100568,-0.316699954,-0.265576159,0,0,1,5.310878768
100569,-0.177899339,0.538803274,0,1,1,6.454764006
100570,-0.905300265,-0.088525306,1,0,1,6.182830055
100571,0.262959055,0.642042149,1,1,1,6.689654274
100572,-2.780837275,0.40340321,1,0,1,11.05679255
100573,0.345846762,1.007728237,1,0,1,6.707671063
100574,-0.526264015,-0.518353205,0,0,1,5.303578228
100575,1.202516587,-1.563156706,0,0,1,5.690717865
100576,1.629090291,2.555894459,0,0,0,6.142632375
100577,0.477451685,0.814098474,0,1,0,4.668199283
100578,-1.489581707,-0.694559787,0,1,1,6.160279803
100579,1.057862547,0.361815347,1,0,0,5.073789637
100580,-0.181427463,0.232869132,0,1,1,6.47947225
100581,0.506976484,-0.293095701,0,1,0,3.482693168
100582,-0.028945945,-0.036307375,0,1,1,5.997009467
100583,-1.052278981,0.323594628,0,0,1,6.054604247
100584,1.803585915,1.73196213,1,1,0,6.670675658
100585,-1.476399296,0.57063122,0,0,0,1.113239169
100586,0.675503781,-0.410510463,0,1,0,2.802879893
100587,-0.964200035,-1.320814314,0,1,0,0.788657884
100588,-0.444703779,0.350009137,1,1,0,3.214852028
100589,-0.158058176,-0.610933088,0,0,1,5.639442873
100590,-1.249156631,0.350716258,0,1,0,1.832881901
100591,1.066542447,-0.926921972,0,1,0,3.168768223
100592,0.448428964,-1.879475244,0,1,1,4.446496913
100593,-0.657466109,0.72960412,0,1,1,6.096740563
100594,-1.117767209,-0.604436725,0,1,1,4.928823628
100595,1.417966828,-0.73284398,0,1,0,3.482548847
100596,-0.853944819,0.575848362,0,1,1,6.089588998
100597,1.954733563,-0.239669947,0,1,1,11.86841313
100598,0.76873586,1.34576918,0,1,0,5.148008436
100599,0.325552163,-0.269917901,0,1,1,6.6086364
100600,-0.876326739,-1.425210961,0,1,1,3.242637924
100601,1.111701745,0.180957146,0,1,0,4.481401153
100602,1.332800942,0.988925316,0,1,1,9.905709957
100603,-0.61697052,-1.1868867,0,1,0,0.550298109
100604,0.412669583,-0.632506884,1,0,0,3.095032135
100605,0.376689141,-0.731151938,0,1,1,5.267983869
100606,-0.861225253,-0.14099081,0,0,0,2.001938302
100607,0.93410062,0.306539895,0,1,0,4.981150827
100608,1.178375149,-1.233561703,0,0,1,6.259082083
100609,-1.057077142,-0.089163699,0,1,1,5.689333122
100610,2.165701383,0.674286114,0,1,1,12.63517966
100611,-1.066612742,-0.076140453,1,0,0,1.849536401
100612,0.220714791,-0.568685746,1,1,1,5.637970335
100613,0.613274991,-0.156446138,0,1,0,3.313509757
100614,-0.299330718,1.260256787,1,0,0,4.122276789
100615,-1.709660902,-0.961805342,0,1,1,5.267558296
100616,-0.817308981,-0.84768107,1,1,1,4.765389504
100617,-0.728753045,0.488475958,0,1,1,5.627407666
100618,1.096532828,0.916041261,1,0,0,5.334224124
100619,-1.019562127,-0.107417899,0,1,0,1.261403525
100620,0.452265213,0.240002952,0,1,0,3.541191745
100621,1.3057474,-0.675334236,0,1,0,2.979999303
100622,0.156319421,-0.393230715,1,1,1,5.145858622
100623,0.251075019,-1.078896913,1,1,0,1.622130324
100624,-0.928937721,-0.73011086,0,1,0,0.662417089
100625,-0.563669311,1.547923266,1,0,1,6.139829895
100626,1.175401914,-0.212649671,0,1,1,7.667992359
100627,0.172933294,-1.594436018,0,0,0,1.791701407
100628,-0.179292347,0.159614713,1,0,1,5.213340395
100629,1.145684213,0.32680472,0,0,1,8.887021997
100630,0.432890059,0.29776289,0,0,0,3.427148933
100631,0.26900119,-1.396759176,0,0,0,1.986793004
100632,-0.416757668,1.434886799,1,1,1,6.360105334
100633,0.823896443,0.494234499,0,1,0,4.441470201
100634,0.066715309,0.659441396,1,1,0,3.117171507
100635,-0.944889409,-1.580059562,0,1,0,0.242447762
100636,-0.382086552,0.537923058,0,1,1,6.187781645
100637,0.107829882,1.013958679,0,1,0,3.815138524
100638,0.351450517,0.044842196,0,0,0,3.444784794
100639,1.327484954,1.132375778,1,1,0,5.164555124
100640,-0.098091301,-1.103049861,0,1,1,3.871508153
100641,-0.907361492,-0.161451138,0,0,0,1.138598873
100642,-0.366811384,1.65776233,0,1,0,3.727726102
100643,-1.680134149,-0.064257787,0,1,1,7.167548223
100644,-1.066226487,0.116801869,0,1,0,2.554463595
100645,0.382264833,-0.404896974,0,1,0,2.892658916
100646,0.530481414,-0.198626941,1,1,1,7.207296802
100647,-0.179395613,-0.417888725,1,1,0,1.746408725
100648,0.650824289,0.138501464,0,0,0,4.539990302
100649,1.57323963,1.270024877,1,0,1,11.50387326
100650,0.553774608,-2.159441646,0,0,0,1.078782837
100651,-1.484328312,0.986250573,0,1,0,3.655554446
100652,-0.47563856,0.234843758,0,1,0,2.120179999
100653,-0.6304754,0.517886631,0,0,1,6.618957463
100654,0.957989944,-1.20962774,0,0,1,6.665073477
100655,-0.813571425,-1.663728413,1,1,0,0.583786808
100656,0.233407312,-1.665280421,0,1,1,3.7543471
100657,-0.366081695,0.519611147,0,1,1,6.067017051
100658,2.058092935,0.368418342,1,0,1,12.73309211
100659,1.252884742,0.259158843,0,1,1,8.936844891
100660,0.309243409,-0.210922898,1,1,1,6.583066864
100661,-0.383270133,1.174378152,1,0,1,4.763812103
100662,0.374674353,0.336296345,0,1,1,7.144601321
100663,-0.60817526,-0.345041731,0,1,1,4.632659708
100664,2.067490483,-0.06750183,0,0,1,12.46908048
100665,1.32616806,-0.520251711,1,0,0,3.685230138
100666,0.801544172,0.289795599,1,1,1,7.851696272
100667,-0.403713105,0.648562899,0,1,1,5.927115141
100668,-1.543443909,0.574621429,1,0,0,2.119243666
100669,0.786903222,0.273073188,0,1,1,7.682633767
100670,1.310923697,-0.068100455,1,1,0,4.553064356
100671,-0.149139185,0.355039529,1,0,0,2.25173259
100672,0.867706253,0.569840514,1,1,0,3.756020567
100673,-0.226613075,-0.995227845,0,0,1,4.640182731
100674,0.663479256,-0.789571274,0,1,1,5.98809148
100675,-0.818275368,-0.654643176,1,1,0,1.143065777
100676,0.057708807,-0.796296464,0,1,0,1.934199833
100677,-1.135688037,-0.658841944,0,1,1,5.754923936
100678,-0.18333181,0.454284468,0,1,1,6.200149612
100679,0.067266911,-1.080462095,0,1,0,2.611282763
100680,0.228662132,0.322755521,1,0,0,3.49804493
100681,-0.45496319,-0.796246059,1,1,1,4.056928167
100682,-0.796630154,-0.531812317,0,0,1,5.082466199
100683,2.214242036,-0.889072409,0,1,1,11.05971133
100684,0.265999167,-0.714102596,1,0,1,5.227881125
100685,-0.505983116,-0.706136439,0,1,0,1.641410238
100686,0.801202386,0.379107829,0,0,1,7.396339572
100687,-0.129343801,0.502934947,0,0,1,5.732425584
100688,0.743465695,-0.850715046,0,0,0,2.777997338
100689,0.547252413,-0.717631684,1,0,1,6.596711476
100690,0.837935227,0.740198479,0,1,0,4.086062035
100691,0.403703051,-0.209926341,0,1,1,6.205221102
100692,-0.526109263,-0.263628699,0,1,1,5.561873704
100693,0.769154764,-0.682331046,0,0,1,5.550350396
100694,0.04967124,-1.747629169,0,1,1,3.300914537
100695,0.260374659,-1.035528417,1,1,0,2.590543146
100696,-1.318136732,0.518714882,0,1,0,2.130294625
100697,0.21033753,-0.44337749,0,1,1,6.243658804
100698,-0.302095676,2.271033767,0,0,0,4.226065561
100699,-0.194144293,-0.201216028,1,1,0,2.398820401
100700,0.652305279,0.087212337,0,0,1,7.274158308
100701,0.98742845,0.277448802,1,0,0,4.735249692
100702,0.761089143,0.443330413,0,1,1,7.393729376
100703,0.645303765,-0.04265297,0,1,0,3.966375775
100704,0.222527777,-0.271035493,0,1,1,6.577142873
100705,0.604169507,-1.346038685,1,0,1,4.982376502
100706,0.72613629,0.99802535,0,0,1,7.538012128
100707,0.741761778,-0.10409772,0,1,1,6.613241024
100708,0.505229211,-0.776578668,1,1,0,2.029460366
100709,0.837102214,-1.099215291,0,1,1,5.068211612
100710,0.593731121,0.532657395,1,1,1,7.589004882
100711,0.406727836,-0.447083644,1,1,1,5.449413094
100712,0.760166233,-1.837264863,0,0,0,2.56920208
100713,0.777221812,0.19143791,0,1,1,7.378748569
100714,1.050958673,0.200048985,1,1,1,8.449878561
100715,1.838190147,-0.941819333,1,1,0,2.698019076
100716,0.609407319,-0.886004489,1,1,1,6.123404838
100717,-0.12638618,0.742372588,0,1,0,4.318341516
100718,0.625430326,2.07953868,0,1,0,6.016011923
100719,-0.351406733,1.286001344,1,0,0,4.83768719
100720,-0.254300187,-0.700900088,1,1,1,5.023623203
100721,-1.622953561,0.162670626,0,1,0,0.905847825
100722,-0.521305606,0.84751737,0,0,0,2.87611167
100723,-0.528400755,-0.476601558,1,0,1,5.877276981
100724,0.354655276,1.721215798,0,1,0,4.767380457
100725,-1.088649881,1.017612805,0,0,1,6.651574899
100726,0.8741053,-0.22094597,1,1,0,3.757187377
100727,0.675416285,-0.284276426,1,1,0,3.734015051
100728,2.371388454,-0.112095292,0,1,0,4.4861881
100729,0.080414094,-0.325791609,0,1,1,5.010676631
100730,-1.693454048,-0.26315338,0,1,1,7.467001191
100731,0.232036972,1.500922622,0,1,1,7.248157468
100732,0.491957128,-0.189382188,0,1,1,6.435224543
100733,0.059943193,0.327340366,1,0,0,3.11580181
100734,-0.378966059,0.682237017,1,1,0,3.210081012
100735,1.625088158,-0.363148738,0,1,0,4.65316205
100736,1.207530266,0.876326304,0,1,0,5.407070747
100737,0.537244861,0.111925619,0,0,1,6.385616035
100738,0.337783871,-0.217393174,0,0,1,5.486748378
100739,1.836868504,-0.718403156,0,0,1,11.04083063
100740,1.134944694,1.549721721,0,0,0,5.878456278
100741,-0.323134333,1.165846959,0,1,1,5.984717641
100742,0.143981346,0.062359789,1,0,1,6.221293958
100743,-0.074563693,-1.613731101,0,1,0,0.929286372
100744,0.547923958,1.443551764,0,1,0,5.168656477
100745,-0.704720423,0.847338658,0,1,1,6.216011452
100746,-0.085205392,-1.092689275,1,0,1,4.735662943
100747,0.997889966,1.686036831,1,0,1,8.306145973
100748,-0.794252359,0.215801696,0,1,1,5.24425044
100749,-1.439735708,-0.042007319,0,0,1,5.963796986
100750,0.486066403,1.752909606,0,1,0,5.756926327
100751,1.557573716,1.642498342,0,0,0,6.440798079
100752,-0.527091942,-0.245165068,0,0,1,6.038555571
100753,-1.664305425,-0.715155508,1,0,0,0.270893847
100754,-1.451829202,0.365536897,0,0,1,7.28611799
100755,-0.696990005,-1.10142227,0,0,1,4.925921452
100756,-0.355414436,-1.184876956,0,1,0,0.967919867
100757,0.30901682,0.284447494,1,0,0,4.603311089
100758,-0.31571259,-0.73067548,0,1,0,1.413955649
100759,-1.339441375,0.555356605,0,1,0,2.40009368
100760,0.22872074,0.464315464,0,1,0,3.907356115
100761,-0.306435381,-0.217923506,0,1,0,2.488313364
100762,1.441999149,-0.600584865,1,1,1,7.365599294
100763,-0.312644023,0.743892083,0,0,0,3.226229267
100764,0.302911297,-2.046622207,0,0,0,0.962809444
100765,-1.68788673,-0.660831267,1,1,0,0.337807183
100766,0.910299664,0.671673078,0,0,1,7.394799915
100767,0.519523361,0.627744096,0,1,0,4.357564686
100768,-0.968944755,0.601047093,0,0,1,6.501108662
100769,-0.921283697,0.947299202,0,1,0,3.195783461
100770,-0.510565134,0.281626078,0,1,1,6.098961306
100771,-1.874498404,-1.348888912,0,1,1,5.530793022
100772,1.090677438,0.69174387,0,1,1,9.030834692
100773,-1.217936773,1.285591722,0,0,1,6.903873114
100774,-1.090784429,0.019961104,0,1,0,2.476663204
100775,-0.480100622,-0.923415197,0,0,0,1.194045021
100776,1.167940562,1.684981496,0,0,1,8.528851841
100777,0.178274217,1.525998917,0,1,1,7.684833336
100778,-0.281215053,0.108308598,0,1,1,6.351670223
100779,0.131489256,-1.156708889,0,0,1,4.186131289
100780,0.499456892,0.70969314,1,0,0,4.005850981
100781,-0.173473635,-1.691751168,0,1,1,4.508750337
100782,0.367705494,-1.515013514,0,0,1,3.806592618
100783,-0.811269834,0.131421292,0,0,0,2.718198795
100784,-0.769662464,0.253676651,0,1,1,6.523246887
100785,-0.226210255,-1.630496511,0,0,1,2.586604938
100786,0.167971561,0.58657968,0,1,0,4.5495617
100787,1.012400243,-0.366568075,0,0,1,8.290736313
100788,-0.061483679,-1.495108669,1,1,1,3.844901885
100789,1.964889405,1.505008189,1,0,1,12.66647321
100790,-0.031834018,-0.124841773,0,1,0,2.478955123
100791,-2.930222844,1.035262563,0,1,0,0.192927072
100792,0.562861181,0.81281187,1,1,0,4.485240515
100793,-0.405248155,-0.469428825,0,1,1,4.603236705
100794,-1.235418646,0.77800973,0,1,0,1.629077267
100795,1.252153879,1.123882877,0,0,0,5.343451093
100796,0.187257576,-0.326651702,0,0,1,5.79477276
100797,-1.051970423,-0.70175052,0,1,0,2.098950015
100798,0.467550474,-0.284553375,0,1,1,6.863363951
100799,1.641404185,1.152356031,0,1,0,6.771128902
100800,-0.601809132,-1.215662064,0,0,0,0.505045171
100801,-0.548418343,1.065382946,1,1,0,3.662305364
100802,-0.523922408,0.545987985,0,0,0,3.690898251
100803,-0.565880119,0.343164157,1,1,1,6.434355949
100804,0.528141973,0.985833246,1,1,1,7.079756994
100805,1.433240131,1.310228935,0,1,1,9.965676598
100806,-0.530171509,-0.147018736,0,0,0,2.246376669
100807,-1.173525095,-0.235685288,1,0,0,2.101721325
100808,0.024317145,-0.403959935,0,0,0,3.084488007
100809,-0.503584568,1.032080178,0,1,1,6.060982097
100810,0.907482945,0.399122048,0,1,0,4.277373581
100811,-1.277510604,0.2009309,1,0,1,6.462966051
100812,-0.384231571,1.315727461,1,1,1,6.428083562
100813,-1.802290747,-0.558823691,0,0,0,0.197221767
100814,-0.586650308,-0.466574032,0,0,0,2.090459493
100815,0.957578748,-2.352358411,1,1,0,1.297083379
100816,-0.208052176,0.850720674,1,1,1,7.294777086
100817,0.980117506,-0.549077861,1,0,0,5.000950459
100818,-0.679778149,0.346213573,0,0,1,5.514133759
100819,0.15103669,0.069403115,0,1,1,5.479152748
100820,-3.801378197,-1.127172205,1,0,0,-1.515664585
100821,-0.863223063,0.643009862,0,0,1,5.566365456
100822,-1.440759705,-1.046627561,0,0,0,-0.643571881
100823,-0.154384006,-1.287595177,0,0,0,0.678187311
100824,0.642853905,-0.39140368,0,1,1,6.360828648
100825,1.832905932,-0.629718717,0,1,0,4.394608411
100826,-0.576283203,0.804438289,1,0,0,3.696068442
100827,-0.655336927,1.51156832,1,1,0,3.513968236
100828,0.482914942,-0.303879939,0,1,0,3.740858122
100829,-0.160797997,2.850707737,0,0,0,6.281910887
100830,0.488654359,0.150477016,1,1,1,6.889994579
100831,-0.132576755,1.037162033,1,0,1,6.613344565
100832,-1.518326314,-0.181188023,0,1,0,2.196580895
100833,-2.833657456,-0.533407626,0,1,0,-0.302787628
100834,0.847926813,1.382230839,0,0,1,7.701547211
100835,0.605970238,0.639968591,0,1,1,6.186713474
100836,-1.71590149,-0.678373811,0,0,1,7.164033455
100837,1.474405016,-0.52386001,0,1,1,8.818805284
100838,-0.135982402,-0.805561986,1,0,1,4.924779278
100839,-0.933751485,-0.470269226,0,0,0,2.655562519
100840,-0.661055966,0.957501796,0,0,0,4.252656706
100841,0.215369598,1.018883826,0,0,1,7.045712617
100842,-1.387237503,1.225453148,1,0,1,6.337697054
100843,0.021456224,1.839348384,0,1,1,6.21770751
100844,-0.052776138,-1.493401815,0,1,0,1.617222258
100845,1.284220628,-0.136488238,0,1,1,8.92516234
100846,-2.15211508,0.145194681,0,1,1,8.615671743
100847,0.231228126,1.076112743,0,1,1,5.970449799
100848,-3.587493831,1.148869475,0,0,1,15.99511557
100849,-0.474596755,1.926247908,1,1,0,4.325600513
100850,-1.718281001,0.545338902,0,0,0,1.738712834
100851,0.411718831,-0.42211473,0,0,1,5.969817036
100852,-0.773805905,-0.373745028,0,0,0,1.123000628
100853,-0.346720291,-1.253438006,0,1,1,3.67238454
100854,0.99299217,-1.092200346,1,0,1,6.077958919
100855,1.023190978,-1.788934565,0,1,0,1.602158425
100856,-0.17718978,-0.162306533,0,1,0,2.189531629
100857,-0.015794372,0.95629588,1,0,0,3.899942456
100858,-0.20234722,-0.45792941,1,0,0,2.09587982
100859,-0.199327585,0.981006856,0,0,1,5.799148968
100860,-1.205606948,-1.0206685,0,1,1,4.281216784
100861,-1.956698252,2.027248696,0,1,1,8.260862654
100862,-1.159744728,-1.885431656,0,1,1,1.925739854
100863,-0.808899139,-0.612455248,0,0,1,5.809776825
100864,1.465456001,-0.464899226,1,0,0,4.070595309
100865,0.291769281,-1.790779805,1,0,0,1.552870758
100866,0.207983492,-1.648796245,1,0,1,3.522491131
100867,-0.313595049,-0.759870981,0,1,1,4.990879722
100868,0.058271497,0.634408706,0,1,0,3.492238465
100869,-1.335895951,-1.136418428,0,1,1,4.514387599
100870,0.193589006,0.687285711,1,1,0,3.610356396
100871,1.417375195,-0.47189173,0,1,0,4.408559191
100872,-1.491478675,0.18662572,0,1,0,1.506827028
100873,-0.794643718,-0.924420198,0,1,0,1.18310476
100874,1.408177074,0.61871681,0,1,0,5.491863079
100875,-0.728077864,-0.018711535,0,1,0,2.596638438
100876,-0.085676988,0.165095618,0,1,1,6.593776447
100877,-0.405939613,-1.900062528,0,0,1,2.56257855
100878,-0.976350175,-0.531996585,0,1,1,4.366456319
100879,0.028111766,-1.082294362,0,0,1,5.375250044
100880,0.186284938,-0.381271461,1,1,1,6.21979343
100881,-0.759475102,-1.270276124,0,0,0,1.6475251
100882,0.446491416,0.424243386,0,1,0,3.438714336
100883,0.800220882,0.549288226,0,0,1,8.853955797
100884,0.624134455,0.38207862,0,1,1,6.939839507
100885,-1.758409679,-0.279118879,0,1,1,8.031050479
100886,-1.432382462,1.369212075,0,1,0,2.719718504
100887,-0.014013725,1.269755845,1,0,0,3.705478159
100888,-1.030322292,-0.091869216,1,0,1,5.20225468
100889,0.26337425,-0.330902146,0,0,0,3.443950476
100890,0.1877894,1.482163457,1,0,0,4.213536595
100891,-1.031913423,-2.637922487,0,1,1,2.437800085
100892,1.600624139,-0.791662237,0,0,0,3.710056242
100893,1.122499696,0.6519133,1,1,1,8.496312983
100894,-0.216686798,0.38034479,0,0,1,6.35221052
100895,-1.140534264,0.085897154,0,1,0,1.697565842
100896,0.594040205,-0.774332726,0,1,0,2.525570133
100897,-0.380291097,0.31259352,1,1,1,5.381197322
100898,1.32327371,-0.00315484,0,1,0,4.816423983
100899,-0.430659845,-0.146415775,0,1,1,5.60577908
100900,1.160175947,-0.641512336,0,1,1,7.342953989
100901,-0.300232397,-0.632260778,0,0,0,2.233107806
100902,-0.204316535,0.213695602,0,0,1,5.778839416
100903,1.033878202,-2.124575285,0,1,0,1.769487878
100904,0.555488916,-0.891589882,0,1,0,3.151754765
100905,0.593070005,1.239634989,0,1,1,8.359938181
100906,0.995595012,0.15795878,1,1,0,4.545673553
100907,0.834498934,-0.943383936,1,1,0,2.668671153
100908,-0.067830086,1.519471097,0,0,0,2.89610618
100909,-0.78925553,0.197269165,0,0,0,3.016422204
100910,-0.369175372,-0.19510847,1,0,1,5.055135321
100911,0.406071195,-0.269518905,0,1,1,5.453367798
100912,-0.003409147,-0.50458327,0,1,0,2.755302603
100913,-1.825028325,0.193094128,0,1,1,7.714255107
100914,0.439470037,1.382173464,0,1,0,4.968504199
100915,-0.131865463,-1.394708531,1,0,1,4.082493654
100916,-0.754008194,0.540392345,0,1,0,4.016731381
100917,-0.084529511,0.279290884,0,1,0,3.186951401
100918,-0.353080138,1.869808914,0,1,0,4.247304938
100919,1.727988011,-0.931595625,1,1,1,8.732702979
100920,0.909030993,0.30406239,1,0,0,4.324993318
100921,0.013559525,-0.859687989,0,0,0,1.892334374
100922,1.621530633,1.165258341,0,1,0,6.180355567
100923,-1.457100053,1.383491308,1,1,0,2.53421013
100924,-0.03837827,-0.597790574,0,1,1,5.327312592
100925,-0.976577765,0.944820312,0,0,1,6.946035106
100926,0.399895521,-0.87414632,0,1,0,1.270373987
100927,-0.811097788,-0.387523104,0,0,1,5.250504308
100928,-0.512506046,0.527780312,0,1,0,2.953735605
100929,0.378736993,-0.635649903,0,1,1,5.426737095
100930,-1.657509425,-1.333999267,0,1,0,0.38925399
100931,0.870055509,-0.994810474,0,1,1,5.463236366
100932,0.111135199,-1.763157534,1,1,0,1.115706276
100933,0.397059836,1.919526406,0,1,0,5.671224524
100934,-1.328067231,0.549697269,0,1,0,2.620082753
100935,0.272461933,0.917883946,1,0,0,4.310121104
100936,-0.131240319,0.272824942,1,0,1,6.501700727
100937,0.181974128,0.572842819,0,0,0,4.003966242
100938,-0.839112705,0.192448761,0,1,0,1.965072166
100939,0.810325597,1.167990591,0,1,1,8.006522549
100940,0.495728916,-1.131956534,1,0,0,2.442107924
100941,-1.553578176,0.408625561,0,1,0,1.333904193
100942,-1.011643753,0.844334606,0,1,1,6.861423418
100943,-0.287784364,1.011615943,0,1,1,6.087370537
100944,2.125816625,-0.062322675,0,1,0,5.134464083
100945,-0.116000386,1.013492949,1,1,1,5.975108305
100946,1.063905028,1.701608168,0,1,0,5.387087711
100947,0.196569619,-0.632866958,1,1,1,4.654104063
100948,0.007713657,-0.623629193,1,1,1,4.547088225
100949,0.239809703,-0.868239688,0,1,0,2.462117874
100950,0.902006456,0.697490155,0,1,0,4.205675534
100951,0.139033304,0.025576547,1,1,0,3.148824872
100952,-0.196442918,1.312255204,0,0,1,5.238979714
100953,1.187417483,0.145716855,0,1,0,3.602021945
100954,-0.856649877,-1.176848319,1,1,1,3.476069148
100955,0.287620713,-0.638061937,0,1,1,4.865560615
100956,0.475933872,-0.386695537,0,1,1,6.988246491
100957,0.773754359,0.207415244,0,1,1,7.652764538
100958,0.998053062,-2.233905252,0,1,1,4.442140789
100959,-0.227050246,2.216788133,0,1,1,6.54747326
100960,-2.503161012,0.842652217,0,1,1,9.148998868
100961,0.418003741,1.285701054,0,1,1,7.515107741
100962,-0.173591796,1.190354439,0,1,0,4.344322828
100963,1.216905804,0.196780093,1,1,1,8.851684498
100964,-1.164011878,0.913004534,0,1,0,3.576697
100965,-0.973436995,-0.137376571,0,1,1,5.334843327
100966,0.946908244,1.092067706,1,1,0,6.018899049
100967,-0.347958973,0.626982936,0,1,0,3.629235988
100968,-1.542536614,-0.472380901,0,1,1,6.39707821
100969,1.468918896,1.343388048,0,1,0,5.324026258
100970,0.669213836,-0.141834486,0,1,0,3.538500656
100971,0.847260317,-0.023228192,0,0,1,6.889520734
100972,0.168228607,0.088382908,1,0,1,6.555189221
100973,-0.775520306,0.725924811,0,1,0,3.449500792
100974,-1.069947261,0.775844854,1,1,1,6.216779536
100975,-0.960602471,-0.722075716,0,1,1,4.130779532
100976,-2.840847356,-0.156083452,0,0,0,0.946819878
100977,0.189188975,0.827072508,0,0,1,6.456665775
100978,1.31087601,-1.490213428,0,0,0,3.562247348
100979,0.984827487,-0.464034254,1,0,0,3.474460538
100980,-0.072060098,-0.105268356,1,0,0,2.422444325
100981,-0.449514671,-0.889911057,1,1,0,1.734865387
100982,0.279216715,0.811145045,1,0,1,6.977022038
100983,-1.259771713,-0.019458756,1,1,0,1.752209601
100984,-0.629012255,1.095921778,0,0,1,5.802340006
100985,0.493579547,1.508705114,0,1,0,4.849977159
100986,-1.548765001,1.0341966,0,1,1,8.521849004
100987,0.16266541,-0.72517345,0,0,1,6.222702598
100988,0.489203494,1.566033273,0,1,0,4.823521923
100989,1.604614125,0.822218204,0,1,1,11.43574583
100990,-0.991604686,0.309863453,1,1,0,2.685951062
100991,0.342422576,1.242016623,1,0,1,7.280203051
100992,-0.164875179,0.015571783,1,1,1,6.139871735
100993,-0.653508693,0.668087321,0,1,0,3.063640537
100994,-0.215410489,0.185978589,0,0,0,3.10862246
100995,-0.469550013,0.047239614,1,0,0,3.162356893
100996,-1.080413005,0.160889167,0,1,0,2.150190413
100997,-0.602575224,0.699328554,1,0,1,5.707431209
100998,1.847453419,0.845701242,1,1,0,6.127105454
100999,-1.119922514,-0.359296716,1,0,1,4.895859557
101000,-1.609695084,0.013570062,0,0,1,6.396950979
101001,-1.774223549,-1.201377306,0,1,0,-0.062623306
101002,1.09625679,0.861036854,0,0,0,4.877198184
101003,-1.520367124,-0.447440164,0,0,1,5.864259778
101004,0.463487255,0.392493258,1,0,0,4.244454097
101005,-1.627167197,0.260009682,0,1,1,7.301730143
101006,-0.607852631,1.198667905,0,1,0,3.440403921
101007,-0.200179773,0.35928747,0,1,0,3.389262201
101008,-0.109120607,0.66644446,0,0,0,3.915725131
101009,-0.768069421,0.668253295,1,1,1,6.229488408
101010,1.20896282,1.835560648,0,1,0,6.943197457
101011,1.583789611,-0.536121834,1,1,0,5.228558457
101012,0.577149723,0.807497238,0,0,0,4.564756916
101013,0.590044855,0.753478467,0,0,0,4.281917175
101014,0.423943614,-0.545255408,0,1,1,6.392126182
101015,0.207110553,0.846786701,0,0,1,8.010405249
101016,0.461605393,-1.096353505,0,1,0,1.537336496
101017,-0.877618277,-0.409241617,1,1,1,5.146369159
101018,-0.204813502,0.157273228,1,0,1,6.204476894
101019,-0.977094503,0.794955834,0,1,1,6.868277325
101020,-1.857564324,0.528701686,1,1,0,1.62968324
101021,0.506533428,0.644098654,0,0,0,4.107954375
101022,-3.066987633,-1.349275484,0,1,0,-1.179033259
101023,-0.352696017,0.168282038,1,1,0,2.757226192
101024,-0.081391402,-0.8137466,0,1,0,1.285170745
101025,1.283043987,0.3240295,0,1,1,8.705474177
101026,-0.394754919,-0.98757153,0,0,0,1.754591258
101027,0.06821329,1.258700441,0,1,0,4.739567996
101028,0.035179827,-0.032047433,0,1,1,5.571303539
101029,0.066282395,0.120615868,1,1,1,6.655686183
101030,-0.233186575,-0.972855005,0,1,1,4.250181497
101031,1.529014309,0.637492602,0,0,1,10.71524833
101032,2.117133396,0.497555942,1,1,0,5.672827843
101033,-0.231291944,-0.945836681,0,0,1,4.67492326
101034,-0.329995772,-1.152942952,0,1,0,1.760879038
101035,2.097840676,-0.017031709,1,1,0,5.098306296
101036,0.786056608,0.961968656,0,0,0,4.314956479
101037,1.080915132,2.547869784,0,1,1,9.602397019
101038,-0.095411897,-0.181862064,0,0,0,3.187484819
101039,0.164480292,0.748541529,0,1,1,6.26001263
101040,0.178877109,-0.268851267,1,1,1,6.165334712
101041,-0.715937395,-0.774349484,0,1,0,1.269993941
101042,0.269472683,-0.99887825,0,1,0,2.399753234
101043,-1.814032599,0.11523953,0,1,0,0.754688257
101044,1.162629918,0.661810951,1,1,1,8.788405919
101045,-0.017887841,0.403001832,1,0,0,2.696278264
101046,-1.647115703,-0.689640164,1,0,1,6.051964287
101047,1.678068709,1.184118748,1,0,1,11.13820308
101048,-0.711572671,1.754312258,1,0,1,6.259536172
101049,-0.717890892,-0.823192038,0,1,1,5.224843918
101050,1.535917568,1.307740053,1,1,0,5.724241576
101051,-0.588559503,-0.049088825,0,0,0,3.181423427
101052,-0.341699981,0.504138555,0,0,1,6.697568272
101053,1.567391918,0.532154542,0,1,0,4.457357801
101054,-0.113904412,-1.346300009,0,1,1,3.858555263
101055,0.777963132,-1.222947149,0,1,0,2.10538511
101056,-0.187133068,0.958235644,1,0,1,6.182326162
101057,0.81122546,0.838713275,0,0,0,4.539172043
101058,0.698921235,0.145859461,0,1,1,7.453727345
101059,0.302154624,0.092070265,0,1,1,5.711530892
101060,0.482577432,0.535236441,0,0,0,3.250433917
101061,0.133328492,0.513814122,0,1,0,4.05666119
101062,-0.684821028,-0.306956678,0,1,1,5.388867856
101063,0.230498561,1.923512983,0,0,1,7.072446758
101064,0.528990844,-0.134735947,0,0,1,6.287965734
101065,-0.220223862,0.744165509,0,1,1,5.770111304
101066,-0.097261319,0.637380986,0,0,1,6.803737461
101067,0.511604056,-1.246077967,0,0,1,4.858378834
101068,0.472785023,0.465623814,0,0,0,3.946684429
101069,0.796667868,-0.837083388,1,1,1,5.632747271
101070,1.0941101,-0.166797491,0,1,0,3.996086793
101071,1.988274333,1.752432955,0,1,1,13.15683099
101072,-0.608060192,-1.369218595,0,0,1,3.502725957
101073,0.697242445,-0.819969034,0,1,1,6.249717873
101074,1.147507523,0.529861878,0,0,1,9.2480726
101075,-1.453608991,0.782064244,0,1,0,2.734210605
101076,0.137250919,0.412111624,1,0,1,6.943930523
101077,1.5240466,-0.129922162,0,1,0,3.897133887
101078,0.758021731,-0.59838867,1,1,1,6.247159094
101079,-0.573804928,-0.218147514,0,1,1,4.906117617
101080,-0.620381402,0.567861498,0,0,0,3.610218377
101081,-1.323436266,0.829547144,0,0,1,6.341784784
101082,-0.761528587,0.377704564,1,0,0,2.793397096
101083,-1.187433261,0.477732374,0,1,0,2.548252685
101084,1.084007496,0.009771173,0,0,1,8.203382379
101085,1.548682239,-0.139907352,1,0,1,8.498864269
101086,0.411367752,-0.925466973,0,1,1,4.90099137
101087,0.438430903,-0.568139293,1,1,1,5.440651301
101088,-0.720391314,1.580103608,0,1,0,3.090681932
101089,-1.270220855,-0.114768457,0,1,0,1.333949748
101090,0.712790264,0.234070906,0,1,1,8.158708807
101091,-1.847326993,0.60390927,0,0,0,2.21830512
101092,-1.378998958,-0.443251949,0,0,1,6.806639256
101093,-0.244242653,-2.92002932,0,0,0,0.051766235
101094,-0.105900565,0.665877397,0,0,0,3.859230153
101095,-0.170084426,0.184929813,0,1,1,5.775729239
101096,2.261786854,1.125440233,0,1,1,12.32589598
101097,0.059385818,2.587008829,0,0,0,5.306726865
101098,-0.636371024,0.519677108,0,1,1,5.494989298
101099,-1.576623903,0.398328005,0,1,0,2.01522581
101100,-0.111410309,0.060793267,0,0,0,2.187845072
101101,0.370481395,0.280003915,0,1,1,7.023264091
101102,-1.072627242,-0.383345137,1,1,0,2.003300901
101103,0.006060714,-1.429175611,1,0,1,3.947032605
101104,0.802569451,1.88288231,0,0,0,6.131095367
101105,0.303543535,-0.527713165,0,1,1,5.43363901
101106,-2.301924461,-1.520908256,1,0,1,6.068857954
101107,0.339228864,1.262436537,0,0,0,4.443919505
101108,-0.220084369,-1.487241268,0,0,0,0.827899937
101109,-0.871025244,-0.572228748,0,1,0,2.221376827
101110,-1.932547364,-0.310566235,1,1,0,1.586378544
101111,0.892386758,-1.681781916,0,0,0,2.474958814
101112,-0.559640053,-2.024304275,0,1,0,0.255646359
101113,-0.819149343,-0.148044029,0,1,0,1.315380179
101114,1.021206213,0.455708634,0,0,1,8.107371714
101115,-1.183447701,0.09398131,0,0,0,2.783042853
101116,-0.333933411,-0.012870128,1,1,1,5.327037691
101117,-0.199494828,0.313372068,1,1,1,6.41353998
101118,0.181112637,0.866433482,0,1,0,3.982728721
101119,0.116591887,1.689930711,1,0,0,4.229316284
101120,0.519226184,1.478310335,0,0,1,7.711065671
101121,0.720250023,-0.672785736,0,0,0,2.275583581
101122,1.242917897,1.184177128,0,1,0,5.402430869
101123,-2.872058609,-0.548445345,1,0,1,11.15188145
101124,1.442759107,1.054388039,1,0,0,5.403579874
101125,-1.460417509,0.858761815,0,0,0,3.238595887
101126,1.727234901,0.606698423,0,0,1,10.04520641
101127,-1.475856176,-0.783815334,1,0,1,5.301266301
101128,0.400504375,-0.215534963,0,0,0,3.302249327
101129,1.277662676,0.731248736,0,0,1,8.97566374
101130,1.963177677,1.020616912,1,1,1,13.02668554
101131,0.552537347,-0.314334319,0,1,0,2.589607115
101132,1.404461763,0.005498344,1,1,1,9.201524383
101133,-1.025900068,0.048170823,1,1,1,6.369746914
101134,-0.091855578,-0.99354019,1,0,1,4.378374957
101135,0.827838479,-0.140428231,0,0,1,7.045596933
101136,0.395588623,-0.780908606,1,0,0,2.82107544
101137,-0.164671195,0.774326162,0,0,1,7.543338613
101138,-0.246828302,-0.36534157,1,1,1,4.473516297
101139,2.184313702,0.316194926,0,0,1,13.50674207
101140,0.733306528,0.746237932,1,0,1,8.604041916
101141,0.096963637,0.527624627,0,0,0,4.197754432
101142,-0.973011802,1.448208552,0,1,0,3.85011343
101143,1.246949761,0.190214569,1,0,0,3.582298963
101144,0.006355876,-1.23962307,1,1,0,1.25323229
101145,1.029310972,-0.255036803,1,0,1,7.346664434
101146,0.609766908,-1.440673994,1,0,1,4.386534274
101147,0.631454616,-0.175251055,0,0,0,3.306841993
101148,0.011907872,-1.417811766,0,0,0,1.668155568
101149,0.679064297,-0.612525352,0,1,0,2.841272277
101150,-0.047011254,0.804181001,0,1,0,4.180115922
101151,-0.085668854,1.986242962,0,1,1,6.602472805
101152,-0.898803065,0.240485748,1,0,0,2.232438877
101153,0.413323163,-1.01897278,1,1,0,2.53796727
101154,0.087409008,-0.194881757,1,0,0,2.824357188
101155,0.225814426,0.453647979,0,0,1,6.042339091
101156,1.398250832,0.288173829,0,0,1,9.653123968
101157,0.547069131,1.499315967,0,1,1,8.221440929
101158,-1.584263737,-0.261196821,0,1,0,0.372744381
101159,0.038171864,-1.555560341,0,1,1,3.795329339
101160,0.07668047,-2.355805913,0,1,0,0.784954291
101161,0.705537725,-1.478285436,0,1,1,4.379096556
101162,-1.25118494,0.524344353,0,1,0,2.563831541
101163,-1.667573348,2.053780275,0,1,0,3.368667408
101164,0.116602766,-0.097093081,1,1,0,3.157241832
101165,1.203192852,-0.079708839,0,1,0,3.551614008
101166,0.240631191,-0.155900181,0,1,0,3.270738541
101167,-0.501817103,0.371187505,0,0,1,5.577668305
101168,0.525028054,-1.273138245,0,0,0,2.055589055
101169,-0.881172975,-0.659415052,1,1,1,4.082233777
101170,-0.029588215,0.345660617,1,0,0,2.452208061
101171,2.156085645,0.275040151,1,1,1,12.80669744
101172,-0.174343681,-0.714880775,0,0,1,4.321176992
101173,0.985282566,-0.011902471,0,1,0,3.320256529
101174,0.341754568,-0.000679165,0,1,0,2.635869577
101175,0.550577343,0.478700006,0,1,0,3.213315843
101176,0.373842705,0.003833086,0,1,1,6.472778086
101177,0.093428792,0.382319559,0,1,0,3.568180383
101178,-1.924196185,-0.034072629,1,1,0,1.005247955
101179,0.980789473,-0.480314511,1,0,0,4.029818566
101180,-2.090118999,-1.385035056,1,1,0,-0.542700642
101181,0.075197537,-0.720759568,1,0,0,2.12557391
101182,0.133924944,-0.018462167,1,1,1,5.843175942
101183,-0.469154101,-0.914997822,0,0,1,5.10148236
101184,0.195486955,0.068931695,1,1,1,5.87686569
101185,-0.123889497,0.872414437,1,0,1,6.44546437
101186,0.201334438,-0.596031536,1,1,0,2.849816753
101187,-0.35859395,-0.061930949,1,0,0,3.10205918
101188,0.123190773,1.336415171,1,0,0,4.558692262
101189,1.688077241,-0.468945312,1,1,0,3.876288487
101190,-1.019407132,-0.542881513,1,1,0,1.262969253
101191,0.420126263,0.832786348,1,1,0,3.934424622
101192,-0.408114857,-0.914176581,0,0,1,4.59075785
101193,0.38236117,0.623592922,0,0,1,6.980222469
101194,1.034643705,-0.63771721,0,1,0,3.209653446
101195,0.328862475,-1.63169957,1,0,0,2.507650324
101196,-0.105697058,0.718514506,0,0,1,6.163315226
101197,1.483720692,0.302162954,0,1,1,8.830458629
101198,-0.241750143,-1.405960934,1,0,0,1.799085024
101199,0.2283711,0.631758919,0,0,0,4.001311977
101200,1.01366576,0.243211711,0,1,0,4.088405376
101201,-0.955471367,0.553503841,0,0,0,1.429639556
101202,1.689879529,-0.262398574,1,0,1,9.760967143
101203,-0.802446068,-0.32967681,1,1,1,4.824842433
101204,-0.013178644,-0.523481528,0,0,0,2.604441319
101205,0.70633284,0.430730182,0,0,1,8.593778421
101206,-0.334325312,-0.019825243,0,1,1,5.600637305
101207,-1.53906585,0.321254276,0,1,0,1.915068336
101208,-1.393806643,-0.277331556,0,1,0,2.384940505
101209,-0.461344464,0.466579001,0,0,0,4.005334019
101210,-0.44414206,-0.046957948,0,1,0,2.787386923
101211,1.495192034,-1.56943204,0,0,1,7.449668123
101212,0.113101627,0.864209271,0,0,1,7.039288125
101213,-0.627750196,0.020922464,1,1,1,6.370083978
101214,-1.361328859,-1.608779136,0,1,1,3.777760534
101215,0.722109022,-0.3271436,0,1,0,4.466764657
101216,-1.312684847,-0.47337895,0,0,1,5.839703153
101217,0.6044344,0.551231717,0,0,1,7.46332672
101218,1.047734172,-0.503996852,1,0,1,8.179914493
101219,-0.627436575,0.330881396,1,0,0,2.469293237
101220,1.000095562,-0.374558562,1,0,0,3.929296969
101221,0.95819114,-0.33346982,1,1,0,3.399223245
101222,2.037451942,-1.719673904,0,1,0,4.311283486
101223,1.534834877,-1.497480202,0,1,1,7.291287946
101224,1.22317336,0.085800643,1,0,1,9.144195559
101225,-0.453342905,-0.908770239,0,0,1,4.461194173
101226,-0.928122144,0.681755957,0,0,0,2.79291893
101227,0.460309214,-0.188444532,0,1,0,3.866123395
101228,-0.026584242,-0.871281197,0,1,0,1.849258399
101229,-0.132567447,0.885841112,0,1,1,6.672415157
101230,-0.907591995,0.521137514,0,1,1,6.499513294
101231,-0.461446863,-1.527569266,1,1,0,1.692358356
101232,1.061678832,-1.373947158,1,0,0,2.912653767
101233,-0.464827733,1.069253435,1,0,0,3.19310007
101234,-0.787210794,0.942553424,0,0,1,6.142099612
101235,-0.448501572,-0.093589178,0,1,1,5.871717213
101236,1.884547477,1.135790661,0,1,1,11.58252106
101237,0.086185433,-0.653990548,0,0,1,5.242940781
101238,0.026886269,1.64960973,0,0,0,4.268675839
101239,2.172050914,-0.619832034,0,0,1,11.69848656
101240,1.444245062,-1.577827788,0,1,0,2.767735577
101241,0.588206408,0.374366421,0,1,1,7.499132277
101242,1.041096922,-0.832408826,0,0,0,2.979329459
101243,0.146017154,-1.861759754,0,0,0,1.153963144
101244,-0.630065218,-0.017003583,0,0,0,2.797161799
101245,0.194513083,2.791971166,1,1,0,6.249314132
101246,-0.509394994,0.020851016,0,0,0,1.830493986
101247,-1.152002461,-1.886396598,0,1,1,3.029645978
101248,0.898354907,0.905452836,1,1,0,4.772864898
101249,-1.37544054,-1.689790895,1,0,0,-0.081488473
101250,-0.63588161,1.667025787,1,0,0,3.598406302
101251,-1.488141349,0.681796858,0,1,1,7.454368339
101252,0.131426631,-0.301817454,0,1,0,3.330582689
101253,-0.604601602,0.244982046,0,0,1,6.296730264
101254,-0.310795067,-0.399320399,1,0,1,5.494439479
101255,-0.207539751,1.111622487,1,1,1,5.580640183
101256,0.212841435,0.068951925,0,0,1,5.688926652
101257,1.382578792,-0.268148453,0,1,0,3.35406373
101258,1.432837567,-0.675812296,1,1,0,4.845129664
101259,0.531148913,-0.323103289,0,0,0,2.142349059
101260,-0.068496276,-0.643239236,0,0,1,5.396816928
101261,-0.295386711,-0.700590876,0,0,0,1.467556341
101262,0.4028518,-0.824768148,1,1,1,5.314116374
101263,0.536557715,2.347065866,0,1,0,5.179247482
101264,-1.555041293,-2.372121378,1,0,0,-0.78285745
101265,-0.98819553,0.743296799,0,0,1,6.898979
101266,-0.711160002,0.577481088,0,0,0,2.73089259
101267,0.94922125,-0.251078117,0,1,0,3.318593025
101268,0.884768251,-2.269501773,0,0,0,1.190135395
101269,0.834532731,0.799303373,0,0,0,3.891769287
101270,-0.099432862,1.003536563,0,1,1,6.376430905
101271,1.440962885,1.932820582,1,1,0,6.434413769
101272,1.941249296,0.055525529,1,1,0,5.27851754
101273,-0.1412172,-0.078101286,0,1,0,2.375906153
101274,-2.67449029,0.698156781,0,1,1,10.74391869
101275,2.349355695,0.565833549,1,1,1,13.33872009
101276,-1.421478845,-0.994691697,0,1,0,0.243283121
101277,-0.938425735,1.657051981,0,0,1,6.892346027
101278,0.502393819,0.638128634,0,1,0,2.970035313
101279,0.353529714,-1.11147873,0,1,0,3.347626673
101280,-0.943910709,0.680738485,0,0,1,7.366975769
101281,0.086211547,-1.858098419,1,0,1,3.173273076
101282,0.786026997,1.416729692,0,1,1,8.758553097
101283,0.006391881,-0.315964513,1,1,1,5.087365791
101284,1.365792359,-0.195731762,0,0,0,4.025548583
101285,-0.613821932,-1.53850357,0,0,1,4.108464959
101286,-0.491198802,1.867000632,0,1,1,5.458362006
101287,1.163804713,0.119364819,0,1,1,8.610353269
101288,-0.005873958,0.98963932,0,1,1,5.601413977
101289,0.102301402,-1.263904739,0,1,0,1.922460061
101290,0.144292026,0.175510255,0,0,1,5.27364193
101291,0.012904456,0.257449938,1,1,0,2.733218158
101292,-0.692900786,0.155072082,1,1,1,5.07967233
101293,-1.603278639,-0.920631424,1,0,1,5.369991708
101294,-0.243855103,0.602537564,1,1,0,3.401373771
101295,-0.297331388,0.440198392,0,1,0,2.367802328
101296,1.022677458,2.420233271,1,0,0,6.989004344
101297,-0.293143776,-0.643731381,0,0,0,2.920057139
101298,0.038589136,0.198426005,0,1,0,2.911534035
101299,0.546123383,0.812553508,0,1,1,7.138131922
101300,-0.282392769,0.726934575,0,0,0,3.551152319
101301,0.08196618,1.227371641,0,0,1,6.883459075
101302,-0.278812634,0.140255602,0,1,0,2.650262898
101303,0.27025617,1.132525263,1,0,1,7.748827822
101304,-0.004103507,-1.036603883,0,1,0,1.981024879
101305,-1.695621799,1.034009856,1,1,1,8.304781193
101306,0.64027451,1.661947527,0,1,1,8.686633391
101307,0.092466463,0.086597756,0,1,0,3.57921073
101308,0.179366491,-0.536038177,0,1,0,2.77258375
101309,-0.703797519,0.438396405,1,0,1,6.155798633
101310,1.180844174,0.603808358,0,0,0,4.440966218
101311,-0.480998525,0.424648575,0,0,1,5.877733434
101312,0.17646383,-0.563352284,0,1,0,2.503312718
101313,-1.222508929,-0.830608788,1,1,1,5.081715493
101314,1.195481806,0.253618438,1,0,0,4.232495276
101315,-0.609123279,0.076565524,0,0,1,6.415134614
101316,0.610848452,-0.540146782,0,1,0,3.557710738
101317,-0.765015007,-1.776401523,0,0,0,0.624107205
101318,1.088549042,0.587922461,1,0,0,4.039335118
101319,0.669389069,0.561920623,0,0,0,4.094695025
101320,-2.027591567,0.109608127,0,1,0,1.133790681
101321,0.449968078,0.070732675,1,1,1,6.657379669
101322,-2.351328607,-0.124806416,0,1,0,0.213730732
101323,-0.257286459,1.037508635,1,0,0,3.8359843
101324,-0.10393076,-0.520182056,0,1,1,6.144751461
101325,-0.520768036,0.722846811,0,1,1,5.121979857
101326,0.672505716,-0.213972793,0,0,0,2.765128759
101327,-0.398883319,-2.3019652,0,1,1,1.688730401
101328,-2.041648909,-0.835450037,0,1,0,1.094014557
101329,-0.143878546,-0.790962236,0,1,1,3.667725403
101330,-1.514135848,-0.036830669,0,1,0,1.635639098
101331,-0.02180419,1.30923349,0,1,0,3.796815355
101332,-0.358717311,-0.234663492,0,1,0,2.155031672
101333,-0.717084259,2.603855678,1,1,1,5.591273249
101334,0.644729321,-0.828352964,1,0,0,2.691704356
101335,-1.969989866,-1.288825852,0,0,1,5.792533423
101336,-0.919231291,-1.361811162,0,0,1,4.194523479
101337,-0.11869819,-1.016887817,0,0,1,5.300684133
101338,-1.605006981,0.637583716,0,1,0,2.608540037
101339,-1.541055325,-2.553303313,1,0,0,-1.751463972
101340,0.937029353,1.790408185,0,0,0,5.424321734
101341,0.040340373,0.68647592,0,1,0,4.30954619
101342,0.671384152,2.355235541,0,1,0,6.524266495
101343,-0.990304947,-0.454105766,0,1,0,2.102131981
101344,-0.439064397,0.054173237,0,0,1,5.458230276
101345,-0.207296532,-0.082255176,1,1,1,5.382007223
101346,0.14269159,1.978004381,0,1,0,4.91635739
101347,0.274031945,0.829415611,0,1,0,4.808457891
101348,0.667906396,0.356444732,0,0,1,7.347217407
101349,-0.266375652,0.804753179,0,0,1,5.599997663
101350,-1.750639912,1.539890575,0,0,1,7.940695761
101351,0.667531869,0.100458107,0,0,1,7.356189992
101352,-0.012609534,0.219906701,0,1,0,3.273694456
101353,0.813623002,0.462949597,1,1,1,7.436983171
101354,1.365368345,1.714981024,1,1,1,11.00026116
101355,1.093969868,-1.49154106,1,1,0,2.119132692
101356,-0.521197929,0.977237036,1,0,1,5.557983402
101357,2.130324866,-0.586913526,0,0,0,5.259868813
101358,0.60005254,1.227928999,0,1,0,4.83973543
101359,0.105973001,-1.218065955,0,0,1,4.666739506
101360,1.955264977,-0.868200799,1,1,1,10.84306932
101361,-0.740077584,0.268373076,0,1,1,6.011525024
101362,0.055177824,-0.917343428,0,0,0,2.614141692
101363,1.676287891,0.520667985,0,1,0,4.73721175
101364,0.905437934,-0.043203878,0,1,1,7.841001817
101365,-0.006796638,1.322845197,1,0,1,5.940889839
101366,-0.520165882,-0.356237371,0,0,1,6.501816555
101367,0.466236931,0.904348309,0,0,0,4.414955897
101368,0.907265867,-0.942288491,1,1,0,3.160241271
101369,-1.083362933,-0.848326199,0,1,0,-0.053503463
101370,0.883899565,0.882593682,1,0,0,4.169211042
101371,0.320631206,0.296882447,0,0,1,6.781660369
101372,-1.651392729,0.319028669,0,1,1,6.988047269
101373,-1.573338377,0.825677691,1,1,0,2.581626359
101374,-0.315250418,0.242296813,0,1,0,2.855374197
101375,-0.213410393,-0.080200014,1,0,0,2.623854669
101376,-1.113842788,-0.168797588,0,1,1,5.857072332
101377,-0.063071283,0.206654592,0,0,0,3.010245879
101378,0.544647715,0.480337651,0,1,1,7.008239537
101379,0.269634355,-0.652311039,0,1,1,6.103741891
101380,-1.29950289,-1.002415971,0,0,0,0.629251008
101381,-0.81751094,0.846346772,1,1,1,6.433239226
101382,1.075533849,-0.796511196,0,1,0,2.868076554
101383,-1.160009767,-1.622548782,0,1,1,3.458070744
101384,-0.623700658,0.415710754,0,1,0,2.432877421
101385,-1.087641679,1.186136596,1,1,0,3.327503319
101386,0.366678603,1.066104266,1,1,0,4.650702326
101387,-0.796528414,0.712115825,0,0,1,5.828475668
101388,-1.109328928,0.691809877,0,1,0,1.894521826
101389,1.440743051,1.426170277,0,0,0,6.504397416
101390,-0.531305234,-0.882287407,0,0,1,4.337001523
101391,-0.165759471,1.571070278,0,0,1,6.155372004
101392,-1.362288162,-1.513273001,1,0,1,4.032704156
101393,-2.045520326,0.094259295,0,1,1,8.366883854
101394,-1.699241207,1.190900101,0,1,1,7.611352133
101395,1.640797113,-0.136842909,0,0,0,4.37765775
101396,2.393079309,0.233500812,0,0,1,14.1800171
101397,-0.50490279,-0.521325893,1,1,0,1.231671717
101398,1.432952661,0.79280906,0,1,0,4.97213257
101399,-2.030271053,-1.880217573,0,0,0,-0.843483229
101400,-1.469470287,-0.592607528,0,1,0,1.011293912
101401,-1.298880622,-0.76457801,0,1,1,5.685517121
101402,-0.822785934,-1.120507702,0,0,1,4.276256396
101403,2.11951871,1.419223946,0,0,0,6.228669802
101404,1.779968566,1.678401435,0,1,0,6.713560284
101405,-0.070848359,0.110649344,1,1,0,2.80910387
101406,-0.927639128,0.148376691,0,1,1,6.379026692
101407,-1.000259279,-1.602393595,0,1,0,0.544166623
101408,-0.767027614,0.872145775,0,1,0,3.614233206
101409,0.096991383,0.602852599,0,0,0,3.646189528
101410,0.017095654,-0.918714269,1,1,1,4.692741964
101411,0.519477424,0.094832367,0,0,0,3.583105058
101412,1.315911441,1.354977772,0,0,0,6.174024066
101413,-0.296318068,0.121297325,0,0,0,2.408323781
101414,-0.895330905,-0.85977507,0,0,0,1.274693023
101415,-0.576560551,0.492085666,0,1,1,5.683883329
101416,-0.52020317,1.54539032,0,0,0,3.712962043
101417,0.473473909,-0.268546549,0,1,0,2.893442176
101418,1.015787716,-0.734922295,0,0,1,7.850810123
101419,-0.644352966,1.347259481,0,0,1,6.766324857
101420,-1.306612248,-0.149642366,0,1,1,6.086549933
101421,-0.379605004,-0.733595299,1,1,0,1.467764389
101422,0.985814919,0.862553522,0,1,1,8.695657876
101423,0.677214166,0.023017603,0,0,1,7.506929134
101424,0.641660458,-2.002199114,1,0,0,1.294779775
101425,-0.404723372,0.03746479,0,0,1,5.508369068
101426,-0.589539751,0.185775078,0,0,0,2.309688681
101427,2.382441386,0.112675198,0,1,0,5.246159348
101428,0.411341603,0.202738185,0,1,0,3.511208775
101429,-1.198043848,-1.488051017,1,1,0,0.215426637
101430,-1.620181326,0.281073899,0,0,1,7.120159401
101431,-2.03936281,0.642864675,1,0,0,1.221432442
101432,-0.202135553,0.451925158,0,0,0,3.018540926
101433,-1.326731107,1.552660425,0,1,1,7.540157069
101434,-0.059070025,-1.89336527,0,0,0,0.585111688
101435,1.233520293,-1.27328621,1,1,1,6.852079582
101436,-1.221939657,-1.197673971,0,1,0,0.614561094
101437,-0.310332513,0.587234479,0,1,1,5.827405035
101438,0.558141495,2.521371113,0,1,1,8.204162104
101439,-0.663395136,-0.456674817,1,0,0,1.826316002
101440,-1.363638649,-1.09684062,0,0,0,0.890567575
101441,1.120665904,-0.503104066,1,1,0,3.831063189
101442,0.45173657,0.032024042,0,1,1,6.27965615
101443,-1.050234808,-0.824199212,0,1,0,1.693713598
101444,-1.875171928,-0.202970372,1,0,1,7.12969211
101445,0.079145316,-0.304000916,1,0,1,5.022727771
101446,0.99337636,-1.32455545,1,1,0,2.360294496
101447,0.046498543,-1.003816556,0,1,1,3.360096232
101448,0.380720546,-0.896718338,0,1,0,2.721279558
101449,0.812570581,0.637361185,0,1,0,4.386211171
101450,0.33271194,0.258236802,1,1,0,3.818404433
101451,0.28574388,0.3332794,0,1,1,6.147861496
101452,0.531806707,-0.354765687,0,1,1,6.253727897
101453,-1.120814571,-0.043793072,1,1,1,5.994614056
101454,0.513008285,0.511598224,0,1,0,3.872167835
101455,1.73005528,-0.49930408,0,1,0,4.188802499
101456,-1.410783629,-0.544828655,0,1,0,0.561760079
101457,-0.422594113,-0.804957081,0,1,1,4.340856037
101458,-1.039206013,-0.136371551,0,0,1,5.540353148
101459,-0.069111463,-1.038271513,0,0,1,4.606870956
101460,-1.144435949,0.369963143,1,1,0,2.622139171
101461,0.471586944,-0.818661629,1,0,0,2.91666558
101462,-0.172005161,0.496622859,0,1,1,6.143088139
101463,0.130761695,1.562581221,0,1,1,6.335406563
101464,-1.342197432,-1.556769176,1,1,1,4.172002696
101465,0.722829078,0.350118268,0,0,0,4.500333952
101466,-0.548043983,1.087258762,0,0,0,4.174765678
101467,-0.644978497,0.511878415,0,0,0,2.598003799
101468,-0.179442197,-0.775031363,0,0,0,1.455194992
101469,-0.423889967,1.171525085,0,0,0,3.469311436
101470,-0.38624661,1.508257404,1,1,1,6.831284133
101471,0.155428677,-0.253594717,1,1,0,2.556768975
101472,-1.004259799,0.676501262,1,1,0,3.253270712
101473,0.206143603,-0.07827505,1,0,1,6.580723985
101474,0.09990781,-0.121433943,1,0,1,6.055410358
101475,-1.196613889,0.65449179,0,1,0,2.319797144
101476,1.857149161,1.698026567,1,1,1,11.94192054
101477,0.105538269,-0.253519603,1,0,0,2.888828349
101478,0.08464625,-0.621393822,1,1,0,2.183781637
101479,0.281030685,0.374488272,0,1,1,7.082256391
101480,-1.202909103,-0.328851772,0,1,0,1.589385203
101481,0.874201692,0.900468741,0,0,0,4.500893306
101482,-1.258305551,1.095854887,0,0,0,2.01238247
101483,-0.285697415,-0.026705335,0,1,0,2.309062509
101484,-0.162983994,-2.113705396,0,0,0,0.940186905
101485,0.421073453,-1.608646747,1,1,0,0.678702489
101486,0.830076299,-1.30209786,0,0,0,2.613692404
101487,1.060173683,0.231078102,0,0,0,4.352387484
101488,0.608389333,-0.717006143,0,0,1,6.217705155
101489,-1.808979565,-0.980991712,0,1,0,0.043352898
101490,0.32083358,0.456775396,0,1,0,4.086052393
101491,-0.860592552,1.32538794,1,0,0,3.281033988
101492,-0.019037997,-1.64037312,1,1,1,4.054412181
101493,0.269267846,-0.772754255,0,0,1,4.856843347
101494,0.822154926,0.224953497,1,0,1,8.08128042
101495,0.150489883,-0.28885391,1,0,0,2.88044446
101496,1.123232884,-0.908909642,0,1,0,3.745132008
101497,0.336285807,0.041948145,0,1,1,6.52745439
101498,-1.033437699,-0.075334862,0,1,1,5.815648912
101499,-0.946199073,2.040431995,0,1,0,3.694267908
101500,1.015916973,-1.633788169,0,0,1,5.84793475
101501,-0.450598688,0.609590324,1,0,0,3.232719813
101502,1.173744381,0.871814589,1,1,0,5.501650633
101503,1.904723422,0.133491249,1,1,0,4.640217062
101504,1.281843839,-1.159186774,0,0,0,2.789782501
101505,0.870501891,-0.209635343,0,0,0,4.219958388
101506,-0.146671311,1.380591232,0,1,0,3.651083005
101507,0.968638877,-0.168129212,1,0,1,6.527694777
101508,2.552230163,1.258829699,0,0,1,16.11382942
101509,-0.441769294,-2.422844229,0,0,0,0.597781059
101510,0.27781194,-0.391055165,0,0,1,6.259306949
101511,-0.626538655,-0.495612159,0,1,0,1.146195867
101512,0.1531314,1.314912513,1,1,0,5.148608009
101513,-0.980318226,-0.070380347,1,0,1,5.57508962
101514,-0.201751119,-0.823773552,1,1,0,1.860150408
101515,0.281295785,1.772111339,0,1,0,5.019102117
101516,0.616178612,0.071113972,1,1,1,6.367952803
101517,-0.438782181,0.04678735,1,1,1,5.479726059
101518,-1.717542947,-0.060177993,1,0,0,0.418022629
101519,-0.193299763,0.47735281,1,1,0,3.197174821
101520,0.9485047,0.745329422,0,0,0,4.577829549
101521,-0.13193723,-0.517409269,0,0,1,5.719166559
101522,-0.627393073,-0.781705901,0,1,1,3.982533025
101523,-0.615064838,-0.123127431,0,1,0,1.167692656
101524,-1.220252049,0.443228591,0,0,0,1.832390887
101525,-0.108507205,-0.834885737,0,0,0,2.625096747
101526,-0.640129674,0.838910112,1,1,1,6.379924682
101527,0.904153285,2.38872128,0,0,1,8.363273273
101528,0.567122842,-0.675605128,1,1,1,5.662333371
101529,-0.721145781,0.389152207,0,1,1,5.348724181
101530,0.805636653,1.407746536,0,1,0,5.006281314
101531,-0.874225931,0.100979602,1,1,1,4.571061135
101532,-1.161592516,0.379874696,1,1,0,2.149878731
101533,-1.013397893,1.455274358,0,1,0,3.695340536
101534,-0.778015669,0.609133662,0,1,0,3.230173363
101535,0.151129106,0.049084608,0,0,0,3.528428483
101536,-1.804273305,-0.091102913,1,1,0,1.207773802
101537,-0.979550878,-0.585000077,0,1,0,1.648010909
101538,0.488720979,2.717428733,1,1,1,7.844552873
101539,1.898205964,0.516636199,1,1,0,5.697402695
101540,0.385392765,-0.350833911,0,1,1,6.07094823
101541,-1.001035116,0.442974744,0,0,0,2.460685953
101542,-0.444448217,1.756205799,0,0,1,6.370838915
101543,2.146384552,2.140420777,0,1,0,7.402262524
101544,-0.635496565,-0.507267381,1,1,0,1.661160131
101545,-1.210918887,0.648398075,0,1,0,2.732819416
101546,-0.854835666,-0.603773367,1,1,0,1.719368294
101547,-0.887569617,-0.55683344,1,1,1,5.353837694
101548,1.653725892,-2.466667068,1,1,0,2.536170456
101549,0.525892821,-0.806398646,0,0,1,6.018826417
101550,2.344212723,0.827985527,0,1,1,14.06711291
101551,-1.018750997,-0.610749324,1,1,0,0.253276219
101552,-0.569930871,1.150657995,0,0,0,3.50123644
101553,1.694467402,0.15361751,1,1,1,10.08421825
101554,-0.143221076,1.043745011,1,0,1,7.340554234
101555,0.027361259,0.467955916,0,1,1,6.4106407
101556,0.221304047,-0.788258817,0,0,0,2.352409601
101557,1.363263053,-0.591859475,0,1,0,3.733280939
101558,1.937799249,1.180183836,0,1,0,5.605336225
101559,0.193700851,-1.243785679,0,1,1,3.981472921
101560,1.675827097,0.315378142,0,0,1,10.9122174
101561,0.893568945,1.476935385,0,0,0,5.898765527
101562,-1.120002715,0.363630444,1,1,0,2.530032997
101563,-0.376926156,0.319488753,0,0,1,7.00677377
101564,0.457126775,-1.663573891,0,0,0,1.1722258
101565,-0.228079476,0.089649103,1,0,1,5.25581018
101566,-1.252325069,-0.735347543,0,1,0,1.196562273
101567,0.124634866,0.686242624,0,1,1,6.166284827
101568,-0.146703944,-0.698785554,0,1,0,1.977610266
101569,-1.004171239,-0.357271253,1,1,1,5.695512079
101570,-0.799022846,0.595315775,1,1,1,5.693459963
101571,0.252999152,-0.650255878,0,1,1,5.37785547
101572,0.228025086,2.330463508,0,1,1,7.241935989
101573,0.752366783,0.254654299,1,1,1,8.051373396
101574,0.717125947,1.264247692,0,1,0,4.982784251
101575,-1.521350672,-0.426119479,1,1,0,1.862822982
101576,-0.617095306,-0.645683519,0,0,0,2.031398034
101577,2.114278225,0.510283003,0,0,1,13.44895488
101578,1.115799748,0.298932269,0,0,0,3.464607731
101579,2.752864283,-2.010038748,1,0,1,12.41600357
101580,-0.484384803,-0.440621295,1,1,0,1.722612176
101581,-0.348793548,0.91450184,0,0,0,3.435725384
101582,0.090204427,0.650533757,0,0,0,4.012548127
101583,1.042308035,0.225408024,1,1,0,4.131765445
101584,0.72852793,-0.440244279,0,0,0,3.811674035
101585,-0.644877892,-0.886200508,0,0,0,1.739707467
101586,0.084408033,-0.954141093,0,0,0,2.388506037
101587,-1.06995062,0.651408742,1,1,1,6.141212785
101588,-0.930412249,0.567428793,1,1,1,6.229598933
101589,-0.322155973,-0.578684867,0,1,0,1.578029101
101590,0.908625572,0.992311093,0,1,1,6.893421999
101591,0.214197794,1.410029592,0,0,0,4.96034572
101592,-1.681553667,1.080837684,1,1,0,2.077228887
101593,-0.803852679,-0.230860344,0,1,0,1.66853963
101594,0.358551193,-0.693636617,0,1,1,5.004626086
101595,-0.042642041,-0.42674337,1,0,0,2.412105649
101596,-0.227689154,2.104499288,0,0,0,5.25760821
101597,-1.856661684,-0.21471306,0,0,0,1.430684773
101598,0.392827601,-1.131654191,0,0,0,2.43227639
101599,-0.168249706,0.302876915,0,1,0,2.43074698
101600,0.359185229,0.823009189,0,0,1,6.803161257
101601,1.096900607,-0.330569754,0,1,1,7.914421954
101602,0.087567919,-1.419321389,1,0,0,1.342837567
101603,-0.052504222,-1.451072828,0,1,0,0.668210243
101604,0.010873766,0.823422497,1,0,1,6.499379858
101605,0.413222644,0.091215785,0,0,0,4.421959597
101606,0.807012584,1.071199872,1,1,0,5.930303728
101607,-0.828613884,1.186114471,0,0,1,5.550964645
101608,-0.756422142,-0.445525721,0,1,1,5.11785024
101609,0.725750588,0.177594459,0,1,0,3.444057038
101610,-0.023155517,0.172730879,1,0,0,4.128668191
101611,1.313343363,0.068016945,0,0,0,3.239665314
101612,0.745472098,0.720070696,1,0,1,7.902568764
101613,2.087698764,1.383315803,0,1,0,7.041684293
101614,0.704485009,0.719540951,0,0,1,8.208487045
101615,0.168934154,-0.162243762,1,0,0,2.700788534
101616,-0.012469144,0.024400106,0,1,0,3.869495265
101617,-0.449223816,-0.413633244,0,0,1,5.627916094
101618,-0.063495763,-0.324260025,0,1,1,6.003515256
101619,-0.193615781,-0.166727109,1,0,0,2.712010729
101620,0.905852994,0.792343169,1,0,0,4.975260277
101621,1.024638297,1.245064806,1,1,0,5.760623451
101622,-0.720469246,0.028871254,0,1,1,6.343128624
101623,0.301338297,0.44223568,0,1,0,3.709243203
101624,0.512722705,1.42022514,1,0,0,4.317295244
101625,-0.548931176,0.230782527,0,1,1,6.719131186
101626,-1.2169151,0.417018141,0,1,0,1.585661382
101627,-1.592376195,0.360497861,0,1,0,1.54054521
101628,1.240838853,0.621866101,1,0,0,5.619784144
101629,-1.063798689,-0.774853449,0,0,1,3.955450713
101630,0.617026404,-0.112373037,0,1,0,4.003496106
101631,-2.178310088,1.416947609,1,1,0,1.392006077
101632,0.185618058,-1.429545567,0,1,0,1.266895947
101633,0.234404718,2.214497101,1,0,1,6.654588058
101634,-0.146548209,-0.161558712,0,1,0,2.948678228
101635,-0.641696547,0.647018364,0,1,1,5.116510748
101636,0.251357278,0.811842908,1,1,1,7.069236973
101637,-0.725751923,0.72890757,1,1,1,5.351454254
101638,-1.178005567,0.496469401,0,1,1,5.92612452
101639,-0.791880139,0.038394744,0,0,1,6.494898021
101640,-1.558653346,0.097935278,0,1,1,6.77597062
101641,-0.019777214,-1.528463154,0,0,0,1.029192479
101642,1.731205704,0.622348333,0,0,1,10.98746084
101643,-1.08966703,-1.007512687,0,1,1,4.198477021
101644,-0.249001519,-0.567600612,1,0,1,5.514051709
101645,-0.092903645,-2.167807843,1,1,0,0.166341264
101646,1.6923503,-0.717418963,0,1,1,9.225563976
101647,1.212087003,-0.168022937,0,1,0,4.293256128
101648,2.447812887,0.858945687,0,1,1,15.30025728
101649,1.062407815,1.195746588,0,1,0,5.079649806
101650,0.083496256,0.150714111,0,1,0,4.548951551
101651,-0.125449755,0.361545638,1,0,0,3.486344153
101652,0.075772006,0.362102465,0,1,1,6.238604712
101653,-0.793665286,-0.416593865,0,1,0,2.048176093
101654,0.554366101,0.02099295,0,1,1,6.495902673
101655,0.484645627,0.670970939,0,0,0,3.784151833
101656,0.887991402,0.49394901,0,1,1,7.899345177
101657,-0.232271203,-0.865227219,0,0,0,1.76674912
101658,1.15785723,-0.692675218,1,0,1,7.436822944
101659,0.000116634,1.617718668,0,0,1,6.402254295
101660,-0.792982538,-0.272462891,1,1,1,5.602742025
101661,0.118493113,-1.78650883,0,1,1,2.952869473
101662,-1.068975624,1.251364851,0,0,1,6.727406075
101663,0.452096311,0.825522269,0,0,1,7.367242705
101664,0.255808348,-1.95283878,0,1,1,2.755081699
101665,-1.018548083,-2.226197738,0,1,1,1.959414547
101666,0.641721601,2.710259585,1,1,1,7.819563039
101667,-1.567374686,1.071138706,1,1,1,7.3736223
101668,1.089475729,0.186729657,0,0,0,4.964660673
101669,-1.370511669,-0.866686361,0,0,1,5.068693287
101670,-2.020016237,-0.125562831,1,1,1,8.485695047
101671,0.217517566,0.822048537,0,1,0,4.089248478
101672,-0.204182876,-0.847785034,1,0,0,2.270383915
101673,-0.690116221,-0.131628217,0,1,0,1.982097182
101674,0.301389971,1.390970165,0,1,0,4.895535824
101675,2.046487287,-0.007945491,0,0,1,12.23175937
101676,-1.077845155,1.228423626,0,1,0,2.231763521
101677,2.556969702,-0.753749806,1,1,0,4.29075318
101678,-0.497454874,-0.120340807,0,0,0,2.777909643
101679,0.022185775,-0.676415191,0,1,0,3.06180051
101680,-1.386702678,0.612337081,0,1,0,3.475424071
101681,-0.135176445,1.129083719,0,1,0,3.935448383
101682,0.544329817,1.020116686,0,1,0,5.108607156
101683,0.062999746,0.701428766,1,1,1,6.970182536
101684,-0.72735412,0.502550361,0,0,1,6.236271162
101685,1.011409823,1.32801864,1,0,1,8.17761532
101686,-0.293610601,0.600354751,0,0,0,3.177623564
101687,1.306732422,-1.555622916,1,0,0,3.311426184
101688,-0.356423521,0.58509235,0,0,0,2.869695476
101689,-0.282480231,-0.653665044,0,1,1,5.079215081
101690,0.442739708,-0.464426944,1,1,1,5.34882066
101691,0.080966076,-1.541108013,0,0,1,3.964140481
101692,-0.459044389,0.291488461,0,1,0,2.839892872
101693,-0.088917267,-0.033398004,0,0,0,2.125647997
101694,0.3289293,1.105822509,0,0,1,6.819818008
101695,-0.232410001,-0.011310659,0,1,1,6.467746256
101696,0.086151714,-0.466557317,0,1,0,3.562236238
101697,-0.774631212,0.855592385,0,1,0,2.480017798
101698,-1.151052771,0.605589837,1,1,1,6.196640078
101699,-0.199009269,-0.329098176,0,1,1,6.215860361
101700,0.335357145,0.486451739,0,1,1,6.524398279
101701,-1.02718213,-0.024973756,0,1,0,2.0139779
101702,-0.432103976,-0.731008852,0,0,1,4.069250413
101703,-2.08116964,0.859447569,1,1,1,9.467353264
101704,0.898874011,-1.156794804,1,0,0,1.821707677
101705,-0.09848329,-1.216305553,0,1,1,4.4916512
101706,-0.348617092,-0.631234306,1,1,0,1.581747761
101707,1.356809995,-1.364479328,1,1,1,8.018375643
101708,-1.781988828,-0.347457012,0,1,0,0.269463521
101709,-0.286948386,1.967984639,0,0,1,6.295252967
101710,-0.757025298,1.477832522,1,0,0,3.579028784
101711,0.507246094,1.655290496,0,0,1,6.942169737
101712,0.280193221,-1.61010932,0,0,0,1.527571881
101713,-0.924291861,0.548395285,0,1,1,5.982953219
101714,-0.882947478,2.393570171,0,1,0,3.907619183
101715,-1.826516167,-0.626839859,1,1,0,0.209623583
101716,0.47271138,0.022131301,0,1,0,3.30899468
101717,-0.469864655,1.450006408,1,1,0,3.968271543
101718,0.077470686,1.078520714,0,0,0,4.367422686
101719,-0.418055119,1.04314593,1,0,1,6.866529096
101720,0.234338811,-1.619283269,0,0,1,3.140424615
101721,-1.211030156,1.129842066,0,0,0,2.862871925
101722,0.002871917,1.145731717,0,1,1,7.511626323
101723,0.728496794,-1.118083783,0,1,1,4.826838781
101724,-1.189694363,-0.101836001,1,1,0,1.730379323
101725,0.169691446,-0.695635509,0,1,1,4.669474233
101726,0.511042915,-0.214256357,0,1,1,5.91433142
101727,-0.756769321,0.255036067,0,0,1,6.377556352
101728,-0.643043997,-1.450739454,0,1,1,3.146559817
101729,1.572201431,-1.967708211,0,1,1,6.62046048
101730,-1.657566094,0.829353494,1,0,1,7.858558743
101731,0.263447142,-0.567433758,0,0,1,5.059053119
101732,1.940783034,-0.394367523,1,1,0,4.341308263
101733,-0.112442343,0.015557181,0,0,0,2.278670793
101734,0.612418033,0.690521046,0,0,0,3.72695916
101735,1.362357968,-0.467553705,0,1,1,8.421187231
101736,-0.045867906,-0.299598759,0,1,1,5.351531431
101737,-1.328888336,-0.329234953,0,0,1,6.312126153
101738,0.332739039,0.114593944,0,0,1,5.7036407
101739,1.428078164,0.198687358,1,1,1,9.972692805
101740,-0.99060294,-0.515554159,0,0,1,5.736525926
101741,-0.816409328,-0.600794949,0,1,0,1.737183263
101742,-0.088380477,0.762356451,0,0,0,3.303843158
101743,0.86394186,-0.913008352,0,1,1,5.697568379
101744,0.420436328,-0.068283208,1,0,0,3.471217993
101745,-0.351224071,-0.667922822,0,1,0,2.025575072
101746,-0.73567929,-0.531829512,1,0,0,1.228852813
101747,1.043510578,0.940458139,1,0,1,8.243058776
101748,0.829801017,-2.274712093,0,0,1,3.59405496
101749,1.243605853,0.303719955,0,1,0,4.607547704
101750,0.865912221,-0.17126366,0,0,0,3.465050966
101751,0.1847522,1.334531341,0,0,0,5.280197179
101752,1.013471037,-0.927115133,0,1,0,2.706153065
101753,-0.794839218,0.448879295,0,0,1,6.448179798
101754,0.197899225,-0.889162806,1,1,0,2.670812501
101755,-0.058086426,-0.681472018,0,1,1,5.330488934
101756,0.583874705,2.274703379,0,1,0,6.079413583
101757,-0.907666872,0.443052669,0,0,0,2.908367557
101758,0.420881485,-0.200657455,1,0,0,3.566189809
101759,-0.376740007,-0.345124424,0,1,0,2.306796881
101760,-1.463843006,-1.975298903,0,1,0,-0.138656626
101761,-0.862126608,-0.60363562,0,0,1,4.509653494
101762,0.746488042,-1.101195841,1,0,0,2.11112038
101763,-0.52360367,1.072510855,1,1,0,3.433050055
101764,0.795767677,0.478202825,0,0,1,7.72142773
101765,1.104378205,2.654947295,1,1,0,6.599402857
101766,-0.100226583,0.610281687,0,1,0,3.543584908
101767,-0.129017027,-0.18308657,1,0,0,2.578464043
101768,-0.898318378,1.691708476,0,1,1,6.790442405
101769,0.193052206,1.533969111,0,0,0,3.544936167
101770,0.383643189,-0.865622672,1,0,1,5.048515739
101771,0.017867595,0.647999499,1,1,0,3.133823955
101772,0.218141685,-1.816287051,1,1,0,1.2785509
101773,0.017016409,-0.387555176,1,0,0,3.808995044
101774,-0.413653074,-1.369110399,0,1,1,2.755146924
101775,1.888867121,0.983472603,0,0,0,5.940953177
101776,-0.827084891,-0.223304794,0,1,0,1.849575223
101777,1.291836744,-1.625321926,1,0,0,2.853192715
101778,1.576438056,0.363067967,1,1,0,5.518264943
101779,0.475129075,-0.160484731,1,1,0,3.565214339
101780,0.440854747,1.957967207,0,0,0,5.408188032
101781,0.110178193,-0.686722741,0,1,1,5.017943833
101782,-0.522894132,1.044314959,1,0,0,3.757657996
101783,0.278174383,0.236284142,0,0,0,3.489956802
101784,-0.548954025,1.413055233,0,0,1,7.026257882
101785,0.130563101,-0.806863825,0,0,1,4.862302422
101786,-1.749824499,-1.224522144,1,1,0,-1.253479695
101787,0.407593461,-0.880727898,0,0,1,5.959665174
101788,-2.030958872,-0.840856331,1,1,1,6.977547528
101789,-0.147736082,0.592183177,0,1,0,2.320088925
101790,-2.532554525,-0.050867406,0,0,1,9.708507874
101791,0.9000359,-0.867728174,1,1,1,7.225869757
101792,-0.576959678,0.200872224,0,0,1,5.719896758
101793,-0.992314214,-0.914622711,0,1,1,4.708151438
101794,-0.116200282,0.176972309,0,0,1,6.329940042
101795,0.574860775,0.016208743,0,1,0,3.74344993
101796,0.00268653,0.249387081,1,0,1,6.335744868
101797,-0.873989044,-2.09755927,0,1,0,0.228684954
101798,-0.901732961,-0.486628027,0,1,0,1.208518361
101799,-0.818430255,-1.138029088,1,0,1,3.581583443
101800,1.062592339,-0.831040134,1,0,1,6.737602527
101801,-0.367418975,0.575272595,0,0,1,5.714215858
101802,0.439350841,-0.728152181,0,1,1,5.606398481
101803,-0.888529626,-0.067105703,1,1,1,5.942461959
101804,-0.692840554,-0.130901865,0,0,0,2.826617582
101805,-0.861649625,0.415803973,0,0,1,6.764202747
101806,-1.413127749,-0.213518846,0,1,1,7.046439691
101807,0.291430618,0.292820132,0,0,1,7.065628644
101808,2.417832258,-0.229360719,1,1,0,4.689995969
101809,0.144146379,-0.093066964,0,0,0,2.827859359
101810,1.905201556,1.007353873,0,1,0,6.397836755
101811,1.931466346,-0.57541199,0,0,1,11.363833
101812,0.165389605,0.051240021,0,1,1,6.968140456
101813,-1.151563957,0.343912908,0,1,0,1.574576429
101814,-0.988402653,1.053936394,1,1,0,2.511109021
101815,-0.209094157,-1.520768215,0,1,1,3.817987272
101816,-0.559737242,0.047011006,0,1,1,5.561487813
101817,1.746120345,0.867553887,1,0,0,5.64209044
101818,0.092654421,0.876130789,1,1,0,3.602838412
101819,0.1718086,-0.889852086,0,1,1,4.676012379
101820,0.413033337,0.860312245,0,0,0,4.238996706
101821,3.050754935,0.296551612,0,1,1,19.13655242
101822,-0.481842807,0.930786517,0,0,1,6.242032464
101823,0.689846663,1.581266267,0,1,1,8.373310759
101824,0.750367128,-1.70946778,0,1,1,4.58349868
101825,-0.060824996,1.28857444,1,1,0,3.649749904
101826,1.709791758,-0.831333914,0,0,1,9.689022166
101827,-0.216024169,0.655168667,0,1,0,3.61542376
101828,-0.408910381,-0.257269556,0,1,1,5.203828056
101829,0.910168621,1.014130953,0,1,0,5.682178313
101830,1.142119103,0.504778892,0,1,0,4.989061965
101831,-1.009337073,-0.13717058,0,0,0,1.697691561
101832,-0.985284662,-0.508033529,1,0,0,1.752555902
101833,0.57522532,0.165885088,1,1,1,6.862412918
101834,2.210038203,0.263573694,0,0,0,5.394909675
101835,0.40907223,-0.027584597,0,1,1,7.26532579
101836,0.771282219,1.666318801,1,1,0,4.982483347
101837,0.169705276,1.524133445,1,1,0,4.517809507
101838,-0.098230528,1.076792566,0,0,1,6.014417188
101839,-0.078676,-0.103105747,0,0,0,2.725750736
101840,-2.022289571,-1.800888714,0,1,0,-0.632999612
101841,-0.121153406,0.753489471,0,0,1,6.533611181
101842,-0.042805922,-0.843799014,1,0,1,4.580842911
101843,-0.959727678,0.752813777,0,1,1,6.093464595
101844,-1.022031116,0.835411635,0,1,0,2.076828545
101845,0.696451641,1.497748587,0,0,0,5.765590923
101846,2.461294785,-0.251132432,0,0,0,5.906458877
101847,-0.114295049,1.44549692,0,0,1,6.742167827
101848,-0.045759348,-1.561866312,1,1,0,1.252754778
101849,-0.767819336,0.387223236,0,1,0,1.602952166
101850,-1.212917545,2.01871396,0,1,1,6.935225721
101851,1.300920945,-0.930652033,1,1,1,6.662163019
101852,-0.851313272,0.136584225,1,0,1,5.981366969
101853,-0.424254423,-0.102721041,0,1,1,4.500321921
101854,0.680641513,-0.195416798,0,1,0,3.041015028
101855,1.427281637,0.866843638,1,1,1,10.93204708
101856,1.022122385,-1.15350879,0,1,1,6.029583354
101857,-1.432601175,-0.018545182,0,1,0,2.340626763
101858,1.790855581,1.215760888,1,0,0,5.993510417
101859,0.744838191,1.246529867,0,0,1,7.527855945
101860,-1.108642065,-1.440572561,1,0,1,4.648957611
101861,1.300336179,-0.607422658,0,1,1,8.240535756
101862,-0.801551011,0.608795016,1,1,1,5.742655125
101863,-0.247614624,-0.121897811,1,0,1,5.039517999
101864,0.341715924,0.174731809,1,0,1,6.804953121
101865,-1.626681709,-0.468942918,0,1,1,6.703717542
101866,0.724457413,-0.68660674,1,1,0,3.665034147
101867,-0.32193313,-0.29034396,0,1,1,5.777488353
101868,-2.551773782,0.10159931,1,1,1,10.05613826
101869,-0.611025352,0.585753439,0,1,1,6.38861972
101870,0.259585501,-0.794770027,0,0,0,2.233740311
101871,0.4671752,-0.48548025,1,1,1,5.262127044
101872,-0.687439387,-1.461392438,0,1,1,3.906815116
101873,0.438768719,-0.151452203,0,1,1,6.384829927
101874,-0.515454035,-1.565753518,0,1,0,0.833775708
101875,1.099398821,-0.282413368,0,1,1,8.092713687
101876,0.340486138,0.305451137,0,0,0,3.125179757
101877,-1.372904623,0.687461505,0,1,1,7.005699623
101878,-0.254926811,-0.202538195,0,0,1,5.529361998
101879,-1.940731413,1.226721873,0,1,1,8.113939281
101880,0.10290038,-0.215831413,0,0,0,3.465829195
101881,-0.694635807,-0.058426338,0,1,1,6.783443506
101882,0.638357059,-0.08204229,0,0,0,3.586911443
101883,0.471527521,-1.094015741,1,1,1,5.310512368
101884,-1.832323894,-0.779519247,0,1,0,0.200506239
101885,-0.359472439,-1.038645368,1,1,1,4.127232841
101886,-0.072523604,-0.268754306,0,1,1,5.31078319
101887,-1.885550063,0.738930204,0,0,1,8.261857287
101888,-0.22668407,-1.154108938,1,1,1,3.547531049
101889,-1.519595228,2.279147521,0,1,1,6.817564412
101890,-0.491671124,-2.131139717,0,1,1,1.755232932
101891,-1.457350541,0.079862498,0,1,0,1.007591469
101892,-0.739779304,-0.246919529,0,0,1,5.941992278
101893,-0.044476485,-0.033888777,0,0,1,6.528525959
101894,-0.039223608,-0.178084756,1,1,0,2.565765979
101895,1.614190628,-0.358364524,0,1,1,9.962747664
101896,1.106484484,0.207169383,0,1,0,3.80327911
101897,0.954339231,0.558892475,0,0,1,7.660527182
101898,1.13800979,2.540514262,1,0,1,7.959922133
101899,-0.082706418,0.444621338,0,0,1,7.326915804
101900,1.896403907,0.237580561,0,1,0,5.561480547
101901,-2.643424964,-0.448990935,1,0,1,9.429427211
101902,-0.358907167,0.133194011,0,1,0,2.886502413
101903,-0.644241846,2.317369766,1,0,0,4.529675974
101904,2.183720442,-1.628971422,0,0,0,3.040219174
101905,-0.924831003,1.05808814,0,0,1,6.978131336
101906,-0.814335235,-0.411558562,1,1,0,1.712767133
101907,-0.78821289,1.40854756,0,0,0,3.476651276
101908,-0.072042908,1.255251473,0,0,1,6.779853183
101909,-0.578496323,0.797490249,1,1,0,3.016621529
101910,-0.263687077,0.192493685,1,1,1,5.267774058
101911,-0.428857041,-0.259659062,0,1,1,5.603172265
101912,-0.091283051,0.250197958,0,1,0,3.119234242
101913,0.783551427,-0.952353873,1,0,1,5.5921308
101914,-1.321655086,1.261130922,0,1,0,3.422593546
101915,2.040316692,0.961840405,0,1,1,13.06504652
101916,1.308688261,-0.371739298,0,1,0,4.709620598
101917,0.615975414,0.433866612,0,1,0,4.090858076
101918,0.174848835,-0.849505604,0,1,1,5.029507645
101919,-1.619495936,1.243433094,0,1,1,6.621088498
101920,0.781318828,-0.658758861,0,1,1,6.716798529
101921,0.353186295,-0.456304061,0,1,0,3.005787773
101922,0.930411846,0.530260425,0,1,1,8.454320706
101923,1.550208677,0.130256709,1,1,0,5.167355442
101924,-0.081433727,0.042532871,1,1,0,1.589236964
101925,2.799523947,0.689504994,0,1,0,6.389393009
101926,0.112459842,0.905342517,1,1,1,6.754318026
101927,-0.233355673,0.358255052,0,0,1,5.85848949
101928,1.017560978,-2.584744457,0,0,0,1.754428828
101929,-1.320878203,-1.242954923,0,1,1,4.543547664
101930,-0.337289402,-0.349021399,0,1,0,2.789708707
101931,0.456515033,0.67209977,1,1,1,7.388870152
101932,1.474417091,-0.317291718,1,0,0,3.958269703
101933,-0.392065722,-0.472670029,0,1,1,5.261274125
101934,-0.893321859,0.20070396,0,1,1,6.123672042
101935,-1.218853229,1.154888514,0,1,0,2.346463418
101936,0.267058622,0.819482771,0,1,0,4.748919668
101937,1.621035686,-2.266939144,0,1,1,6.508273672
101938,-0.133167892,-0.597683602,1,1,1,5.048043066
101939,0.463277162,0.842539427,0,1,1,7.334608247
101940,0.431577911,0.136706843,0,1,0,3.413363676
101941,-0.16781561,0.928200693,0,1,1,5.401176737
101942,0.029244218,1.697865029,1,1,0,5.186408485
101943,-0.507937326,1.828316166,0,1,1,6.468190196
101944,-1.181349002,0.274008127,0,1,1,6.592645928
101945,0.080433185,-0.702152473,0,1,0,2.759575703
101946,-1.353819621,0.931331569,0,0,1,6.328515645
101947,0.000977389,0.956048566,0,1,1,6.29423132
101948,1.78501825,0.677156176,1,0,0,5.287111262
101949,0.963404165,-0.378523617,0,1,0,4.344150545
101950,1.429558752,1.532273076,1,1,1,10.10959438
101951,0.571922832,-0.217232618,0,0,1,7.032224571
101952,0.054317984,0.155997586,0,1,1,6.378783925
101953,0.467809544,-0.005600139,0,1,1,6.339963302
101954,-0.286385381,-0.166561545,0,1,1,4.939534322
101955,0.00590598,1.228417795,1,0,1,6.288903052
101956,-0.927793711,-1.934865609,0,1,1,2.944704762
101957,-1.51570586,0.227808556,0,1,1,7.431095016
101958,0.280910501,1.174778544,1,0,1,7.615228947
101959,2.486085021,-0.160338814,0,0,0,4.682672516
101960,1.062696973,-0.577316804,1,1,0,3.819282087
101961,1.105920517,0.287742395,0,1,0,3.847660078
101962,-1.191776132,0.329842627,0,0,1,6.159380734
101963,0.526069707,0.390473409,0,0,0,4.168884435
101964,-0.271637241,1.478759499,0,1,0,4.31778081
101965,1.145357307,0.694011963,0,1,1,8.85996445
101966,-0.690783449,-0.387207737,0,1,0,1.787470365
101967,0.827540271,1.711660903,0,1,1,7.703239283
101968,1.038037516,-0.175324186,1,0,1,8.161118179
101969,0.165562403,1.243052982,0,0,0,4.520698988
101970,-1.290654595,-1.396406656,1,1,1,4.100295612
101971,1.057770465,0.144805394,0,1,0,4.109522751
101972,-0.93264748,-0.181618436,0,1,1,5.614465408
101973,-0.342556209,0.511839404,0,1,1,5.745737336
101974,-0.116971275,0.443515218,0,0,0,2.655219438
101975,1.592020489,0.200004507,0,0,1,9.543578678
101976,-0.097884453,-0.504849251,1,1,0,1.892056676
101977,-0.467775296,-0.100159179,0,1,1,5.249216447
101978,1.028330688,0.795971526,0,1,0,4.480730512
101979,-1.472236468,1.880263106,1,1,0,4.116954081
101980,-0.543715246,-0.540788857,0,1,0,1.879961971
101981,-0.166471788,2.062063387,0,0,0,4.782747573
101982,0.643194534,0.233658445,0,0,0,3.094695252
101983,-0.579781039,0.182477352,0,0,1,6.307921672
101984,2.28168286,0.874326925,1,0,1,14.71848731
101985,-0.440859979,-0.341717113,0,0,0,2.011433638
101986,0.606927675,0.964645992,1,0,1,7.302126678
101987,-1.146995952,0.391144644,0,1,0,2.830742061
101988,0.723281843,1.261100177,0,1,0,4.181313114
101989,-1.204383696,2.30708653,0,0,0,4.628453506
101990,-0.405410017,-0.438092187,0,0,1,5.679972548
101991,-0.499896778,0.58764684,0,1,0,2.88414072
101992,-0.926541594,1.736982224,0,1,0,4.447866912
101993,-0.459549548,0.125821968,0,1,1,5.4317472
101994,-1.11994657,-0.521886954,0,1,1,6.038201763
101995,-2.013430052,-0.0287084,0,0,0,0.610785773
101996,-0.103142458,-1.761313157,1,1,1,2.300049134
101997,-0.18516672,0.504076821,0,1,0,3.641929855
101998,1.354566765,-0.907952203,0,1,1,7.106574361
101999,-1.818044589,-0.122732897,0,0,1,7.891720376
102000,1.794486017,-0.320509513,1,0,1,11.52672482
102001,-0.471275519,1.084072427,1,1,1,6.600885173
102002,-0.379223276,-0.362273884,1,1,0,1.126883352
102003,-0.681070668,0.115207784,0,0,0,2.780967596
102004,-0.017574699,0.162635156,1,0,0,2.612988973
102005,0.10286154,-1.55748072,0,1,0,1.812979237
102006,0.648846945,-1.392276436,1,1,1,5.23836531
102007,-0.30065675,1.2514153,1,1,1,6.402433092
102008,0.595389557,1.532119449,0,1,0,5.54998796
102009,-0.479742779,-0.555070171,0,1,0,2.067731464
102010,1.175624841,0.150469043,0,1,0,3.834995552
102011,2.077009079,-0.920518035,0,0,1,10.92243487
102012,0.733301696,0.636084384,1,1,1,7.33601329
102013,1.191315642,0.623928126,0,0,1,10.34735764
102014,0.710681175,0.175948562,1,1,1,7.360205547
102015,0.987199202,-0.463147012,1,1,0,4.181623462
102016,0.934117327,1.887001131,1,1,1,8.44015753
102017,-0.689806608,0.716917213,0,1,1,6.200953378
102018,0.442476119,-0.931510863,0,1,0,2.490826695
102019,0.11266588,0.907042262,0,1,0,3.798870266
102020,0.772750039,-0.860429082,0,1,1,4.783293077
102021,0.282622057,0.479894361,1,1,0,4.888277743
102022,0.924760922,0.057411345,0,1,1,8.027258054
102023,-0.556591743,1.122345694,0,0,1,6.773982677
102024,-1.071532966,-0.634260317,0,1,0,1.953676722
102025,0.772129515,0.332998337,1,0,0,3.351511741
102026,0.151869769,-0.800035599,0,0,1,5.292042001
102027,0.916746701,0.57846243,0,0,0,3.667450191
102028,1.95459052,0.700357718,1,0,1,12.16342869
102029,-1.383741012,0.105243261,1,0,1,6.439851587
102030,-0.088661527,-0.156838694,0,1,1,6.982159563
102031,-0.198886837,0.164767311,0,1,1,6.616429944
102032,-0.739111378,-1.589668599,0,1,1,2.499212309
102033,0.408374081,1.094751915,1,0,1,7.673072507
102034,0.460323923,0.295215944,1,1,1,7.501044807
102035,-0.768501003,0.862462581,0,1,1,6.278457756
102036,-1.968149162,2.035826937,0,1,1,8.122025945
102037,-0.553914175,0.713511715,0,1,1,6.20034275
102038,-0.457618017,0.107850364,1,1,0,2.839987883
102039,-0.342393747,-2.002653897,0,0,0,0.155144076
102040,0.628277024,-1.069136321,1,0,1,5.363449094
102041,-1.149694478,-0.486013739,0,0,0,2.709885634
102042,-0.285668346,0.351715406,1,1,0,3.29866731
102043,-0.511003623,2.68278794,0,1,0,4.994000052
102044,-1.539837814,-0.326044417,0,0,0,0.364757673
102045,0.485551741,1.088199081,0,0,0,3.947268052
102046,0.628960314,0.846638783,0,1,0,4.153157064
102047,-0.693198887,0.595249915,0,1,1,6.271109427
102048,1.302804542,0.492482167,1,0,0,4.995347019
102049,2.394680923,-0.059391346,0,0,1,13.69423611
102050,-0.330438278,-1.72079809,0,0,1,3.506435669
102051,-0.44018688,0.513301406,0,0,0,2.589696497
102052,0.896554724,1.397130164,1,1,0,3.981086043
102053,0.220310221,-0.569023144,0,1,1,4.375956382
102054,-1.318504282,-0.182183118,0,0,1,6.736934299
102055,-1.026759935,-0.199926714,0,1,0,2.029931237
102056,-1.387912809,-0.35435197,0,1,0,1.349674059
102057,-0.631902794,1.019308133,0,1,0,3.931210082
102058,-1.169609791,-1.685735722,0,1,0,-0.490393007
102059,0.784374259,1.505890184,0,1,0,5.068274512
102060,0.773250115,-0.142166493,0,1,0,3.103314303
102061,-0.858655647,-0.209557832,0,0,1,5.157414226
102062,-0.394898904,-1.200887944,0,1,0,1.622738663
102063,0.013218271,1.287966927,1,1,1,5.326953336
102064,0.85449315,0.353126215,0,0,1,8.58844544
102065,-0.057120709,-0.979311909,0,0,0,1.749547348
102066,1.090262908,-1.437052065,0,0,0,1.88571053
102067,-2.143151808,-0.062512676,0,1,0,1.022066724
102068,-0.423203901,-0.354493015,0,1,0,2.697434483
102069,0.725128776,0.539251577,0,1,1,8.327812848
102070,0.664196846,1.090669062,0,0,1,7.597905975
102071,-1.268311846,1.749072238,0,1,0,3.65927405
102072,-0.853481376,0.3095915,1,0,0,1.357830962
102073,1.873908079,1.628865159,0,1,0,6.010724458
102074,1.413377253,-0.021633315,0,1,0,4.924648379
102075,-1.458524379,-1.069271368,0,1,0,1.047169037
102076,-0.316695514,-0.684153707,0,1,0,3.009931798
102077,-0.71766427,-0.235847507,0,1,1,5.299711007
102078,-0.639505239,-0.51608355,0,1,0,1.694000879
102079,0.09250473,-0.990778485,0,0,1,5.18737076
102080,0.718174166,0.946472729,1,0,0,4.337154065
102081,-0.457831382,0.009846405,0,1,0,2.148296262
102082,1.518365632,0.801017272,1,1,1,10.33034457
102083,1.616816515,0.770958421,0,0,0,5.700790399
102084,1.031419561,-0.565791447,0,1,0,3.106870197
102085,-0.029671412,-0.76330808,0,0,0,3.593794086
102086,0.083876039,0.543609157,0,1,0,3.893222134
102087,0.235061668,-1.497361769,1,0,0,2.258206967
102088,-0.789818229,-1.177977669,0,0,0,0.795796121
102089,0.312211033,-0.392558671,0,1,0,3.235479515
102090,0.269753051,-2.072002755,0,1,0,0.72318783
102091,0.098786468,-1.020716599,0,1,1,4.051071197
102092,0.713349239,0.771547625,0,1,1,6.928136057
102093,0.555724468,0.941994389,1,0,1,7.239463367
102094,0.810267328,-0.517312679,1,1,1,6.910764319
102095,-1.445273828,0.714491555,0,1,0,2.308853489
102096,0.321854711,-2.276877119,1,1,1,3.000711058
102097,-1.71442628,-1.294080399,0,0,0,0.105117821
102098,-0.078915595,-1.399616628,0,0,1,3.373860687
102099,0.655081925,-0.509884203,0,1,1,5.973104459
102100,1.546226007,0.426706697,0,0,0,4.940707958
102101,-0.130471518,0.421848684,1,0,1,5.270075204
102102,-0.93323158,1.446001341,0,1,1,6.625283968
102103,1.050432088,0.246567425,0,0,0,3.787530275
102104,1.933233212,-1.465328836,1,0,1,8.750074409
102105,0.809485494,1.204135244,0,1,0,5.452921971
102106,0.49667023,-0.15557696,0,1,0,3.978104495
102107,-2.059901909,1.085201061,1,1,0,2.055086437
102108,-0.426644477,-0.071370952,0,0,1,6.104835494
102109,0.986405985,0.989060337,0,0,1,9.02840219
102110,-1.155704929,-0.987524118,0,1,0,0.831858168
102111,-0.707756143,0.688990161,1,0,1,5.832337235
102112,1.079510833,0.502396535,0,0,1,8.660425006
102113,-0.440587214,-0.143723893,0,1,1,5.307642872
102114,1.386266437,-1.123781344,0,0,1,7.337325084
102115,0.779821787,-0.107071435,0,1,0,4.7085272
102116,0.489646331,0.025048706,0,0,1,7.243536195
102117,1.031514207,0.530698662,0,1,1,9.157916312
102118,0.070454398,2.264794296,0,0,1,6.50399428
102119,1.250852048,0.27157631,0,1,0,4.225899695
102120,0.775492746,0.117147863,0,1,0,3.064523849
102121,-0.691245224,-1.723165642,1,1,1,2.544612445
102122,2.064662643,-0.439300561,1,0,1,11.41289531
102123,0.589091367,1.264796065,0,1,1,6.871363535
102124,-0.439053452,-0.27780717,1,1,1,5.941405317
102125,0.51915328,0.528129372,1,1,1,6.16292552
102126,0.033218635,-1.055792996,0,0,1,4.653325634
102127,1.289091679,0.76273567,0,0,1,9.910527906
102128,0.181915985,0.804784659,1,0,0,4.249845363
102129,-3.243878042,0.063452451,1,1,0,-0.686621678
102130,-0.422840725,-1.960212199,0,1,0,0.19419656
102131,0.544841563,-0.984012659,1,1,1,5.416474216
102132,1.416197877,-0.141768798,0,1,1,9.234684601
102133,0.666577464,-0.578637627,0,1,1,5.156761038
102134,0.822430363,1.417210239,0,1,0,5.179836242
102135,-1.574051554,0.618025202,0,1,0,2.191169394
102136,-1.64769326,-0.114592387,1,1,0,1.141217137
102137,0.259571233,-1.092170358,0,0,1,5.026357685
102138,-0.330952091,1.496818385,1,1,0,3.841404352
102139,0.89533409,1.034392917,1,1,0,4.575903658
102140,1.63036469,-0.315632422,0,1,0,5.381521308
102141,1.001736878,-0.602554087,0,0,0,3.686014792
102142,1.248232054,-1.128353428,0,1,0,3.36289176
102143,-0.830230442,1.748075373,0,0,0,4.175524888
102144,0.60891569,0.329224802,0,0,0,3.880968284
102145,-0.18030478,-0.380968108,0,0,1,5.257744136
102146,-0.074654559,-0.088498141,1,0,1,5.618980879
102147,0.682206469,1.701340782,0,1,0,5.741742128
102148,-0.839961135,0.179394633,0,1,1,6.470763163
102149,0.811400736,-0.276248446,0,1,1,7.343611645
102150,0.822727268,-1.377095742,0,0,0,2.71587007
102151,2.301111601,0.339059246,0,0,1,14.86068838
102152,-0.044316671,-0.713250821,0,1,0,2.603238795
102153,-0.26510705,0.740598654,0,0,0,4.062938352
102154,2.390075056,-1.298516548,0,0,0,3.533307519
102155,-0.097729717,-1.122361589,0,1,1,3.810681644
102156,-1.21045248,0.089875094,1,1,0,2.170997582
102157,-0.500853597,0.334222458,0,0,1,6.846568797
102158,0.69407605,-1.250713871,1,1,0,2.303820272
102159,-0.531211296,-0.276429312,0,1,0,2.450164851
102160,-2.169283371,-0.257651383,1,0,1,8.290308211
102161,-1.275093113,-0.221966156,1,0,0,1.398643759
102162,-0.046501114,-1.876443424,0,1,1,2.744593237
102163,-1.11355057,0.394622922,1,1,0,2.522245887
102164,0.889791686,1.895737483,0,0,0,5.972706365
102165,0.350790186,-0.656424988,1,1,0,1.870142217
102166,-0.919708288,-1.274979552,0,0,1,3.668273765
102167,1.027466197,-1.360621396,0,1,1,7.30332803
102168,-0.776403395,-0.127826233,0,1,0,2.248324951
102169,1.275287154,0.610524355,0,0,0,5.457557736
102170,-0.137102448,0.633224902,0,0,1,5.988057783
102171,1.923046556,-0.336221869,0,1,0,5.168974457
102172,1.143311508,0.615292941,0,0,0,4.741260144
102173,1.245858994,0.14676597,0,1,1,9.229689366
102174,-0.689459014,-1.04460152,0,1,0,1.668712075
102175,-0.194462418,-1.011525452,0,1,1,4.65837829
102176,-1.432949398,2.34253698,0,1,0,3.776698183
102177,-0.929182776,-0.48484665,0,0,1,5.275832129
102178,0.130541986,1.803167662,0,1,0,4.055754337
102179,0.665636214,1.39289878,0,1,1,8.584499362
102180,0.171602121,0.032169323,1,0,1,5.978750628
102181,0.212551307,1.228956512,0,0,1,7.080504554
102182,-0.891887089,-0.590001412,0,1,1,4.850840157
102183,0.931865965,1.400507452,1,1,1,7.937156556
102184,-1.452935772,-0.484778984,0,1,0,1.630362536
102185,0.497553806,0.604871236,1,0,1,7.56076191
102186,1.189227914,1.449005288,0,1,0,6.255690341
102187,-0.41294531,1.111467202,0,0,1,6.191271363
102188,-0.868501099,1.059727397,0,1,0,2.511864156
102189,-0.176662492,0.448431737,0,1,0,3.133704002
102190,0.78748777,0.886735601,1,1,0,4.914492993
102191,0.378079081,0.329140552,0,1,1,6.683447436
102192,-1.257180053,0.45267303,1,0,1,6.712593402
102193,-0.64506663,-0.490878669,0,1,1,6.017316158
102194,0.40864191,1.589360687,0,1,0,5.860457206
102195,0.989888565,-0.070387407,1,1,0,4.197300343
102196,-0.187874332,-0.713925732,0,0,0,2.259271856
102197,0.055912203,-2.321680587,0,1,0,1.579688724
102198,-0.123208263,-0.644021667,1,0,1,4.925342637
102199,-0.167665829,-1.51074968,0,1,1,3.470968691
102200,-0.414722549,1.495751511,0,1,0,4.980077868
102201,0.190918719,-1.118390184,0,1,1,4.418729892
102202,-0.455284748,0.13054879,0,0,0,3.610355499
102203,-2.285845459,2.360208071,1,0,1,10.63156581
102204,0.259258312,0.256922712,0,1,1,6.581969887
102205,0.780788295,0.561676047,0,1,0,3.843774471
102206,1.437853817,1.70087757,0,1,0,6.444905855
102207,-0.816025932,-1.94148646,1,1,1,2.459049474
102208,-1.696013743,2.202472968,0,1,1,7.78622434
102209,-1.077162909,1.505112638,0,1,1,7.15584382
102210,-1.066637137,1.296894951,0,0,0,3.076524631
102211,1.286711889,0.233669926,0,0,1,8.911126273
102212,-0.637026915,1.150314229,1,0,0,2.980076457
102213,-0.552488288,1.56183799,1,0,0,3.985718934
102214,-0.585025213,1.38707236,0,1,0,3.91162124
102215,-0.692400259,-0.742150887,1,1,0,0.813174855
102216,0.704368301,0.019728319,0,1,0,4.883856178
102217,0.641340905,2.789486741,0,1,0,6.726557145
102218,-0.921730739,-0.349378972,0,1,0,1.253495594
102219,0.137114027,-1.052151994,0,1,1,5.139036778
102220,-1.653837484,-0.919794254,0,0,1,5.358152995
102221,0.739998121,-0.707824835,0,1,1,5.914113045
102222,-0.700148118,0.485737776,1,1,1,5.291075934
102223,-1.008667184,0.918177222,1,1,1,7.281084645
102224,1.930986899,0.285027714,0,0,0,5.081729711
102225,0.446062657,-0.710524663,0,1,1,5.823140999
102226,0.284479466,0.482548407,1,1,0,4.192048872
102227,-1.267514004,-0.958547511,0,0,1,4.589209999
102228,-0.807774719,0.211884793,0,0,0,2.367442336
102229,-0.526812763,0.193383461,0,0,1,7.057756816
102230,-0.488526083,1.097430996,1,1,0,3.109593153
102231,-0.179743533,-1.012972488,0,1,1,4.714652046
102232,1.63084431,2.068925793,1,1,1,11.35946689
102233,0.771442009,0.463464327,0,0,1,7.33328704
102234,-0.025630588,0.444717665,0,1,0,3.255324744
102235,-1.071911759,-1.152219996,0,0,0,1.475813603
102236,0.584161737,-1.186788269,0,1,1,5.10461614
102237,1.820476689,-0.785030654,0,0,0,4.572242956
102238,0.54754228,-1.238971601,1,1,0,2.213652398
102239,-0.018724876,0.41781264,0,1,0,3.556350053
102240,-0.428884255,-0.631146087,1,1,0,1.419571023
102241,-0.269716805,1.305424442,0,0,0,4.524717331
102242,1.011808985,1.106142376,1,1,1,8.426677869
102243,1.038822086,1.519786792,1,1,1,8.558153769
102244,0.811844913,-2.281516356,1,0,0,0.959980409
102245,0.642982577,0.450870148,0,0,0,3.771791547
102246,-0.221326588,-1.472612955,1,0,1,4.1697595
102247,-0.680716504,-0.333204915,1,0,0,1.672259942
102248,0.87490587,0.719991414,1,1,1,8.436428383
102249,-1.159530837,0.609591301,1,1,1,6.965520368
102250,-1.919581892,-0.426635162,1,0,0,0.532711761
102251,-0.01610219,0.74700984,1,0,0,3.503769568
102252,-0.257841782,0.561621868,0,0,1,7.111556938
102253,0.295352983,0.487538469,1,0,0,3.238447536
102254,0.662658933,-0.282519766,0,1,1,7.001148402
102255,0.881126333,1.554347704,0,1,1,7.884402157
102256,-0.159483264,-2.262416942,0,1,0,-0.055247245
102257,0.657797737,0.022093087,0,1,1,7.156963129
102258,0.482015915,-0.796564191,0,1,0,2.884917674
102259,-0.462671784,0.056737173,0,0,0,2.602167192
102260,-0.17474934,-0.054580732,0,1,0,3.155969872
102261,-0.492837528,-0.130579822,0,1,0,2.488265234
102262,0.683771877,0.537658432,0,0,0,4.012198649
102263,-1.263990098,0.213639592,1,1,0,1.4717625
102264,-0.72901856,0.37357656,0,1,0,2.37589143
102265,1.191946819,0.82114879,1,1,1,9.283085277
102266,-0.658319272,0.092973366,1,1,1,6.369048004
102267,0.383887617,0.455372617,1,1,0,2.29922053
102268,-0.855652229,0.52926159,0,1,1,6.616557484
102269,0.319254883,-0.955989605,0,1,1,4.998084953
102270,0.361386969,-0.446071886,0,0,1,5.541987273
102271,-0.89771232,-0.400103486,1,0,0,1.167020567
102272,-0.950527509,-0.718289383,0,1,1,4.308869525
102273,1.480793077,-1.295601452,0,0,0,3.422863095
102274,0.780502895,0.467008182,1,0,1,6.657420956
102275,1.523139508,2.001306917,0,1,1,11.46691911
102276,-0.145039737,0.316658954,0,1,0,2.746162971
102277,0.064949057,-1.102826405,0,0,0,2.180648073
102278,-0.437468194,2.768398055,0,0,0,5.491423705
102279,0.423670518,-1.55620735,0,0,1,3.458685977
102280,0.632704827,1.054003959,0,0,0,4.677753311
102281,0.708389983,-1.459792954,0,0,1,4.710719252
102282,0.26480701,-1.631477664,0,0,0,2.24486494
102283,-0.245289318,-2.787052656,0,1,0,-0.309641146
102284,-1.840889725,0.332406498,0,1,1,7.862942508
102285,1.101267265,-0.115811288,1,1,1,8.046778646
102286,0.683400109,1.884163078,0,0,0,5.112525745
102287,-1.014050738,0.632232785,0,1,1,5.495830215
102288,1.252741638,0.181705982,0,0,0,4.555439028
102289,0.403427286,0.495278915,0,1,1,6.52557828
102290,-0.440095963,1.262007969,0,1,1,6.637466419
102291,-1.27756452,-0.403338196,0,1,1,5.923816642
102292,0.133966931,0.940965598,0,1,0,4.559295566
102293,-1.106314366,0.933945281,0,1,1,6.431183822
102294,-0.121419524,1.011164189,0,1,1,7.027797371
102295,2.165831736,0.948348545,0,1,0,5.914589805
102296,0.33485545,0.350820514,0,1,1,6.912950169
102297,0.643848454,0.60778386,1,1,1,7.696027301
102298,-0.846686487,0.247755467,0,0,0,1.956799319
102299,0.558893124,-0.948654269,0,1,1,5.654447844
102300,-0.107813779,-1.389024369,0,1,1,3.587553702
102301,-2.639568056,-0.199810368,1,1,1,9.868224462
102302,-0.322697469,1.526228197,0,1,1,6.067566335
102303,-1.428046962,0.595241233,1,0,1,7.217016634
102304,0.188075993,1.069037267,1,1,0,3.668402363
102305,-0.425196048,0.60533769,1,1,0,2.843624669
102306,-0.988048329,0.449276505,1,0,1,6.525355911
102307,0.142751849,-0.492433471,0,0,0,2.150037679
102308,1.142196509,0.135510644,1,0,1,9.510967448
102309,0.702908221,1.559803543,0,1,0,4.007369868
102310,1.317651769,1.075391952,1,0,0,5.496772133
102311,-0.203876922,0.349397318,0,1,0,3.344066262
102312,0.554364442,0.85317688,0,0,1,7.22204803
102313,0.579086736,-0.550325434,0,1,1,5.691416925
102314,-0.239255672,-0.195012111,0,1,1,5.963746348
102315,-0.375073727,0.769089635,0,0,0,2.6052678
102316,-1.778782608,-0.612125446,1,0,0,0.565666867
102317,-0.307718715,1.260833615,0,1,1,6.293996004
102318,-0.982942842,0.521074864,1,0,1,6.294733822
102319,0.118643987,-0.658611056,0,1,0,1.919014783
102320,2.075713315,0.712729431,0,0,1,12.68879164
102321,-0.498133161,1.180842801,1,0,1,5.37271479
102322,0.041293827,-1.184427579,1,1,1,4.135474754
102323,-2.96032211,0.652131424,0,0,0,0.155238108
102324,0.414322208,-0.879433461,0,1,0,1.627889421
102325,-1.48572808,-0.745760157,0,1,1,5.527617981
102326,-0.516065481,0.460002564,0,1,1,6.358617651
102327,0.277850019,-0.410960198,0,0,1,5.61760431
102328,-1.743585758,-1.232601205,0,1,1,5.413075866
102329,1.595616,-0.444550581,0,0,1,10.63133646
102330,1.240509668,0.907274377,1,0,0,4.873546453
102331,-1.655287675,0.774459484,0,1,0,1.519157381
102332,-1.043833655,-0.935581388,0,0,0,1.396186586
102333,0.795705599,-0.538161806,0,1,1,7.211334032
102334,-1.545994908,-1.15897022,0,0,1,5.139704094
102335,-0.403708655,0.667469274,0,1,0,3.161339267
102336,-1.490828042,0.034511724,1,0,0,1.441526335
102337,1.637294131,-1.325917018,0,1,1,8.102341648
102338,-0.529553134,-0.483168301,1,1,0,2.187252746
102339,-0.95667501,0.812258989,0,1,1,6.834060888
102340,-0.111837638,-0.089870171,0,0,0,2.714707691
102341,1.474673474,0.274094821,0,1,0,5.130553115
102342,-0.073643817,-0.069761023,1,1,1,5.481196315
102343,-0.783682616,1.209142197,1,0,1,6.084895036
102344,-0.454652365,0.024700581,0,1,0,1.851424306
102345,-2.050110029,0.639761168,0,0,1,9.255120238
102346,1.420786448,1.246630777,0,1,1,9.850588306
102347,-1.043793449,0.598483986,0,0,0,2.89286852
102348,0.05162858,-0.61984038,0,1,0,0.851332303
102349,0.524523253,0.666086969,1,1,0,4.465022855
102350,0.448142609,0.494382376,1,0,0,4.231619552
102351,-0.093436234,1.65065342,0,0,1,6.681780374
102352,-0.845004127,0.39583903,0,1,1,5.141057912
102353,-1.342091809,-0.102395556,0,1,0,1.187420636
102354,0.254376839,0.173946993,1,0,0,2.188768496
102355,0.683380014,-0.796673775,0,1,0,3.543204096
102356,-0.813784642,-1.2698923,1,1,1,3.996839519
102357,-0.832834869,-0.686982773,0,1,0,0.948540425
102358,-0.851619903,-1.375841262,0,1,0,0.959306337
102359,0.323736772,-0.278323908,0,0,0,2.541245438
102360,0.149260825,-0.397110374,1,0,1,6.326641772
102361,2.155846558,-1.978000099,1,1,1,9.401035857
102362,-0.596668291,-1.521015864,0,1,1,2.912556078
102363,0.700604688,-0.634757932,0,1,0,2.349886676
102364,0.266653621,-1.24184974,0,1,0,2.243153498
102365,0.029476901,-0.154857976,0,0,0,2.468782186
102366,-0.547693903,3.037878472,0,1,1,6.440552283
102367,0.281501103,-1.87881969,0,1,1,3.100336759
102368,2.176591116,-0.17248089,0,1,0,5.847581535
102369,-1.134830521,-0.718080875,0,0,0,1.392646692
102370,0.939926573,1.075074375,0,1,0,4.459810889
102371,0.477085094,-0.735551227,0,1,1,5.557100094
102372,0.689311534,0.269158874,0,0,1,7.497938906
102373,0.176319647,0.082448531,0,1,1,6.45156787
102374,-0.250043996,0.150979596,1,1,0,3.416234379
102375,-0.525645002,0.659956611,0,1,1,6.5106198
102376,0.236462676,1.939334792,0,1,0,5.483261245
102377,-1.19381319,1.248530016,0,0,0,3.106323921
102378,-0.902616821,-0.577658796,1,0,1,4.570849498
102379,-0.100660273,1.561608101,0,1,1,6.716224901
102380,-0.875443875,1.044815641,0,1,0,2.707749866
102381,0.993288699,1.220721083,0,0,0,5.398251371
102382,-0.616098858,0.833997608,0,1,1,5.30563294
102383,0.026735374,0.482824047,1,0,1,6.545363225
102384,-0.420297729,-1.937904849,0,1,1,3.241929562
102385,0.201083019,0.794182459,0,0,0,4.234303397
102386,0.925317953,0.369608249,0,0,0,3.851976266
102387,-0.354854988,-0.747515642,0,1,1,5.740426494
102388,0.822794425,0.908862887,0,0,0,5.165636577
102389,-0.038884659,0.259100043,0,0,0,2.601442868
102390,0.18758805,-0.493483787,1,0,1,5.589891566
102391,0.885863523,1.464994401,0,0,1,8.136451561
102392,-1.666634429,0.526963578,0,0,0,2.84659419
102393,0.416326151,-0.161895597,1,0,0,2.880730924
102394,-0.978302845,1.745940541,0,1,1,6.286894025
102395,-0.177138364,1.743211705,1,1,1,7.080486175
102396,0.882728437,0.059074408,0,1,0,3.457059385
102397,-0.171441184,0.186429708,0,0,1,6.11937508
102398,0.53029464,0.182660948,0,1,1,6.911413023
102399,-0.406251612,1.099765993,0,0,0,4.534837395
102400,1.6640582,-0.021326874,0,1,1,9.61755437
102401,0.157749389,0.751375695,1,1,0,3.535700264
102402,-0.33873205,-2.095238065,0,1,1,1.695162248
102403,0.154596054,1.077919255,0,0,1,6.901779713
102404,-1.296134232,-2.160763417,0,0,0,0.811446755
102405,0.596040934,-1.004898867,1,0,0,2.592122477
102406,-1.403704663,-1.181437334,0,0,0,1.061255836
102407,0.329912939,1.305877543,1,1,1,7.519198636
102408,-1.367546637,0.21055925,0,1,0,2.966340725
102409,0.295787641,0.209828933,0,1,0,3.078758919
102410,0.630428715,-0.024558445,0,1,1,5.816534909
102411,-1.430525204,0.236664154,0,0,1,6.923589598
102412,1.044105883,-0.260601775,0,1,1,7.709910687
102413,-0.826759874,0.806980094,0,1,0,2.704989164
102414,-0.534793138,-0.255965895,0,0,0,2.328368032
102415,0.833828494,0.574484232,1,0,1,7.990875913
102416,2.371879046,-0.393510865,0,1,0,4.577852145
102417,1.136376938,-0.868796048,0,0,1,7.479602989
102418,2.118692628,1.456851992,0,1,1,13.16679147
102419,0.770987633,-1.338148976,0,1,0,1.869249435
102420,0.543120166,-0.688315021,1,0,0,2.781412874
102421,0.737626045,0.172592484,0,1,0,3.888375111
102422,-0.16926624,1.95928715,0,0,1,6.328477855
102423,-0.826689182,-0.51068838,1,0,1,6.123956763
102424,0.741794632,-0.573854753,1,0,1,7.176169916
102425,-0.537203339,0.94060203,1,1,1,6.94025736
102426,0.926063387,1.960164777,0,1,1,8.392465233
102427,0.632692241,1.094059752,0,0,0,4.074162953
102428,0.051867185,-0.218520011,1,1,1,6.24635039
102429,0.194115769,-0.531480169,0,1,0,2.176884592
102430,1.166199383,-0.786781292,0,1,0,3.487083218
102431,0.806610119,2.081628366,0,1,0,4.575957419
102432,-0.064690267,1.294357737,0,0,1,6.150104191
102433,0.386848109,0.100402123,0,1,1,7.255674039
102434,0.856191143,0.688060022,0,1,0,4.800230173
102435,0.525236481,0.043651677,0,1,1,6.406695815
102436,-0.668185705,1.688117204,0,1,1,6.32693292
102437,0.308295316,0.861883806,1,1,1,7.250151696
102438,2.151836788,1.021135527,1,1,0,6.217678771
102439,-1.02175447,-1.087718687,1,0,0,1.791323909
102440,2.03514004,-1.648988861,1,1,0,2.537258043
102441,-0.707637821,0.69675916,1,0,1,6.471058129
102442,0.31843413,-1.45017604,0,0,1,4.577052509
102443,0.12621878,2.028121476,0,0,0,5.418831871
102444,-0.867403448,-1.549864216,0,1,0,-0.057588595
102445,-0.642633531,0.127361232,0,1,1,5.311835498
102446,-0.402085166,1.030808087,0,1,0,3.55036696
102447,1.174806183,1.377455721,0,0,1,9.444238868
102448,0.960658692,-0.22998182,0,0,1,7.259991525
102449,-0.533513869,0.060923996,0,1,0,2.279579692
102450,1.041366668,-0.862829777,0,0,0,3.924084764
102451,0.328462482,1.038230214,0,1,0,3.783434588
102452,1.147063723,0.638254459,0,1,0,5.274038918
102453,-1.075765635,-0.228543187,0,0,1,5.729489382
102454,-0.081970715,-1.880483376,1,0,1,3.214145356
102455,-0.887376028,1.426780851,0,1,1,5.834384946
102456,-0.442844263,-1.481287529,0,0,0,1.365139041
102457,0.490470794,1.185708747,1,1,0,3.957096217
102458,-1.756440939,-0.178570269,0,0,0,0.893519003
102459,-0.876387178,-0.808092488,0,1,0,1.56294813
102460,-0.975045712,0.242244555,1,0,0,2.632386673
102461,-0.089876944,1.390210757,0,1,0,4.059354611
102462,-1.046286488,1.507284544,1,0,0,3.334433102
102463,0.02938804,0.108839852,1,0,0,3.545728747
102464,-0.815611274,0.426454685,1,1,0,2.665253199
102465,1.385260083,-0.884463305,0,0,0,3.814218515
102466,1.128221226,-0.687854031,0,1,0,3.818253858
102467,-0.458280988,0.26307009,0,0,0,3.281145265
102468,-0.037749128,-0.102177798,0,1,1,5.331045778
102469,-0.014133506,2.02712233,1,0,0,4.262093119
102470,0.158314097,-1.089545143,0,1,0,2.128543669
102471,-1.220061718,-0.292399653,0,0,0,1.065502283
102472,1.896855216,2.571272522,0,0,1,12.49830046
102473,0.951168304,-1.222935376,0,1,0,3.392821187
102474,-0.925145436,-1.186985463,0,0,1,3.702068395
102475,-0.912040221,-2.394462262,0,1,1,2.024510748
102476,0.566948637,-0.618079272,0,0,1,5.682688892
102477,1.863086953,0.412192139,1,0,0,5.946757899
102478,0.726596566,-1.804924048,1,1,0,2.226051576
102479,-0.501366937,-1.216931401,1,0,1,4.120545172
102480,-1.642962445,0.580497722,0,0,0,1.133136215
102481,0.06414718,-1.547728431,0,0,0,1.493427266
102482,1.310206655,0.616855679,1,0,1,9.721899711
102483,-0.64066104,0.556422905,0,1,0,2.967508629
102484,0.160423923,-0.612065572,0,0,0,1.940125449
102485,-0.728496524,0.70705543,1,1,0,2.659796286
102486,0.323467844,-1.502018374,1,1,0,1.335713101
102487,0.764403554,-1.259615047,0,1,1,5.427457299
102488,-0.537974666,0.842827438,0,1,0,2.619913434
102489,-0.15808733,0.894803332,0,1,0,3.246226203
102490,1.912632328,-0.723938802,0,1,0,3.967697325
102491,0.615426521,0.874358725,0,0,0,4.015523526
102492,1.250426369,0.134459319,1,1,1,10.28425693
102493,-0.896068346,-1.533461305,0,1,0,-0.106718943
102494,0.737952693,1.020213809,0,1,0,4.4325419
102495,0.991190548,0.662287748,0,1,0,4.869373038
102496,-1.040656379,0.953848543,1,1,0,2.341139017
102497,-1.910183622,0.778447836,0,0,1,9.282092828
102498,-1.057939197,-1.122270458,1,0,1,4.172014924
102499,-1.418637864,-1.859715148,0,1,1,3.545336188
102500,0.913822193,-1.35383977,1,0,1,6.157088107
102501,0.318763503,1.511103874,0,1,0,4.806206408
102502,-1.136626777,0.642459906,0,1,0,2.785002335
102503,-1.127881745,-0.553565983,0,1,0,1.623915113
102504,-0.969522187,-0.733959948,0,1,0,1.028152981
102505,0.629162047,0.103471814,0,1,1,7.055319091
102506,-1.387259499,-1.297397295,0,0,0,-0.113758833
102507,1.357915901,-1.594572883,1,0,0,2.775622766
102508,1.48008531,-0.789250589,0,1,0,4.117352971
102509,0.050384943,0.221777096,1,1,1,5.904528973
102510,-0.481395199,0.565538548,1,1,0,2.640043672
102511,-0.242366819,-0.876481547,1,0,1,4.759356848
102512,-0.794540108,-0.32622026,0,0,1,5.633442775
102513,1.59140148,0.017485881,1,1,1,10.18503097
102514,-0.612373201,-1.22775683,0,0,0,1.463332313
102515,-0.041426555,-0.541084201,0,0,0,3.388352605
102516,-2.203914168,0.516087327,0,0,1,9.116541911
102517,0.776313624,0.533140571,0,1,0,4.107949799
102518,1.832442144,0.411818528,1,1,1,12.6495424
102519,-0.303787068,0.557322513,0,0,0,2.062596255
102520,0.834667757,-0.084784944,0,0,1,7.504836658
102521,0.273744543,-0.106925877,1,0,1,6.806053332
102522,1.384150011,1.285787743,1,0,0,5.494567
102523,-0.220262883,-0.774682848,0,1,0,1.874426492
102524,-0.08740857,-1.646845882,0,1,0,1.348682393
102525,0.781685939,0.897817277,0,0,1,8.331587714
102526,-1.017544308,0.858068215,0,1,1,6.456618004
102527,-0.212896779,1.89449237,1,1,0,4.527403745
102528,2.3645253,-0.213899058,0,0,1,12.53234887
102529,-1.51196357,1.286724838,0,0,1,7.690368135
102530,1.78263236,0.7890876,0,0,1,11.8640889
102531,0.041242553,1.130962871,1,0,1,6.637300263
102532,-1.130234616,1.104991969,0,1,1,6.624133743
102533,-0.704881519,-0.188023949,0,0,1,5.883906681
102534,1.301542446,1.269217527,0,1,0,6.113094005
102535,-0.146075158,-0.63821343,0,0,1,4.918908179
102536,0.140254758,-0.886500768,0,1,1,5.35697402
102537,1.212727147,-0.669714206,1,1,0,3.711179693
102538,-1.009610478,0.876720544,1,0,1,6.584405395
102539,0.35805731,-0.603887275,0,1,1,5.226714337
102540,-0.538292753,-0.216040265,1,1,1,4.9870015
102541,-0.903554755,0.176035131,0,1,0,2.180538364
102542,-0.201370928,-1.640216464,1,1,1,2.417623937
102543,-0.416221175,1.427700702,0,1,1,6.460867007
102544,-0.929172128,-0.591487922,1,1,0,1.135233016
102545,-0.401074152,-0.107717983,0,1,1,6.145671208
102546,-1.381102819,-0.78494769,0,1,1,5.100435743
102547,-0.191972049,0.620097408,0,0,0,3.351822883
102548,0.504305123,0.244247641,1,0,0,3.793272351
102549,0.249274025,-0.970957325,0,0,1,5.487561281
102550,-1.918482098,-1.413783039,1,1,0,-1.243565599
102551,0.354181566,0.474074353,0,1,1,6.414052668
102552,-0.978946985,1.672835264,0,0,0,3.458513499
102553,1.638889439,-0.864003934,0,1,0,3.799984245
102554,0.092199818,1.075823466,0,1,0,4.391314208
102555,1.491269934,0.226978781,0,1,1,10.52160185
102556,-0.483486748,0.584294793,0,1,0,3.030706208
102557,0.510610541,1.723431627,1,0,0,5.283333305
102558,0.769609351,0.499324396,0,0,1,6.97944873
102559,-0.036262783,0.537685819,1,1,1,6.779726811
102560,-2.15826275,0.265755767,0,0,0,1.184928032
102561,0.645842156,-1.602144882,1,1,1,3.635529482
102562,-1.051898004,-1.882445067,0,1,0,0.108323473
102563,0.534989212,0.820342075,0,1,1,7.208715463
102564,-1.421039639,-0.303972185,0,0,1,5.49468203
102565,-1.000683284,0.551246594,1,1,0,2.366588486
102566,-0.968097422,-0.891622538,0,0,0,0.129447209
102567,0.41643501,2.326097952,0,0,1,7.072381038
102568,-0.814849145,-0.677619478,0,1,0,0.54123774
102569,-0.301142465,0.58570356,0,1,0,3.220905018
102570,0.187412364,-0.644915462,1,1,0,1.45048252
102571,-0.457809537,-0.552674226,0,1,0,2.68613933
102572,-1.099548389,0.998475874,0,1,0,2.294852495
102573,-0.370366233,0.514805602,0,0,0,3.18360437
102574,-0.620205444,0.106793397,1,0,0,1.092692982
102575,1.070293878,1.481576776,0,1,1,8.34216359
102576,0.966445167,-0.904665353,0,1,1,5.822979717
102577,-1.463615383,-0.027059831,0,0,0,1.00924613
102578,0.499716853,1.713601052,0,0,1,7.502323019
102579,-0.083220309,0.799166374,0,1,0,3.876617666
102580,0.284663318,-1.216632865,0,0,1,4.27380825
102581,0.647437652,-0.12855943,0,1,1,7.322267231
102582,0.868442176,-1.368782475,0,1,1,4.719276903
102583,0.820636862,-0.120398604,1,1,0,3.535232882
102584,-0.508827287,1.575350722,0,0,0,4.297815556
102585,0.824531771,0.804702141,0,1,0,4.888047854
102586,-0.135092312,-1.160557655,0,0,1,3.95681802
102587,-1.284816843,-0.326861955,0,0,1,5.904232094
102588,-1.390826944,-0.472846759,0,1,0,0.982383285
102589,-0.044234868,-0.349898309,0,1,0,2.83529738
102590,0.197710276,-2.292948635,0,1,0,1.123052652
102591,0.792121123,-0.119361438,0,1,1,7.460854259
102592,0.572508458,-0.369333979,0,1,0,4.425370781
102593,-0.142550714,-1.111486832,1,1,1,3.046558344
102594,0.24053683,-0.714061824,0,1,0,2.177092726
102595,0.252844638,0.861077623,0,1,1,7.713257412
102596,0.163126341,1.962036528,0,0,0,5.315391943
102597,0.421126783,-0.051421145,0,1,0,3.125044728
102598,0.201987393,0.173978151,1,1,0,3.803605495
102599,0.638073847,-0.586724901,0,0,0,2.899772699
102600,0.348569026,-0.925704861,1,0,1,5.414154595
102601,0.145194498,0.661059266,0,0,1,6.933253877
102602,0.880420889,-0.367921474,0,1,0,3.221335085
102603,1.20765018,-0.214610529,0,0,1,8.315273623
102604,-1.196367317,0.118865883,0,1,0,1.65706632
102605,0.73303496,-0.698609914,0,0,0,2.806463332
102606,-1.363923783,0.001168245,0,0,1,7.068771263
102607,-0.103206682,-0.787036977,1,1,0,2.025156758
102608,1.333620702,0.817370853,0,0,1,10.65486355
102609,1.006889844,-1.288175796,0,1,1,5.684654696
102610,-0.283361054,-0.483204073,1,0,0,1.531425922
102611,-0.375577195,1.021977031,0,1,1,6.292827519
102612,-0.56750519,-0.641691769,1,1,1,5.160503422
102613,1.032045798,1.798625069,1,1,1,9.093788242
102614,1.303713393,-0.90215661,1,1,0,3.735994343
102615,-2.037076476,-0.772719144,0,0,1,8.031306932
102616,-0.129461239,0.322318779,0,1,1,5.909722866
102617,-0.505242963,1.145945732,0,0,0,4.017948855
102618,0.576318198,0.012229688,0,1,1,7.204983857
102619,-1.413570535,1.159085391,0,0,1,6.874105408
102620,-0.044072024,-1.774985816,0,0,0,1.303388196
102621,1.227433041,1.895126519,1,0,0,5.913171795
102622,-0.224029939,-1.020212249,0,1,0,1.287621308
102623,1.11353251,1.431226368,1,1,0,6.048945695
102624,0.708663795,-2.068336575,1,1,0,2.171969283
102625,-0.64122143,-0.905293785,0,1,0,1.512461614
102626,0.565369342,1.472125718,0,1,0,4.802107038
102627,0.01132079,-0.154788945,0,1,0,2.930216882
102628,-1.479145977,-1.330695794,0,0,1,5.127332114
102629,0.004358517,1.432518846,0,1,0,5.053290312
102630,-0.492613717,-0.581063848,0,0,0,1.623504088
102631,-1.091536779,-1.273170594,0,0,0,-0.742398254
102632,0.955086031,-0.253030805,0,1,0,4.030145686
102633,0.821210582,-1.841185811,1,1,1,4.20778761
102634,-0.358702745,1.504128674,1,1,1,6.631005216
102635,-1.162004961,-1.024868208,1,0,0,0.864228063
102636,-0.126812652,-0.00866453,0,1,1,5.321364158
102637,0.288198454,-0.118904933,0,0,1,5.436013507
102638,0.057706362,0.007953617,0,1,0,2.708411549
102639,-0.918402661,-0.445241436,1,1,0,1.683125127
102640,-1.341504814,0.187076505,1,0,0,2.646084205
102641,-0.886069228,0.539031181,0,1,1,6.131218419
102642,0.523505059,-2.104608404,0,0,0,1.439281036
102643,0.834642948,0.679722952,1,1,0,5.496678538
102644,0.107699547,-2.193048142,0,1,1,1.845624507
102645,-1.875154832,0.794940943,0,0,0,2.471105783
102646,-0.514104275,0.291403153,0,1,1,6.274828895
102647,-2.827964685,0.478010635,0,0,0,0.338366111
102648,-0.736536398,-0.76716275,0,1,0,1.180342755
102649,0.975267569,-0.36277239,0,0,0,3.144337053
102650,0.354360101,-0.855132332,0,1,1,5.141370822
102651,1.945883918,-0.81135713,0,1,1,10.11992239
102652,0.789458851,-0.528355757,0,0,1,6.405819807
102653,0.148222874,-0.200911493,0,0,1,5.776002172
102654,-0.259727256,-0.311930672,0,0,0,2.309848447
102655,-0.907823567,0.387913469,0,1,1,7.122663506
102656,0.222857907,-0.06438066,1,0,0,3.57861019
102657,1.317111463,0.829218022,0,0,0,5.029450634
102658,-0.703416276,0.123940675,0,1,0,3.044518729
102659,1.051125851,-0.127610526,0,0,0,5.132562774
102660,0.015521887,-0.402185633,0,0,0,2.263789554
102661,-0.47741222,0.868462831,1,0,1,6.181506772
102662,0.219680772,0.632297214,0,1,1,7.117942403
102663,0.160822745,-0.464742509,0,1,1,5.630480627
102664,-1.057474377,-0.344343645,0,1,0,0.995391325
102665,0.557318025,0.438744761,0,0,1,6.883782688
102666,-1.601962691,1.80427412,0,1,1,7.232389166
102667,-0.639402991,-0.090475941,1,1,0,2.422006672
102668,0.211822797,1.6675077,0,1,1,7.595458495
102669,-0.837759177,-0.812949117,0,0,0,0.845570774
102670,-0.986809846,0.223824267,0,1,1,5.415141694
102671,0.560246012,0.172630434,0,0,0,3.679391281
102672,1.847890335,-0.338710899,0,1,1,10.03390096
102673,0.212247394,-1.779904563,0,1,0,1.288890477
102674,-2.374022904,0.520986094,1,1,1,8.281279924
102675,0.523597151,-1.156339473,0,0,1,5.14729843
102676,-0.064474089,0.603434511,1,0,0,3.660832075
102677,-0.309947241,-0.819711959,0,0,1,5.365265618
102678,-0.073158219,1.993828785,0,1,1,6.835310532
102679,0.809184709,-0.439316987,1,0,1,7.386032642
102680,0.89504449,0.270432608,0,1,1,6.810052702
102681,0.076602915,0.337068774,0,1,0,3.297057356
102682,0.341856081,-1.313971317,0,0,0,1.772431133
102683,0.259708122,-0.348875886,0,1,0,2.982576928
102684,-0.048032706,-0.930518147,0,0,0,2.811502395
102685,0.389671813,0.20063175,0,0,0,3.156565121
102686,-0.028801674,0.26660854,1,0,0,3.431152383
102687,0.355233139,0.922638814,0,0,0,4.196652259
102688,-1.442430605,1.677083787,0,1,1,7.643032568
102689,0.066932617,-0.381556169,1,1,1,5.747147864
102690,0.893458417,-0.059508497,0,1,1,8.420278012
102691,1.661330951,0.206860347,0,0,0,5.850787219
102692,0.978831042,0.038817565,1,0,1,8.827778908
102693,-0.333245014,0.69663041,0,1,0,4.019664858
102694,1.501160108,1.217587604,0,1,1,10.49928179
102695,0.656824328,0.849338622,1,1,1,7.732486362
102696,1.028980434,1.034400455,0,1,1,8.321592435
102697,1.127796817,-1.964274087,0,0,1,4.728296692
102698,-0.679946306,0.787335408,1,0,1,6.632159518
102699,0.732800466,-1.995078584,1,1,0,1.19226101
102700,-0.254571592,-1.592876345,1,0,0,1.654233529
102701,-1.27643434,0.054507988,0,1,1,6.835327139
102702,-0.635039328,-0.490176178,1,0,0,1.967119612
102703,-0.433895614,0.24401058,0,1,0,3.623011658
102704,0.821709899,-0.949209922,0,1,1,6.553022243
102705,-0.173985792,0.293159276,1,0,0,3.4477757
102706,-0.299721876,0.735376652,0,1,1,6.442275348
102707,0.040957886,1.197850927,0,0,1,7.06996527
102708,-1.067120177,2.492505085,0,1,1,6.887273163
102709,-0.604801827,1.401635804,0,0,0,3.39897337
102710,1.141026841,1.687577637,0,1,1,8.446362921
102711,0.795933585,-0.700303556,1,1,0,3.484081741
102712,-2.961064295,-0.743272225,1,0,0,-1.816973844
102713,1.079453159,0.235824805,0,0,1,8.906670054
102714,-1.025614712,-1.216288206,1,1,0,0.326813404
102715,-1.165411965,-0.477567076,0,1,1,5.891158951
102716,-0.151707251,1.530529382,1,0,0,4.344794265
102717,0.285828326,-0.590315461,0,0,1,5.171148726
102718,0.378210126,-0.796183764,1,0,0,2.732031501
102719,1.501130351,-1.505032408,0,1,0,3.495756755
102720,0.588669865,-1.349874822,0,1,1,4.594474872
102721,-0.421660815,0.644299231,1,0,0,2.94389916
102722,0.444940624,-0.212247171,0,0,1,6.280861628
102723,0.097881442,-1.550751891,0,0,0,0.716941458
102724,-1.506355304,0.545485126,0,1,1,6.391440268
102725,1.781044956,0.832227124,0,1,0,6.13178011
102726,0.252960165,0.99888402,1,1,1,6.62139756
102727,0.142778331,0.904800921,0,0,0,3.930240245
102728,0.399442275,0.121126018,0,0,1,7.28960436
102729,-1.577156104,0.369224305,1,1,1,7.617405455
102730,0.359693539,0.768978859,0,1,0,3.271292184
102731,-0.125225855,0.328295169,0,1,1,5.785016525
102732,-0.506923554,1.570895111,0,1,1,6.799343202
102733,-0.50935606,-0.568961673,0,0,0,2.820359078
102734,0.047977194,-1.672765008,1,1,1,2.929611642
102735,-0.877079302,-1.611124627,0,0,1,3.029455136
102736,1.654449579,0.409613524,1,1,1,12.28183479
102737,-0.537408634,-0.975982218,0,0,1,5.235587845
102738,2.078145563,-1.619232915,1,1,0,2.945163507
102739,0.01500548,1.324008925,0,1,1,6.107252115
102740,-0.626807284,-0.99271973,0,1,0,0.740969549
102741,-1.316889881,0.834585373,0,0,1,7.063346632
102742,-0.711493111,-0.957888958,1,0,1,3.518287834
102743,-1.747857111,-0.658342616,0,1,0,0.390192401
102744,0.79433397,0.617809067,0,1,0,4.245801045
102745,-0.051150594,-0.578571179,0,0,0,2.715913101
102746,-0.718898509,-1.488660854,0,0,0,1.999139837
102747,0.36199028,0.108121499,1,1,0,3.912879598
102748,-0.094457778,0.300310953,1,1,0,3.2564691
102749,0.777138942,0.589859379,0,0,1,8.11404707
102750,-1.986713588,-0.339859023,0,1,1,8.000323884
102751,0.301224604,-0.064948604,1,1,0,3.564041331
102752,-0.606402967,-0.228661343,0,0,0,1.899256371
102753,1.776112154,1.330246875,0,1,1,11.4386641
102754,0.080380568,-0.394105284,0,1,0,3.115772314
102755,0.518708165,0.937208533,0,0,1,7.653298446
102756,0.352979106,-1.064159235,0,1,1,5.237650121
102757,0.052971025,0.16078537,0,1,0,4.014094094
102758,-1.095001421,0.151155997,0,1,1,6.45650834
102759,0.61913951,0.558608461,0,1,1,7.437896338
102760,1.338158248,-1.340014069,0,0,1,6.837927906
102761,0.250375375,-0.495614341,0,1,0,2.494076921
102762,0.862692945,1.020465776,0,1,1,7.904994784
102763,-1.337084634,-0.358362998,0,1,1,6.217405474
102764,-0.973820837,-0.096751413,0,0,1,5.325477719
102765,-0.053941832,1.306079034,1,1,1,6.054471986
102766,0.494630047,1.054152789,0,1,0,4.683597399
102767,0.959275657,-1.054684356,0,1,0,3.620674715
102768,0.051395264,0.951392284,1,1,1,6.465277084
102769,1.388102969,0.751830851,1,1,1,9.416160815
102770,-1.714332787,0.445251579,0,1,0,1.346850022
102771,-0.064451134,0.705784324,0,0,0,3.700278725
102772,-0.702263998,0.089143019,0,1,0,2.348680743
102773,-0.315254616,1.276792171,0,1,1,6.762984921
102774,0.615703325,-0.248609765,1,0,0,3.720957436
102775,-0.62198016,-0.424057978,0,0,0,2.335852812
102776,1.677309591,-0.196244476,1,1,0,3.958399746
102777,2.026776529,0.181402015,0,1,0,6.003859981
102778,-1.152292673,1.131057365,0,1,1,6.585635422
102779,-2.051752343,0.105170615,0,0,1,8.875516768
102780,2.33315465,1.688589726,1,1,0,6.828839993
102781,1.425992735,0.96070118,1,0,0,5.429117531
102782,1.208109347,-0.829983442,0,1,1,7.512320151
102783,0.805969538,0.383004,0,0,0,5.004517988
102784,1.370917161,1.663824118,0,1,1,9.878190613
102785,-0.451019139,-1.449790277,1,1,0,0.950653251
102786,0.04370139,1.507181484,0,0,1,6.4875973
102787,-1.429443797,-0.2221443,0,0,1,6.136617985
102788,-1.952541075,-0.666542648,0,1,1,7.1397059
102789,0.37088306,-0.036990413,0,0,1,6.504926656
102790,-0.840725101,1.489331759,0,0,1,5.91276118
102791,-0.417038829,-1.905801262,1,1,0,-0.117239766
102792,1.946527876,1.068591522,0,1,0,5.64095805
102793,0.312548046,-0.964677289,0,1,0,2.083165952
102794,-1.060273157,0.12548951,1,0,1,6.395317259
102795,0.151160663,-1.436432811,0,0,0,1.809733356
102796,-0.99782254,0.484846901,0,0,0,3.168721644
102797,-1.260396336,1.103121771,0,0,1,6.539576947
102798,-0.386120563,1.140849712,0,1,1,6.168298848
102799,-0.57137758,0.675584718,0,1,1,6.056470656
102800,0.244924889,1.69164496,1,1,0,5.03327566
102801,-0.650884256,2.079573298,0,0,1,5.648789987
102802,1.445296994,-0.668053583,0,0,0,4.00337792
102803,-0.581200948,0.362010438,0,1,1,5.109193529
102804,0.76314311,-0.970706458,0,0,1,6.232912654
102805,-1.224375467,-1.735098228,0,0,1,3.624961783
102806,1.529335396,-0.020210667,0,1,0,3.794858759
102807,-1.765477349,-0.279694669,0,0,0,1.216319842
102808,0.818150773,0.402709398,0,0,1,7.405045083
102809,1.893465003,0.202775841,0,1,0,5.434195066
102810,-0.298223512,0.291790583,1,0,0,3.424813135
102811,1.525199804,0.659044835,0,0,0,4.891429111
102812,-0.126045487,-1.051738556,0,0,1,4.924119875
102813,-0.148832985,-1.306194455,1,1,0,2.177784513
102814,0.419641252,0.410196554,0,1,0,4.284283676
102815,-0.991180594,-0.795118161,0,1,0,1.996864643
102816,0.833016043,-0.042526853,0,0,1,6.902549166
102817,0.544474359,-0.593581773,1,1,0,2.605096738
102818,-0.800717337,-0.296912208,1,1,0,1.788503162
102819,-1.177969375,-0.576543766,0,1,0,0.831998289
102820,0.94950027,-0.636771408,0,0,1,6.448523769
102821,1.571823949,0.947236328,0,1,1,10.3453794
102822,0.888537745,0.343879284,0,1,1,8.708100929
102823,-0.711316288,-1.092998202,0,1,0,0.755739009
102824,-1.14014541,0.203849152,0,0,1,7.257635975
102825,2.401261412,0.475032238,0,1,1,14.39050602
102826,1.501981545,-0.14977053,0,0,1,9.817923923
102827,-0.578431838,0.797964839,0,1,0,4.061907834
102828,-0.49273965,-0.290779576,0,1,0,3.13899432
102829,0.097313531,-1.074364235,0,1,1,5.191665375
102830,0.255447884,-0.13884075,1,1,0,3.352328305
102831,-1.303065493,0.043899933,0,0,1,7.084190175
102832,0.713922244,-0.808219785,0,0,1,5.898625264
102833,2.312506804,-1.268142807,1,1,0,2.849674552
102834,-0.870661818,0.586068243,1,1,0,2.74193801
102835,0.061645647,-0.964902328,0,1,0,2.337293897
102836,0.710721182,-1.161990591,0,1,1,5.095777406
102837,0.756526835,1.226429673,1,1,0,5.239972353
102838,0.651029418,0.193114633,0,0,1,6.89458631
102839,-0.655389623,-0.937854001,1,0,1,3.931594224
102840,0.754250157,0.770231572,1,1,1,8.261000851
102841,-0.578177453,0.200395615,1,0,0,2.580663584
102842,2.049064054,-0.396646552,0,1,0,3.319736575
102843,0.430802642,0.380609281,0,1,1,6.799274273
102844,0.674573893,1.748508398,0,1,0,4.953481011
102845,1.252048282,-0.842629995,1,1,1,8.288402542
102846,0.223825694,-2.192571494,0,0,1,2.892954396
102847,-0.357595678,-1.914968757,0,0,1,2.696717379
102848,-1.362027341,0.317873976,1,1,1,7.013210052
102849,2.2030885,0.477481301,1,0,1,13.20701668
102850,1.767492611,-2.205739403,1,1,1,7.689899239
102851,-1.178457088,-0.801016173,0,1,0,1.427040107
102852,-0.730578956,0.984417282,0,1,0,3.286128191
102853,-1.055938394,-0.938682716,1,1,1,4.398648118
102854,-0.701183705,-2.246002733,0,1,1,2.403962548
102855,-0.446917191,0.399804145,0,1,0,3.067384657
102856,-0.26228243,0.017519333,0,0,1,5.858840705
102857,0.180996872,-0.516473444,0,1,1,5.138743793
102858,-0.432268797,-0.241392133,0,1,1,4.432505688
102859,0.106679724,-0.530360081,0,0,1,6.053169787
102860,-1.218721203,0.325586001,0,1,1,6.880912808
102861,-1.623028474,-0.716440968,0,1,1,6.930813904
102862,-0.479050482,-0.963574048,0,0,0,1.103063994
102863,-0.834812951,0.556793525,0,1,1,6.408998443
102864,1.732150662,-1.579171906,0,0,0,2.596186377
102865,-0.432398083,0.079603679,0,0,1,6.395427942
102866,0.096360328,-1.661962574,0,1,0,1.121128503
102867,0.095307559,0.000724751,0,1,0,3.231666981
102868,0.504853352,-1.171352539,0,1,0,2.052284136
102869,-0.054803493,-0.877285216,0,1,1,5.009583417
102870,0.281271208,1.676160827,0,1,1,6.932404523
102871,0.806819809,-0.472327104,0,0,0,4.468933046
102872,0.257258555,0.183679327,0,1,1,6.559250702
102873,-1.318762651,2.142245941,0,1,1,6.621930164
102874,0.582851029,0.984763382,0,1,1,7.625442445
102875,-0.793282959,-1.235614151,1,1,0,1.912468841
102876,-0.518357969,0.098445218,0,0,1,6.444910201
102877,-0.17489591,-1.035259378,0,1,1,3.863680732
102878,0.747844987,-0.591976272,0,0,1,6.207150932
102879,1.415412592,-0.193568018,0,1,0,4.314150114
102880,-0.358254969,-0.174782867,0,0,1,6.358809033
102881,-0.104569878,0.289980161,0,1,1,6.473007156
102882,-1.156208521,1.860163367,1,1,0,3.693481862
102883,0.769152932,1.333513842,0,0,1,7.410543408
102884,-1.213405123,0.40684426,0,1,1,6.516071918
102885,0.944551964,1.482518223,1,0,1,9.362559087
102886,-1.745054541,-0.891877317,1,1,1,6.686895863
102887,-0.348053067,0.358745935,0,0,0,2.115258734
102888,-1.13216593,1.225736641,1,1,1,6.187561634
102889,-1.006935678,-1.955688693,0,1,0,0.016553036
102890,0.153764611,-0.449620455,0,1,0,3.487199182
102891,0.060993889,-0.142706028,0,1,1,6.038701329
102892,1.395138301,0.666612378,0,1,1,9.97670535
102893,-0.101209474,-1.347034002,0,1,1,3.573027354
102894,-0.45426052,-0.466633306,1,1,0,2.05457139
102895,-1.526293923,0.781407509,1,1,0,1.158146284
102896,-1.387989682,-1.393080225,1,1,0,0.567562101
102897,-0.747972765,-1.150258495,0,1,0,0.884805906
102898,-0.399978666,-1.433189172,1,1,1,4.117134157
102899,-0.370110379,-0.284351575,1,1,0,2.483834769
102900,0.373887865,0.263029569,0,1,1,6.881057764
102901,-0.224078955,0.338839772,1,1,0,3.585906952
102902,-0.271527567,1.365530914,0,1,0,4.055418333
102903,-0.737373807,-0.566815344,1,0,1,5.547715013
102904,0.000736587,-0.763064349,1,0,1,5.048388092
102905,1.285175329,0.625333987,0,1,1,9.08316288
102906,0.693061292,0.528239914,1,0,0,4.060519577
102907,0.719438866,-0.705876363,0,0,1,6.532934443
102908,0.500618469,-1.076968418,0,1,1,5.244622476
102909,-0.942342963,0.377109164,1,0,0,2.100653557
102910,-0.047881269,0.253365441,0,0,0,2.690617466
102911,-0.573032275,-0.743084146,0,1,0,1.775988605
102912,-0.357956619,0.060272187,0,1,1,6.873646735
102913,-0.339370013,0.828817247,1,0,1,7.102970538
102914,-0.319450793,-1.600303696,0,1,0,0.914339224
102915,0.429607605,1.163269305,0,1,1,6.590585469
102916,0.459040992,0.851635672,1,0,0,3.093726414
102917,-0.841791981,0.332520384,0,1,0,2.554309705
102918,0.580208835,-0.050076253,0,1,0,3.151348043
102919,-1.246379684,0.110867909,0,1,0,1.819266531
102920,1.370610752,-0.49497647,0,1,0,2.241227898
102921,2.137186894,-0.180698228,0,1,0,5.735287455
102922,0.367929545,-1.013913266,0,1,1,5.516942322
102923,-2.167642461,0.909864717,1,0,1,9.389157638
102924,0.607022408,-2.875674423,0,0,0,0.424571718
102925,-0.228107278,-0.4109212,0,0,0,3.03217971
102926,0.886803654,0.70125535,0,0,1,7.331405762
102927,-0.964861926,0.973287348,0,1,0,2.816780132
102928,-0.038078925,0.103373611,1,1,0,2.990828473
102929,0.456923665,0.861027248,0,1,0,4.933166014
102930,-1.759137995,-0.907572953,0,0,1,6.752648544
102931,-1.369781763,0.550147042,1,0,0,2.636402252
102932,2.251642273,-1.109194531,0,0,0,4.388638871
102933,-0.831964501,0.722939034,0,0,0,3.015377183
102934,1.162265362,0.523993267,0,1,0,4.378007291
102935,0.314776112,-1.452509696,0,1,1,3.616364552
102936,-0.330397335,-0.077056022,0,1,1,4.377199555
102937,1.740559396,-0.116198515,0,1,0,4.835532289
102938,-0.110311393,-0.216730436,0,0,0,2.639655174
102939,-1.070843353,2.027467631,0,1,1,7.066227402
102940,-0.833264201,-0.933197151,0,1,1,4.494507689
102941,0.330582053,-0.896513352,0,1,1,5.152336948
102942,0.413528842,1.421296073,1,1,1,7.097753936
102943,-1.198929294,-0.35928533,1,1,0,1.187506343
102944,-0.500156693,0.283906665,0,0,1,6.390287462
102945,0.784438332,-1.015577493,0,1,0,2.06905764
102946,0.041322805,-0.558556018,0,0,1,4.664665119
102947,0.322341691,-0.978939141,1,1,0,2.777404978
102948,-0.129741153,0.720690429,0,1,1,6.225889728
102949,-0.050921521,0.709783823,0,1,1,6.398657914
102950,-0.182311176,0.838910102,1,0,0,3.452352249
102951,-1.097446902,-0.941758988,0,0,0,0.786456088
102952,1.670939303,0.0677913,0,1,0,4.164773964
102953,1.630785368,1.38337339,0,0,1,10.81833307
102954,0.284929976,-1.074822406,1,1,1,4.455687915
102955,0.661288651,-0.654755482,0,0,0,2.815168668
102956,-0.602146305,-0.928709664,0,1,1,3.654372088
102957,-0.2664283,-0.175542555,0,0,0,2.30095375
102958,-0.661830463,-1.476075036,0,0,0,0.269275015
102959,-0.1238049,-1.355718091,0,1,1,3.661524407
102960,0.518580834,-0.744949976,1,1,1,5.413364778
102961,-1.826256268,-1.256076282,1,1,0,-0.187123654
102962,0.014385069,0.377809641,0,0,0,3.27852129
102963,0.286743114,-1.20952421,0,0,0,1.944160628
102964,0.917635531,1.0630591,0,1,1,8.971725908
102965,0.856340146,0.801329772,1,1,1,7.903129735
102966,0.130741317,0.632480849,1,1,1,7.175766653
102967,1.417581496,0.158592519,0,0,0,4.226366669
102968,-0.226091221,-0.704689349,1,1,0,1.157614722
102969,-1.311199783,1.748710085,0,1,1,7.256466995
102970,0.329207171,1.718247008,0,1,0,4.795664113
102971,0.830544104,0.701342246,0,0,1,8.015807602
102972,1.715576761,0.053927526,0,0,1,10.9027814
102973,-0.426462064,-1.101596174,0,1,1,4.823493734
102974,-0.811431848,-1.187716182,0,1,0,0.891961358
102975,-0.226893627,-1.524199334,0,1,1,3.420368428
102976,-1.630936812,-1.94351945,0,1,0,-0.512884992
102977,-0.665635614,-0.243230529,1,0,1,5.730502372
102978,-1.961922282,-0.576983977,1,1,1,7.460028883
102979,1.504185341,1.326690042,0,0,1,10.25849918
102980,0.148416865,-0.492737465,0,1,1,5.857432108
102981,-1.017595046,-0.151427773,0,0,0,3.001471108
102982,-0.090990346,0.888541405,0,0,1,7.323357573
102983,0.507923591,0.109469537,0,1,0,4.379602886
102984,-0.05397601,-0.885382738,0,1,1,4.703261303
102985,-2.393572273,0.650452262,0,1,0,0.550699609
102986,-0.666052858,0.907950756,0,1,1,6.04314075
102987,-0.319643135,-0.183238395,0,0,0,2.738878909
102988,-0.765201128,1.26472952,0,0,0,4.520871773
102989,0.11136722,-1.177299535,0,1,0,2.04817649
102990,-0.518247937,-1.523628124,0,0,0,1.163334808
102991,-0.0248999,-1.39014315,1,0,0,1.981731012
102992,-1.522151212,2.027248588,1,0,0,2.90032056
102993,2.109664455,-0.036863528,0,0,1,12.47279852
102994,1.185044934,-0.536169287,0,1,1,7.495648617
102995,-0.607225589,0.557982067,0,0,1,6.049657976
102996,0.726725882,-0.106858307,0,0,0,3.013431067
102997,1.289169701,1.457772781,0,1,1,8.718028683
102998,0.977218453,-0.021511096,0,1,0,3.963010767
102999,1.709793071,1.32491703,0,1,0,5.876934539
103000,-0.450762793,0.240772789,0,1,1,6.243492305
103001,0.226906725,-2.398553577,0,0,1,1.748138692
103002,-0.447858006,0.197384425,1,1,1,5.02329116
103003,0.627365125,1.105428957,1,0,0,4.880286287
103004,0.425546014,-1.060560227,1,0,1,5.164036013
103005,-0.150570938,1.828937272,0,0,0,4.979990433
103006,1.467225266,-0.32131232,0,0,1,8.740288331
103007,-0.100077703,0.700971924,1,1,0,4.034901581
103008,-0.943240676,0.101138866,0,1,0,1.562926212
103009,1.026002365,-1.007644943,0,0,0,3.257710672
103010,1.363758431,-0.067431344,0,1,0,4.081576367
103011,-0.536755555,-1.659354724,0,1,0,0.406484984
103012,0.37281352,0.333411406,0,1,1,6.732216712
103013,-1.26777409,-2.331495455,0,1,1,2.387356087
103014,-0.423334941,-1.495109021,0,1,0,0.860138337
103015,-1.94805897,-0.026144048,0,1,1,8.525157359
103016,-0.321722258,-0.882400076,0,1,0,0.914369279
103017,-1.041142384,0.305505624,0,1,1,6.444118119
103018,0.153726215,1.201433823,0,0,0,4.166688027
103019,-0.172936145,-1.994163888,0,1,1,1.745019324
103020,-0.705961646,-0.983882823,0,1,1,4.321486857
103021,-0.176449534,-1.368047945,0,0,1,4.009601804
103022,-1.389215236,-1.267384807,1,0,0,0.073748706
103023,-0.327111795,0.629294184,1,0,1,6.567179217
103024,-0.448645039,-0.388169009,0,0,0,2.936962925
103025,1.387705122,1.296186851,0,1,0,5.124380273
103026,-0.142060622,-0.850668587,0,1,0,2.3262284
103027,0.679057657,0.003437738,1,1,0,3.549129805
103028,1.339790908,0.303135216,0,0,1,9.131838208
103029,-0.677798662,-0.659085246,0,1,1,5.578047219
103030,0.866260569,-0.418396688,1,0,0,3.674780618
103031,-0.842257821,1.800702561,1,0,1,6.850871209
103032,-1.133498589,-1.30217392,0,1,1,4.824766311
103033,0.438088495,-0.479715438,0,1,1,6.012723477
103034,0.332589094,-0.328299981,0,0,0,2.540747772
103035,0.142937993,-0.054562756,0,0,0,2.584605701
103036,-0.583248933,0.754319549,0,1,1,6.1214624
103037,-0.293523098,0.104777575,0,1,1,5.819850004
103038,0.47242788,-0.677201366,0,0,1,6.125729072
103039,-0.042027441,1.01411368,1,1,1,5.850305787
103040,-0.081131633,0.466173906,0,1,0,3.200214366
103041,-0.18061185,0.435815425,1,1,1,5.881121872
103042,-0.53285496,0.024625009,1,0,1,6.986502171
103043,0.917390835,1.339308501,0,1,1,8.847880097
103044,-0.170376689,-0.068329124,0,1,0,2.756397984
103045,-0.085089476,0.76153772,0,0,0,4.216383637
103046,-1.898440247,1.252190321,0,1,1,8.142055357
103047,-1.226595593,-0.463168414,0,1,1,5.484099415
103048,0.960362484,-0.011600305,1,1,1,7.735478557
103049,0.044422678,0.169515339,0,1,0,3.408178653
103050,0.285820078,-0.241327286,0,0,1,5.518249228
103051,-0.143292906,1.157903114,0,1,1,5.674886409
103052,1.095178215,2.290400648,0,0,0,6.796249502
103053,1.496456951,0.683311654,0,1,1,10.59625835
103054,0.849507055,0.580912316,0,0,1,7.664394497
103055,0.17572547,-1.239908163,1,1,0,2.206624906
103056,0.325985197,-0.670242201,1,0,0,3.196690432
103057,0.479563747,0.934206111,0,1,1,7.676101405
103058,-1.540872277,0.874990438,0,0,1,7.882851642
103059,-0.199080032,0.919872657,0,1,0,2.628712641
103060,0.829023377,-0.927284914,0,0,0,3.332189465
103061,-0.417055973,0.452932119,1,1,0,2.017277171
103062,-1.42777622,-0.155642637,0,1,0,1.329865761
103063,1.414836514,0.935569641,0,0,1,10.05412941
103064,1.580547279,-0.552448062,0,1,1,9.126065565
103065,-0.721025904,0.482429094,1,1,1,6.359085423
103066,-0.568899945,-1.190993957,0,1,1,3.641293533
103067,1.316515742,0.991171436,0,1,1,10.58429501
103068,-0.189330996,0.507691734,0,1,1,6.817013089
103069,1.626978422,-0.759295196,0,0,1,10.00390049
103070,1.422477539,-1.067821642,0,1,1,8.499213603
103071,-1.131880571,0.183261039,0,0,0,1.408200287
103072,-0.47797347,-0.089799235,0,0,1,5.979853199
103073,-0.241552952,0.956085886,0,1,1,6.636403741
103074,-0.423794208,-1.249556742,0,1,1,4.05716207
103075,-0.107634903,2.402589612,1,0,1,7.331907787
103076,-1.143438779,0.158915454,0,1,1,6.399207791
103077,-1.271804008,-1.54889884,0,0,0,1.134827912
103078,-0.619423018,0.841004471,1,0,1,7.008593651
103079,1.37410821,0.100040366,1,0,0,4.437703343
103080,-0.154463051,0.515806807,0,1,0,3.004821693
103081,-0.59756358,-0.116880633,1,1,1,5.403330336
103082,0.716268129,-1.589726667,0,1,0,1.069603361
103083,-0.581779626,-0.181084856,0,1,1,5.661205708
103084,0.455508297,-1.617827022,1,0,1,4.179816369
103085,-1.816464256,-2.066875117,0,0,1,4.120938379
103086,-0.808254152,0.72649391,0,1,1,6.198581593
103087,0.450956374,0.887401664,0,1,0,4.745574985
103088,-0.168956144,-0.162873303,0,0,0,2.34262933
103089,-0.137027969,-0.480466796,1,1,0,2.28534798
103090,2.535290421,0.385321264,1,1,0,6.082433017
103091,-0.860302394,-0.212811951,0,1,0,1.70597238
103092,0.908061813,-1.930054689,0,1,0,1.755673396
103093,-0.265172326,1.111501021,1,1,1,7.663745692
103094,0.605421201,-0.454346124,0,0,0,3.158871387
103095,0.866107796,-0.105683052,1,0,1,7.377868817
103096,-0.979504192,-0.200727578,1,1,1,6.083757321
103097,1.324337832,0.450822396,1,0,1,9.772150213
103098,-0.023036582,-1.512721785,1,0,1,2.49843349
103099,-0.347050973,0.786476368,0,1,1,6.916006973
103100,0.90420517,-1.665075426,0,0,0,2.252066452
103101,-1.060011621,-0.256018533,0,0,0,1.122609369
103102,-0.370281125,0.629578314,1,0,0,2.633531014
103103,-1.56202996,-0.709809647,0,1,1,4.990525279
103104,0.828259402,0.919427348,0,0,0,4.924043724
103105,-1.453295263,0.608158301,0,0,1,7.673601008
103106,-1.417020874,0.605546211,0,1,0,1.501044186
103107,0.694215673,0.169566463,1,1,1,7.567757742
103108,-0.97593655,-1.986060251,1,1,0,0.134143696
103109,1.433556566,-1.468906729,1,1,0,4.384864401
103110,-0.669622984,-0.268908224,0,1,1,5.942691149
103111,0.032439295,0.532059527,1,0,0,2.858212209
103112,0.428603008,0.21245933,1,0,0,3.358288433
103113,-0.205369713,-0.909082604,0,1,1,4.877508342
103114,0.992768807,0.384456323,0,0,0,4.559981566
103115,0.711415668,-0.219320231,0,1,1,6.509833936
103116,0.726830946,-2.443507547,1,0,0,1.475821045
103117,1.078128806,-0.199829005,0,1,0,3.931011639
103118,-0.457432226,-0.533733077,1,1,0,2.274114381
103119,-0.638545677,0.016690314,1,0,0,2.393656267
103120,0.220704975,1.607196003,1,1,1,6.95238648
103121,0.035572385,-1.163328727,0,1,1,3.609846669
103122,2.261087791,-0.042279951,0,0,0,5.928813846
103123,-0.158114937,-0.536372868,0,0,0,2.855476809
103124,-1.399972173,1.222673824,1,1,1,6.555279895
103125,-1.193010978,1.008155354,0,1,1,6.630529548
103126,-0.285858065,0.580820178,0,0,0,3.611737756
103127,-0.305060474,0.32302075,0,1,0,2.762277058
103128,-0.009675586,0.033805659,0,1,1,6.161096902
103129,1.25328488,0.014433385,1,0,0,4.384887982
103130,-1.093265224,-1.5956247,0,1,1,2.491398652
103131,-0.569204885,0.644122684,1,1,1,7.018789361
103132,0.603648585,0.796785407,1,1,0,4.470412394
103133,0.41204152,0.387288973,0,0,1,6.233138169
103134,-0.750470802,0.570336984,0,1,1,6.694638777
103135,1.498322369,-0.125670904,1,1,1,9.758841426
103136,0.65872693,-0.57364981,0,1,1,6.491126351
103137,1.050073634,0.666834697,1,0,1,8.624410247
103138,0.13121225,-0.942472796,0,1,0,2.684609042
103139,0.352483296,1.65686034,0,0,1,6.579080379
103140,0.12788249,2.293413138,0,0,1,6.42609338
103141,-1.273588295,-0.743764078,1,0,1,5.522871708
103142,-0.691986641,0.016783027,1,1,0,2.527859099
103143,0.932679785,-0.527565916,0,1,0,4.390233043
103144,0.021115985,0.576666052,0,0,1,5.86663259
103145,0.143446111,0.07744035,1,1,0,4.252946252
103146,-0.063661244,1.437199806,0,1,1,6.840706354
103147,-0.783952819,1.55354311,1,1,1,6.307628991
103148,-0.581745388,0.671578241,1,1,0,2.943710434
103149,0.571821203,0.002521052,0,1,0,2.953086063
103150,0.057766203,0.461288351,1,0,0,3.72082288
103151,-0.19718795,-0.620464233,0,1,1,4.73956366
103152,1.134066175,-0.300881765,1,0,1,7.768218618
103153,0.061599199,-0.196350971,0,0,1,6.048476904
103154,0.290288635,0.736283055,1,1,0,4.02963331
103155,-0.702899064,-2.288356671,0,0,1,0.825985067
103156,2.19242801,-1.174617359,0,1,0,3.577186653
103157,0.251363717,-0.936189271,0,1,1,5.403415179
103158,-0.046364313,-1.820507749,0,0,1,2.953520658
103159,2.025254315,-0.199947659,1,1,0,4.924084589
103160,-0.133050886,0.820497024,0,1,1,6.188490579
103161,-0.696753139,-1.707978745,0,0,0,0.325212378
103162,1.346855979,-2.045883566,1,1,1,6.037575538
103163,0.234028479,-1.476524132,0,0,1,3.921606949
103164,0.39136689,0.604009644,0,1,0,4.143171065
103165,-0.162673816,-0.563023735,0,1,0,1.443947983
103166,-0.782559305,-0.023670032,0,1,1,5.170695493
103167,-0.421824854,-0.945854132,0,1,0,2.531655865
103168,-0.291105861,-0.43703241,0,0,1,5.269090187
103169,2.771187337,-0.343807689,0,0,0,5.591910963
103170,-0.513351334,0.68905946,1,1,1,6.177315205
103171,1.904568417,-0.829443643,0,1,0,4.629945218
103172,-0.162373621,-0.694364131,0,1,1,4.932834566
103173,1.222070517,0.730668527,0,1,0,4.797169482
103174,0.653111203,-0.827357778,0,1,1,6.671455329
103175,0.114840833,1.107028614,1,1,0,4.054095917
103176,1.59278784,-0.282327378,0,1,1,8.999545428
103177,0.569268371,1.032240231,0,0,1,8.271400522
103178,0.286374233,1.133346153,0,1,1,6.591614687
103179,-1.935136386,0.627373761,1,0,1,7.70341948
103180,0.073641726,0.818965881,0,0,1,6.991855847
103181,2.177845291,0.777367806,0,0,1,13.51357314
103182,-1.604088247,-0.998649431,0,0,1,6.243174986
103183,0.728782678,0.777554234,0,1,1,7.810778338
103184,1.738579458,0.915294645,0,1,1,11.24044475
103185,-0.933431721,2.270125489,1,0,0,4.695388954
103186,-0.321364842,0.290571101,0,1,0,2.736872091
103187,-0.665290527,0.744127092,1,1,0,3.136654815
103188,1.548547266,1.457465305,0,0,1,9.880541568
103189,0.064585248,0.001315127,0,1,1,5.620371456
103190,0.776463463,-0.231114897,1,1,1,7.154321017
103191,1.035978398,1.368845634,0,1,0,5.373032388
103192,0.392506184,-0.521409273,1,1,1,5.621508892
103193,-0.036355683,1.393158974,0,1,0,4.570897743
103194,2.996197696,0.819880707,0,0,1,18.87241376
103195,-0.574320355,-0.68276853,0,0,0,2.446612488
103196,0.061145835,0.94690238,0,1,1,6.785257178
103197,-1.276166388,0.156402901,0,0,0,1.425000128
103198,0.657036078,0.811611173,1,1,1,7.421308424
103199,0.101844432,-1.422024558,0,1,0,2.103636442
103200,1.518728694,1.450184211,0,1,0,5.435213028
103201,0.188934009,-0.401950639,1,1,1,6.874703118
103202,-0.158233261,-0.275159632,1,1,0,1.660128512
103203,0.216255004,0.421057269,0,1,1,7.127614714
103204,-1.269302386,-1.525543093,1,0,1,4.491297855
103205,-0.239876665,0.158636689,0,1,0,3.841314532
103206,-1.346982304,0.308908074,0,0,0,1.831074367
103207,1.087296963,-0.47878154,0,0,1,7.210872752
103208,0.982556747,-0.84457064,0,1,0,3.193915213
103209,0.468981832,-1.086813737,1,1,1,4.47820049
103210,-0.196720457,-1.226394678,0,0,1,3.565295273
103211,-0.066913421,0.557930643,1,0,1,5.922724515
103212,1.346897876,-0.779250086,0,1,1,8.510828033
103213,-0.417115233,-1.771649986,0,1,1,3.228292037
103214,0.584698076,-0.895001914,0,0,1,5.815607926
103215,-0.874727952,-0.128671631,0,1,0,1.841989123
103216,1.215389314,-0.91945472,0,0,0,2.355095663
103217,1.149931219,0.739624109,0,0,0,4.595680207
103218,0.043981463,0.898798559,1,1,0,4.478508701
103219,-0.035660597,-1.134131191,0,0,0,0.932620595
103220,0.01123571,-0.146215455,0,1,0,2.089802802
103221,-1.152987796,1.033803425,0,1,0,3.760950763
103222,-0.782556201,-1.591903814,0,1,1,2.749292091
103223,-0.899156592,0.387611114,0,1,0,3.313939244
103224,1.120607859,0.267486301,1,0,1,8.797280181
103225,0.162495604,2.27838983,1,0,1,6.984051417
103226,-0.894682207,-0.547992293,0,0,1,5.993007423
103227,-0.274771281,-1.141851191,0,1,1,4.434664175
103228,-0.612585226,1.781820385,0,1,0,4.557531375
103229,-0.14047142,0.347406886,1,1,0,3.283854831
103230,-1.013725018,-0.171014808,0,0,1,5.575273297
103231,1.192739825,-0.549252658,1,0,1,6.225760178
103232,1.844618943,0.404456734,1,1,1,11.26492082
103233,1.451269338,0.978475556,1,0,0,6.085720369
103234,0.776932417,0.504522785,0,1,0,4.758059838
103235,0.40266423,1.274000368,0,1,1,7.33984607
103236,-0.66549813,0.467287093,0,0,1,6.742568608
103237,-1.345956581,1.631271039,0,0,0,3.123021569
103238,0.815397903,0.534426018,0,1,1,7.412457184
103239,-0.531584468,-0.004800319,0,0,1,6.454134777
103240,0.467737543,-2.23807738,1,1,0,1.819632309
103241,0.508892181,-0.387535328,1,1,0,3.232150871
103242,1.368787596,0.778479379,1,1,0,5.411270754
103243,0.672820138,1.18637001,1,0,1,8.008016108
103244,0.887109291,2.30127732,1,0,1,9.126748673
103245,0.546718606,1.445335733,0,1,0,4.164639204
103246,1.635976808,-0.022853777,0,1,0,5.221986754
103247,1.033901917,0.658280831,0,1,1,8.667842166
103248,-0.207403565,1.021088126,1,1,1,6.164369957
103249,0.720608137,2.699145773,1,0,1,7.892267263
103250,0.837298717,0.999489718,0,1,1,8.056547377
103251,1.375188155,0.524683242,0,1,1,9.16984907
103252,0.230819394,0.127475388,1,1,1,6.713402552
103253,-1.441302513,-0.326728872,0,1,0,0.227017265
103254,1.735420611,0.746706573,0,0,1,11.23446772
103255,-0.1547303,1.339630614,0,1,1,6.327809857
103256,1.548166322,0.252796749,1,1,1,10.37888157
103257,2.466012868,0.280367391,0,1,1,14.11703133
103258,-0.203787178,0.331573757,1,0,1,6.209594806
103259,0.321330771,0.568488648,0,0,0,3.428267162
103260,0.078095936,1.068812722,0,1,0,3.497406089
103261,-1.108330245,0.208549215,0,0,0,2.183210286
103262,-0.132233734,0.499637201,0,0,0,4.475173295
103263,-1.981297328,0.466603612,0,0,1,8.753588366
103264,0.131482366,-1.583590338,0,0,1,3.120250022
103265,0.397267992,0.011803981,0,1,0,4.383166072
103266,1.42030111,0.223470663,1,1,0,5.12150584
103267,0.56781734,1.144556663,0,0,0,4.770034144
103268,0.664532999,-0.411711452,0,1,1,7.029640402
103269,0.8429579,0.157659462,0,1,0,3.949311568
103270,-0.414755317,0.302985386,1,1,0,2.778398676
103271,-1.3337973,-0.544006254,0,1,1,5.680142181
103272,-1.327179713,-0.036387851,1,0,1,6.406220325
103273,-1.315064594,0.341993454,1,1,0,2.823740288
103274,1.034904832,0.834141392,0,1,0,4.952286565
103275,-1.303037463,-1.387988601,0,0,1,5.262591152
103276,-0.614427532,-0.094846739,1,0,1,5.917202743
103277,-1.505482183,-0.672019368,0,1,0,0.844182275
103278,-0.667340984,-0.43106304,0,0,1,5.463448828
103279,-2.13852173,-1.456733908,1,0,0,-1.22976623
103280,-0.539955577,-0.816063344,0,1,0,0.953059208
103281,-0.180357111,-0.474266928,0,1,1,5.548743708
103282,0.104647068,-1.553919857,1,1,1,2.9062619
103283,-0.218507586,-1.582591395,0,0,1,3.406291286
103284,0.548051882,0.973426554,0,1,1,6.530972333
103285,-0.86551539,-0.11911478,1,1,1,5.07028078
103286,0.451234457,-0.347145338,0,1,1,5.664984926
103287,0.104609443,-0.815660009,0,0,1,4.304892394
103288,1.557434003,-0.097916933,1,0,1,9.275703878
103289,-0.304081385,0.750524788,1,1,0,3.781735439
103290,0.58521658,-1.635913187,0,0,0,1.706830525
103291,1.078948467,-0.226141073,0,1,1,8.507211918
103292,-1.820995656,-0.260331037,1,1,0,0.900923639
103293,-0.995461576,0.425525239,0,0,1,6.960861263
103294,0.818286234,0.003541991,1,1,0,3.343478171
103295,-0.605403358,-0.968461136,0,0,0,1.968455425
103296,0.421227058,-0.144416774,0,1,1,6.468586974
103297,-1.329801383,0.745521841,1,1,1,6.499216909
103298,-0.776652841,0.580448038,1,0,1,7.736833281
103299,-0.530108945,-0.706474444,0,1,1,3.643329185
103300,0.171268859,2.052561951,0,1,0,5.187115859
103301,0.435122954,-0.773492849,0,0,0,2.615569298
103302,0.813067385,-0.279205366,0,1,1,5.902349342
103303,1.472847551,-1.497892975,1,1,0,2.219666836
103304,1.670271846,0.686771384,1,1,0,5.607570327
103305,-0.909775597,-1.166602863,0,1,1,4.648726072
103306,0.962710447,-0.482873602,0,0,1,7.815936218
103307,-1.16640088,0.180698062,0,1,0,2.038229605
103308,0.530018928,0.511138374,0,1,0,4.116234559
103309,-1.162592977,-0.62280641,1,0,1,5.493169387
103310,0.11524085,-1.150278094,0,1,1,4.820249224
103311,-0.215208225,-0.00566809,1,1,1,5.909700647
103312,0.008148722,-1.955034392,1,1,1,3.08605867
103313,-0.473107305,-0.730805569,0,1,0,2.749101845
103314,-0.688677971,1.432168772,0,1,1,6.653808142
103315,0.465561598,-0.519187502,1,0,0,1.925153673
103316,1.35410762,1.455286609,1,1,0,6.564488639
103317,-0.165952293,-0.770655858,0,1,0,2.876415367
103318,0.544045662,-1.448334965,1,1,1,4.380756597
103319,0.158378598,-0.39853435,1,1,0,3.017209247
103320,-1.739175482,1.354293231,0,0,1,8.043893345
103321,-1.053135354,-2.344201741,1,0,1,1.933957755
103322,-0.272572773,-1.526226204,0,1,1,2.970984392
103323,1.647013393,-0.647557006,0,0,0,4.204819858
103324,2.12160189,-1.903428658,0,1,1,9.323479517
103325,2.197164714,-0.236138875,1,1,0,4.92088822
103326,-0.439808207,-0.190789373,0,0,0,2.292704031
103327,0.801540208,-0.929970772,0,1,0,3.021363401
103328,0.802654732,-0.698148497,1,0,1,6.488319814
103329,-0.688246415,-0.297281724,0,1,0,2.382346082
103330,0.683043947,-0.958417862,0,0,0,2.244823662
103331,1.891700511,-0.58496254,1,1,1,11.24727291
103332,2.17762617,-0.937509773,0,0,0,4.777670615
103333,2.338744783,1.043991837,0,0,0,6.621087527
103334,1.64977341,-1.367981,0,0,0,3.214600119
103335,-0.892976191,-0.98091741,0,1,0,1.274335574
103336,-0.054505969,0.706028441,0,1,0,2.992873317
103337,1.007100663,0.495958457,1,0,0,4.894588541
103338,0.615874182,1.432133914,0,0,0,4.393270701
103339,0.004434401,-0.430886326,0,1,0,2.570579333
103340,0.642759043,0.505944504,0,1,1,7.440839023
103341,-1.387337057,0.167396059,0,0,1,6.569964622
103342,2.541156538,0.060915515,0,0,0,5.948189465
103343,1.0503776,-0.193465043,0,1,0,3.308487533
103344,1.650694723,0.624326028,0,1,1,11.21767997
103345,-0.585586459,0.992470501,1,1,0,3.481775684
103346,1.875248684,0.625529639,0,1,0,5.666504969
103347,0.097811492,0.712332895,0,1,1,6.893502435
103348,0.303645902,0.892650419,0,1,0,4.475721298
103349,-0.31848078,-0.956336323,1,0,0,1.439890058
103350,1.103668353,2.243994009,1,1,1,8.377275868
103351,0.456854599,0.048917054,0,1,0,3.826131395
103352,2.922048387,1.134409229,0,1,1,18.17149616
103353,1.037418769,0.326811501,0,0,0,4.702265662
103354,-0.498777834,-0.363795437,0,1,1,5.753995577
103355,-0.194508396,-1.397104595,0,1,1,3.660170728
103356,-0.219599621,0.15089806,1,1,0,3.006647255
103357,-0.280165722,0.312567994,0,1,1,6.923330989
103358,-0.076818577,0.162959707,1,1,1,5.708635464
103359,-0.621186535,-0.316527663,0,1,0,1.825657669
103360,-0.003689767,-0.740482668,0,1,1,5.201244394
103361,-0.092487601,-0.616690882,1,1,1,5.053389487
103362,1.086375135,-0.243710463,1,1,0,4.445124311
103363,0.512119212,-0.564451939,0,1,1,5.703745068
103364,-0.21215141,-0.092880431,1,0,1,6.304698512
103365,-1.253400717,-1.65165359,0,1,1,3.68708998
103366,-1.354602907,0.686273599,0,1,0,2.577572557
103367,0.514566497,-0.283822968,0,0,1,6.626256589
103368,-1.715710394,0.738717009,0,0,1,7.834640038
103369,-0.592294966,0.248932512,0,0,0,1.496324687
103370,0.318561086,1.217126925,1,1,1,7.600438552
103371,0.022515441,-3.685499206,1,1,1,0.918413543
103372,0.624769588,-0.858510079,0,0,1,6.178990694
103373,-1.530659679,-0.948720174,0,1,1,5.763839442
103374,-2.275703804,0.73361239,1,1,0,1.114135754
103375,-1.144628904,0.787838656,1,0,0,2.500819652
103376,-0.128223587,-0.175396994,1,0,0,2.236074467
103377,0.610620891,-2.844820409,0,1,1,2.345153252
103378,0.65586581,0.187484255,0,1,1,7.486936598
103379,1.021953564,-0.436189186,1,0,1,7.527411569
103380,0.367259314,-0.80093842,0,0,1,4.723047148
103381,0.622113534,0.772297007,1,0,1,7.510091614
103382,-2.66202054,0.329745572,0,1,0,1.339857102
103383,-0.975743084,-0.208769649,0,0,0,2.025576382
103384,-0.24763265,0.206031889,1,1,1,6.393163084
103385,0.46001204,-0.26920334,0,1,0,3.503636723
103386,-0.602149495,-0.650098133,0,1,0,1.511020898
103387,-1.448208363,-1.876774693,1,0,0,-0.208170174
103388,1.251687461,-1.429521444,0,0,0,2.121240438
103389,1.594890884,-1.103204003,0,1,1,9.04698044
103390,0.673914171,1.1812126,1,1,0,4.64492836
103391,-0.406889733,-0.08414337,0,1,0,2.721297965
103392,0.204306001,0.1673448,1,0,1,5.793935407
103393,-0.752669584,-1.577709861,1,1,1,3.597670485
103394,0.256650385,0.395972833,0,0,0,4.101781585
103395,-0.68181867,1.200849065,0,1,1,5.597495885
103396,-0.555480026,0.767655388,1,1,0,3.796305453
103397,0.74152128,-1.650473087,1,1,0,2.707128832
103398,0.81736801,-2.385322917,0,1,0,1.071763742
103399,0.255382932,-0.781336575,0,1,0,2.288722003
103400,0.110929319,1.190551403,0,0,0,4.122235897
103401,0.561623275,0.571205992,0,0,0,4.206889736
103402,0.983507354,-0.480227422,1,1,1,7.37452081
103403,0.537996,0.135123807,0,1,1,6.020787684
103404,-0.477008078,0.322272975,0,1,1,5.973994483
103405,-0.760278859,0.588233817,0,1,1,6.489300781
103406,-1.353237771,1.367577555,1,1,1,5.855185342
103407,-0.36265381,0.454291219,0,0,1,6.344442621
103408,-0.438066397,-0.762632052,1,0,0,1.786745451
103409,-0.094299797,1.554249248,1,0,0,3.14265981
103410,0.030296951,-0.837444122,0,1,1,4.523446062
103411,-1.773144756,0.063701202,1,1,1,7.712002607
103412,0.116049246,-0.836285599,0,1,1,4.210501607
103413,0.577898287,0.201110724,1,0,0,3.598761654
103414,0.068840686,0.319244147,1,1,1,5.66250879
103415,-1.207186149,0.238704496,0,1,1,6.596375325
103416,-0.031506166,1.114347991,0,1,1,6.570929907
103417,-0.581034511,0.653109272,1,1,0,2.488298709
103418,-0.012957832,0.957185728,0,1,0,4.386272553
103419,2.480451729,0.308393454,0,0,1,14.24975723
103420,-0.567815917,0.176732493,0,1,1,5.775665499
103421,0.499990007,-0.518771144,0,1,1,5.485314613
103422,-0.246056078,-0.356238529,0,1,0,2.740175277
103423,1.477011243,0.061432084,1,1,0,5.080134234
103424,0.468778086,-1.052226443,0,0,1,5.426527778
103425,-1.276613214,-1.26394536,0,1,1,4.267949167
103426,0.22400355,-0.799829256,0,0,0,2.946867665
103427,-0.874484405,0.58999737,0,1,0,2.279595511
103428,0.977703007,-0.661150156,0,1,1,6.357764912
103429,-3.570242768,-1.369037719,1,1,0,-1.12610996
103430,-1.722809754,1.573432513,0,1,0,2.393352176
103431,-0.30695628,-1.114165269,0,0,1,4.606841442
103432,1.703863805,-1.343030973,0,1,0,3.24362646
103433,0.158589173,-0.834951554,0,1,0,2.27900411
103434,-1.482721409,-1.008148499,0,1,0,0.371437597
103435,1.160138359,-0.198891687,0,1,0,4.27236321
103436,0.834969874,-0.612779444,1,0,1,7.136456997
103437,-0.730574958,-0.419728932,0,0,1,5.144907533
103438,1.039296928,-0.607405127,0,1,0,2.860380898
103439,-0.939698392,-1.379486388,1,1,1,3.646573302
103440,-0.556594973,-1.439903381,0,1,1,4.02727575
103441,2.113892757,0.267381101,1,1,0,5.050406446
103442,-1.500102006,0.548318287,1,1,1,6.664617648
103443,-0.665822253,0.026075262,1,0,0,2.606999722
103444,-1.182061714,-0.216240783,1,1,1,6.279418705
103445,0.295464574,-0.298977323,1,0,1,6.506973481
103446,0.899521554,1.030233548,0,1,1,8.146729711
103447,1.524763001,-1.379939143,0,0,1,8.354856956
103448,0.235845368,1.558220498,1,0,1,7.091918398
103449,-0.534893913,1.178289459,0,1,1,6.398711076
103450,0.168030441,-0.887875754,0,1,1,4.979358004
103451,-0.525923492,0.229578978,1,0,0,3.22550166
103452,-0.560087075,1.115388816,0,1,0,3.329092994
103453,0.698765456,-0.385959658,0,1,1,5.803542968
103454,-1.34520417,0.09307752,1,0,1,6.375072438
103455,1.866309584,1.088594362,0,0,0,5.467880225
103456,1.008362845,0.784568986,0,0,1,8.404537437
103457,1.770398535,0.261415611,0,1,1,10.31824709
103458,1.926006657,0.219861918,0,1,0,5.248682811
103459,-0.295773433,1.539739618,0,0,1,5.730452036
103460,0.08513363,0.357409802,0,0,0,3.453137911
103461,0.297199697,0.694089243,1,1,0,4.90555105
103462,0.095798964,-1.142506519,0,1,0,2.043663027
103463,0.737079827,0.298669122,0,0,0,4.325421502
103464,-0.317183407,-0.805294171,0,1,1,4.243889064
103465,0.690477033,-0.922652675,0,1,1,5.611910558
103466,-0.588982213,-1.949201815,1,0,1,2.991263814
103467,-0.296713857,0.938196148,1,1,0,3.803524993
103468,0.010389386,-1.0511483,0,1,1,4.72019916
103469,1.66581672,0.532400862,1,1,1,10.71338613
103470,-0.737407001,0.320692163,0,0,1,6.41746297
103471,-0.257070606,-1.849624689,0,1,0,0.242287611
103472,0.520615163,-0.607411524,0,1,1,5.691722165
103473,1.707819175,1.24962828,0,0,1,11.29966783
103474,-0.989304567,-1.455624709,0,1,0,0.045322634
103475,-0.409878248,0.800616678,1,0,1,6.527409578
103476,0.661237068,1.661703919,0,0,1,7.15847326
103477,0.14630826,-1.440363396,0,1,1,4.58523945
103478,-0.337605924,-1.264824132,0,1,0,1.601249597
103479,1.032684644,0.520755937,0,0,0,5.128825918
103480,-0.588125467,-0.101867033,0,0,0,1.941644341
103481,1.362658132,1.358218464,0,1,0,5.366483665
103482,-0.202482381,-0.426889842,0,1,1,4.359224475
103483,0.993713041,-0.645431031,1,1,0,4.334496572
103484,-0.892552166,0.239368824,0,0,1,6.827274946
103485,-0.125745285,-0.458765993,0,1,0,1.737528446
103486,1.712590373,-0.123801586,1,1,0,4.452628579
103487,-0.24459916,-0.33330596,1,1,1,5.203934618
103488,0.132420865,-0.274771642,0,0,0,3.730238435
103489,0.032459357,-1.668710239,1,1,0,1.207245054
103490,-1.158266478,1.520035833,0,0,1,6.77429171
103491,1.05652127,1.156888923,0,0,1,9.050884354
103492,-0.124841829,-1.214386865,0,1,0,1.371600335
103493,0.96495438,0.877812561,0,0,0,5.607656479
103494,-0.815175028,2.770650414,0,1,1,6.894244103
103495,0.586737677,0.828828457,1,1,1,7.417274755
103496,-1.17653613,2.077878473,0,0,1,6.982123465
103497,0.153976591,0.573716908,0,1,0,2.807647147
103498,-0.09555256,0.461052751,0,0,1,6.572260206
103499,-1.417436194,0.875113086,1,1,1,8.209115173
103500,0.453499986,-1.563105006,1,0,0,2.342616257
103501,1.117848942,-0.005726553,0,1,0,4.03825997
103502,1.518393726,-0.733533475,1,1,0,2.75913094
103503,-1.7408125,0.268042984,1,0,0,0.269468236
103504,0.460980943,1.953340855,0,1,0,5.098773218
103505,-0.62609821,0.461009729,0,1,0,2.207763034
103506,1.063500087,0.240283956,0,0,1,8.69461063
103507,0.223686937,-1.346533595,0,0,0,2.0732251
103508,0.961191955,-0.023651548,1,1,0,4.098771693
103509,2.305166335,1.240239334,1,1,1,14.4767634
103510,-0.490040906,-0.601095334,0,0,0,2.045312089
103511,-1.281285734,-0.018768617,0,0,1,6.349031465
103512,1.037263945,0.49609536,1,1,0,3.309492419
103513,1.265908808,-0.595216426,0,1,1,7.091614111
103514,1.137412133,-0.057322797,0,1,1,8.094981545
103515,1.272696344,-1.507135135,0,0,1,6.457538054
103516,-0.690246832,-0.688872125,0,0,0,2.067681044
103517,0.793436665,-1.588258841,1,1,0,0.949152544
103518,-0.114977993,1.154235772,0,0,0,4.817486973
103519,0.725014149,0.034915775,1,0,0,4.063029856
103520,1.51333318,0.43078363,1,1,0,5.376678161
103521,0.275295324,-0.273757755,0,1,0,2.115576291
103522,1.81088766,1.611626238,0,1,0,6.373496774
103523,0.367247507,0.375502823,0,0,0,4.195685255
103524,0.208633032,0.062614152,1,1,1,6.080204412
103525,-0.137897742,0.526139915,0,0,1,6.494488504
103526,-0.731563477,-0.780806975,0,0,0,1.744317246
103527,-0.842089874,0.894616465,1,0,0,3.41034884
103528,-1.949794494,1.749969825,0,1,0,3.385317664
103529,-0.598555713,-1.214023209,1,1,0,1.904744262
103530,-0.045398847,-1.062186937,0,1,1,5.256807175
103531,-0.627528977,-0.470268062,0,0,1,5.097284616
103532,-0.089511548,-2.07757443,1,1,1,2.625974474
103533,0.417186082,-0.613219281,0,1,0,2.444345867
103534,-1.944722685,0.097351317,0,1,1,7.325117005
103535,1.843423483,-1.744945741,0,1,0,2.507956499
103536,-0.203680005,0.097196588,0,1,1,6.20512791
103537,1.329421205,-1.074957161,0,1,1,7.78800234
103538,1.006062165,-0.741014533,0,0,1,7.364896987
103539,0.80983827,1.076218912,0,0,1,8.603469163
103540,-0.405545242,-1.243592287,1,1,1,4.1009848
103541,0.307096838,0.12760113,0,0,1,6.261098728
103542,-1.180808204,0.363236036,0,0,1,6.58897832
103543,-0.070384451,-0.054266609,0,1,0,3.626976491
103544,0.094679698,-0.024072975,0,0,1,7.124122346
103545,-0.557498591,0.60426125,0,1,0,3.370267951
103546,-1.047760157,1.948520558,1,1,1,6.859113149
103547,-2.74121966,0.805572647,0,1,1,10.57964743
103548,0.868419899,-0.307623231,0,0,1,7.877299781
103549,-1.193759706,0.069537449,0,1,0,1.425131963
103550,-0.961684818,-0.3213372,0,0,1,6.371639526
103551,-0.889345179,0.981941099,1,0,0,3.2806755
103552,-0.072354584,1.157475539,0,1,0,4.549572484
103553,-0.049166535,-1.76892094,0,1,1,3.44919639
103554,0.168012326,1.393398281,0,1,1,6.281665623
103555,-0.126732108,-1.229705405,0,0,1,3.6638022
103556,-0.337559538,-1.127453866,0,1,1,4.195774991
103557,0.944682836,-1.144572912,0,1,1,5.326094317
103558,-0.995099835,-0.066222243,0,1,1,5.726894553
103559,1.260469664,-0.95942794,1,1,0,3.12736569
103560,-0.223976582,-0.458088384,0,0,1,5.218992076
103561,-0.366410423,-2.182980152,0,1,1,2.229518275
103562,-1.376573851,-0.818140241,1,1,1,5.363015768
103563,0.289706801,-0.572814638,1,1,0,2.990262397
103564,-1.559262046,-0.34714863,1,1,0,0.600934906
103565,0.313583156,1.562590885,0,0,1,6.175866936
103566,0.328556484,-0.98813738,0,1,1,4.894658715
103567,0.003767117,-0.291210905,0,1,0,2.598329555
103568,-1.437165302,0.035583916,0,1,1,7.743187826
103569,1.407505933,1.301441744,1,0,1,9.560107035
103570,-2.723051212,-0.174168817,0,1,1,10.21496179
103571,-0.4369394,-0.273023879,0,0,0,2.56416219
103572,0.092184882,-1.328629137,0,1,0,1.499809399
103573,-0.28011347,-0.263955608,0,0,1,5.547538579
103574,1.791801877,-1.286206658,0,1,1,8.869233676
103575,0.076227124,-1.816889549,0,1,1,2.733526339
103576,1.326492795,-0.396383056,0,1,0,3.437081673
103577,0.203906527,-0.325758374,1,0,0,3.229443209
103578,-1.39098416,0.228280335,0,0,0,2.082883617
103579,0.300930372,-0.953040365,0,1,1,4.825373399
103580,0.114889122,-0.147401449,0,0,0,3.102262211
103581,1.578084368,0.910316051,1,0,0,4.895871135
103582,0.805761886,0.231647713,0,1,0,4.177235467
103583,0.084132441,-0.546075375,1,0,1,5.894495525
103584,-0.954563862,0.990129461,0,1,1,7.013534881
103585,-1.129916146,-0.104178585,0,1,1,6.226612694
103586,-1.251535535,-0.300056888,0,1,0,2.04246825
103587,-0.48470214,0.612046761,0,1,1,7.441718713
103588,-1.185049484,-2.591967693,0,1,1,2.402259556
103589,0.374174639,0.984507494,0,0,1,6.625399122
103590,-0.591298668,0.073651361,0,0,0,2.947024273
103591,-0.25647201,-0.371955999,0,0,1,6.338802487
103592,0.594788269,0.508692564,0,0,0,4.258792267
103593,0.693653351,-0.006418673,0,1,1,7.211971859
103594,0.166511253,0.033997626,0,0,1,6.499435278
103595,0.337017896,-0.159934489,1,1,1,6.48876935
103596,-1.360900144,0.129262186,0,0,0,1.354201104
103597,0.286160741,0.197811934,1,0,1,6.625324883
103598,1.142734348,0.652148688,1,1,0,4.242032091
103599,0.849605169,-1.133779891,0,1,1,5.606056546
103600,0.650318379,-0.160261836,0,0,1,6.60915542
103601,-0.941690687,1.038644632,1,1,0,3.053693102
103602,-1.432479103,-1.620502749,1,0,0,-0.568201994
103603,-0.279526863,2.71796879,0,0,0,5.212526384
103604,0.171652662,0.963428192,0,1,1,6.845576505
103605,0.131269869,-0.834328514,0,0,0,2.833934428
103606,0.835530502,-1.162423741,1,0,0,2.29451109
103607,0.516463744,-2.131985851,0,1,1,2.893560653
103608,-1.129964444,1.639531821,0,0,1,6.366829381
103609,1.633454489,-0.9265218,1,0,0,3.810173443
103610,0.734492341,0.968939015,0,1,0,5.141538762
103611,0.56089261,-0.063406375,1,1,0,3.529148749
103612,-1.940690125,1.655023988,0,1,0,2.223976024
103613,-0.677022472,0.949391753,1,1,0,3.108556396
103614,1.077442122,-0.340150111,0,1,1,8.165104393
103615,0.30313644,0.170150434,0,1,0,2.911310305
103616,-0.904202843,-0.04516136,1,0,0,2.110143425
103617,0.392523435,1.45019965,0,0,0,4.459970899
103618,1.529390679,-1.137719154,1,1,0,3.39269373
103619,1.034926132,-2.066796873,0,1,1,3.949814299
103620,-0.263735869,-1.190832578,0,1,0,1.230735279
103621,0.944465851,0.483842753,1,1,1,8.289516086
103622,-1.606244549,-0.80198944,0,1,0,0.687300095
103623,0.163768556,-0.095377745,1,0,0,2.067703509
103624,-0.338618638,-0.281722477,1,0,0,3.018605249
103625,-1.571457881,1.437350131,0,1,1,7.26876887
103626,1.103647604,0.778823331,1,1,1,9.384838426
103627,-0.003866832,0.332011073,1,1,1,5.932661528
103628,1.398721483,-0.553334391,0,0,1,8.713933071
103629,-0.144132649,-1.988308851,0,1,0,0.103203625
103630,0.153974406,0.039081248,1,1,1,6.276904557
103631,-0.487649867,0.560118158,0,0,1,6.372539219
103632,0.330101758,1.335904492,0,0,0,3.843803367
103633,-1.042475635,-0.560665756,1,1,0,1.195361632
103634,0.803711137,-0.148773403,0,1,1,7.040544142
103635,-0.037691332,2.299787868,0,0,1,7.221751225
103636,-1.243694875,-0.090209931,0,1,0,1.80648735
103637,-0.761905124,0.978949487,0,1,1,5.798678676
103638,-0.593467359,0.343965126,0,1,0,3.063587047
103639,0.740871645,0.740294057,0,0,0,5.100322884
103640,0.247899354,-0.038551795,0,1,1,6.05161041
103641,-0.78502412,-0.018391031,0,1,1,5.505147388
103642,0.176697957,0.513351745,0,1,1,6.13288103
103643,-0.146913246,1.814622645,0,0,0,4.227382247
103644,-0.160216871,1.170297768,1,1,1,7.343798103
103645,2.554230596,1.80666395,0,1,1,15.61462753
103646,0.734725608,-0.282997362,0,0,0,2.627426698
103647,1.327434323,-1.05340435,0,1,0,3.433852767
103648,-0.830249576,0.394839366,0,1,1,6.724089616
103649,0.305862549,0.215480508,0,0,0,3.106397753
103650,0.969638843,-0.451523676,0,1,0,4.055202011
103651,1.42333096,0.695077405,1,1,0,5.682362382
103652,-0.506851669,1.225683479,0,1,0,4.094435238
103653,1.062945829,0.338922604,0,0,1,7.845836982
103654,-1.130628087,-1.441749395,0,1,1,4.441158808
103655,0.038091238,-1.329871139,0,0,0,2.169212891
103656,1.555501497,2.164918244,0,0,0,6.782009334
103657,-0.751705667,1.749661499,0,0,1,6.368977057
103658,0.288280268,-0.073573201,0,1,1,6.016800818
103659,1.330249185,0.846215888,0,1,1,9.281549808
103660,-0.434303633,0.547131868,0,0,1,6.640789087
103661,0.830282519,2.375142722,0,1,0,5.780603996
103662,0.582802615,0.407231427,0,1,1,6.852697243
103663,0.895095144,-0.620880885,0,1,0,3.293569368
103664,0.739125935,-0.992346955,1,0,1,5.888036422
103665,2.384405444,0.267728128,1,1,0,5.318386886
103666,-0.040937736,1.896390738,0,1,0,4.514836094
103667,-0.755164089,-0.634463879,0,0,0,1.926172638
103668,-0.181916172,-0.447288895,1,1,1,5.420329444
103669,1.669342174,-1.045285252,0,1,1,9.238058857
103670,0.4332318,-0.896100048,0,1,1,4.951274357
103671,-1.43736611,-2.182984541,0,1,1,1.581624562
103672,1.07744952,-0.996905306,0,0,1,6.930397711
103673,-0.606447051,0.361714719,1,0,0,2.910101865
103674,0.749315904,-0.909372619,0,1,0,3.203236649
103675,0.556367831,1.639226017,0,0,1,7.473045829
103676,0.259636849,-0.661983105,0,1,0,2.31971915
103677,-1.264567745,0.15490363,0,0,0,1.145523151
103678,-0.007816429,0.901987721,0,1,0,4.000354455
103679,0.501713545,-0.56462915,0,1,1,5.716353266
103680,-1.452021894,-1.400046731,1,1,1,4.587336084
103681,0.116683554,-0.047075001,0,1,1,7.208856732
103682,0.02597,-0.588391084,0,1,1,5.184028326
103683,0.642609217,0.496412081,0,1,1,7.505510485
103684,1.544831005,0.237450507,1,0,0,4.025755915
103685,0.04859734,0.437078541,0,1,0,4.161034634
103686,-0.374657105,0.912679237,0,1,1,6.274710523
103687,0.291091039,0.384405728,0,0,1,6.058649092
103688,0.993193199,1.666191085,0,1,0,5.133576039
103689,0.198302369,-0.32456294,0,1,0,2.279790127
103690,0.486407495,-0.579262828,0,1,1,6.003386773
103691,-0.443213594,1.689496885,0,0,0,4.374937238
103692,-0.148573924,-1.026564541,0,1,1,4.636124996
103693,-0.338875177,-0.656714446,0,0,1,5.128494513
103694,-0.367711339,-1.66166018,0,1,0,1.114335293
103695,-0.190075373,-0.624918693,0,1,0,1.27186312
103696,1.231637289,1.02166822,1,1,0,5.079416006
103697,-0.527488041,-1.491468677,1,1,1,3.103074449
103698,-0.673083783,0.921590482,0,1,0,2.969657896
103699,-0.152427999,-1.264299641,0,0,1,3.934054814
103700,0.010649177,1.028954746,0,1,0,3.661036376
103701,-0.352019012,-0.544779174,0,0,0,2.189038315
103702,-0.655072284,-0.312578807,0,1,0,2.778081835
103703,0.19468566,1.309578569,0,0,0,4.43565302
103704,0.236837742,0.813973469,1,1,0,3.555962758
103705,0.256592689,-0.929040022,0,1,1,5.312671627
103706,1.349229135,-0.875602014,0,0,1,7.017383484
103707,-0.6104604,0.68270836,1,0,0,3.80424227
103708,0.427336222,-1.035990204,0,0,0,1.969558535
103709,-1.322188453,0.927434342,0,0,1,7.455929259
103710,1.019269691,0.112170827,1,0,1,7.647374753
103711,-0.982076237,0.009303759,0,0,0,2.65177604
103712,1.307601206,0.318049855,0,1,1,9.120789336
103713,-0.638908438,0.792024341,0,0,0,3.680580388
103714,1.951107151,2.12507605,0,1,0,7.08774357
103715,0.526821688,-0.051676019,0,1,1,7.069766517
103716,-1.492286932,-0.739750689,0,1,1,5.833773699
103717,1.282212178,0.783419163,0,1,1,9.539899981
103718,0.178422583,-0.828887674,1,0,0,2.242306891
103719,0.75803467,0.611423065,0,1,0,3.897829059
103720,0.514235417,-0.755387088,0,1,0,2.217012352
103721,-0.676186428,-1.300092415,1,1,0,0.829428518
103722,-2.20089628,-0.534470644,1,0,0,0.367684469
103723,0.221435759,-0.468926331,1,1,1,6.305594365
103724,1.121529774,-1.290278996,0,1,0,3.048512724
103725,1.317779446,0.835021701,0,0,1,9.38322607
103726,-1.248230335,2.581187722,0,1,0,4.370209058
103727,-0.228397973,-1.006895378,1,1,0,1.985628643
103728,-0.963942878,-0.478180412,0,1,1,5.687888564
103729,-0.361734474,-0.582444659,0,0,0,1.913604656
103730,0.29215691,1.243597097,0,0,1,7.391213962
103731,-0.669005994,0.269809252,0,0,1,6.383855509
103732,1.083886413,-0.511650116,0,1,0,3.339989116
103733,-0.701179073,0.170558476,1,1,0,2.234874857
103734,-3.20140396,-0.066077216,0,0,0,-0.657704154
103735,2.032062038,-0.44334041,0,1,1,11.65700788
103736,1.659207379,0.409195254,0,1,0,6.450800353
103737,-0.227501146,0.230566739,1,0,1,6.049582255
103738,0.445510895,-0.634389415,1,1,1,6.238227007
103739,-1.46038706,-0.272208825,0,1,0,1.831888891
103740,-0.699538953,0.614139678,1,0,1,6.25528214
103741,0.680149201,-0.443117059,0,1,0,3.618287868
103742,0.523759591,0.421366825,0,0,1,6.59176735
103743,-2.238832941,0.967264869,0,0,1,9.499853751
103744,-1.368524153,-0.232580874,0,0,0,1.216872079
103745,1.604747729,0.835158683,0,1,1,10.11837788
103746,-1.329152049,0.06882839,0,1,0,1.447097626
103747,0.043756589,0.273083356,0,1,1,5.474333664
103748,-1.368019865,2.186897281,0,0,1,6.832994362
103749,0.438098634,0.128567827,0,1,0,3.721869441
103750,0.947590952,-0.186035238,1,1,0,3.987248266
103751,0.621171797,-0.744282222,1,1,0,3.08387104
103752,-0.656852206,0.554106995,0,1,0,3.286764348
103753,0.006833248,-0.045212523,0,1,0,3.358004521
103754,0.368679702,-1.169030377,0,1,0,2.481945627
103755,-2.610793194,-0.265906157,0,1,1,9.36037485
103756,-1.365557343,0.357465532,0,1,0,2.308091746
103757,1.107159166,-0.192225038,0,0,0,3.68711031
103758,-1.415148297,-0.128078616,1,1,0,0.542584846
103759,-0.854017599,1.144475187,0,0,1,5.791863654
103760,0.006276408,1.204207042,0,0,0,4.349747418
103761,-0.817542797,-0.021593243,0,1,1,5.323027737
103762,-0.759773078,0.487796812,1,1,1,5.68097664
103763,-0.296436671,-0.721084568,0,1,0,2.334858654
103764,-1.414352013,0.839116988,0,1,1,7.641560601
103765,0.619829932,-0.557768206,0,0,1,5.814678127
103766,-0.750041395,0.485021877,0,1,1,6.447318554
103767,1.25584525,-3.581473945,0,1,0,0.806738329
103768,1.131875721,0.316696392,1,1,0,4.21521972
103769,0.496235088,-0.435178088,0,1,0,2.70595961
103770,-0.999053258,0.31019979,0,1,0,2.239394076
103771,-1.647731184,1.306129695,1,1,0,2.392819774
103772,0.491597777,-1.024618398,0,1,0,2.078380325
103773,0.590599163,-1.497472623,0,0,1,4.107401522
103774,0.623913204,0.780485917,0,0,0,5.547710295
103775,0.050672402,0.581581777,0,0,1,6.769000291
103776,-0.978059471,-2.521361406,0,0,0,-1.20363202
103777,0.722754102,1.009590902,1,1,1,8.184621033
103778,1.260675564,-0.164355122,0,0,0,4.376923845
103779,-1.024376078,-2.432424458,0,0,1,1.094372756
103780,3.311734591,0.679813796,0,0,1,20.8341381
103781,0.412323481,-0.657706757,0,0,1,6.291227438
103782,0.204551935,0.195051817,0,1,1,6.44407108
103783,-0.413188134,0.34100183,0,0,1,5.708677594
103784,0.006704989,1.598654056,1,1,1,7.060700578
103785,-1.657628399,-0.415772887,1,1,1,6.510240572
103786,0.080786461,0.063909868,0,0,0,3.072097931
103787,-2.738581761,-0.199838589,0,1,1,11.22535367
103788,0.531488928,-2.772253544,1,1,1,1.885240282
103789,1.308320417,0.69319386,1,0,1,9.523486249
103790,2.24573631,-0.922516915,1,1,1,12.40047488
103791,-0.885503804,-1.193647053,0,1,1,3.363319859
103792,-0.344902843,-0.359252476,1,1,0,2.371674687
103793,-2.035766376,-1.016750886,0,0,0,-0.137476027
103794,0.780835454,-0.786435953,0,0,1,6.987574044
103795,1.585726337,-1.489973299,0,1,0,3.496698509
103796,0.62694232,-0.836702587,0,0,1,5.408524618
103797,0.262606615,0.054576882,1,1,1,6.403924479
103798,0.542255027,-2.052874337,0,1,1,2.348168892
103799,0.658481888,0.096702375,0,0,1,7.615177968
103800,-0.035402303,1.369347111,0,1,0,4.275897339
103801,1.566725566,1.555101169,0,0,0,5.790797405
103802,-1.375919638,1.008212451,0,0,1,6.502153372
103803,-0.404086797,-1.220724648,0,0,1,3.57697556
103804,-0.152059896,-1.324469751,0,1,0,2.130875286
103805,-0.225499733,0.729375518,1,1,0,2.729739403
103806,-0.468736574,0.327584351,1,1,0,2.691941813
103807,1.346979168,0.354497516,0,0,0,4.952235866
103808,1.846091073,0.403473697,0,0,0,4.699552011
103809,-1.273023736,-0.606712594,0,0,0,0.452603632
103810,-0.033317997,0.246636862,0,0,0,3.378760185
103811,0.975912181,-1.012567462,1,0,1,6.723736143
103812,-0.25773505,0.337736972,1,0,0,2.980768529
103813,0.3380641,1.839290809,0,1,0,5.100522919
103814,-1.735843692,0.619090916,0,1,1,7.674555722
103815,0.301578208,0.291636891,0,1,0,2.987557665
103816,1.59878493,-0.609685386,0,1,1,9.194722911
103817,-1.377795498,-1.521685864,0,0,0,0.093063402
103818,-0.542928379,0.28260865,0,1,1,6.31308037
103819,0.043701357,1.660885394,0,0,0,4.316764372
103820,-1.250392414,0.057058981,1,1,1,6.831067379
103821,-0.89808468,-0.804424868,0,0,0,2.225014685
103822,0.510022334,0.967058831,0,1,1,6.634973226
103823,-0.044927255,-0.761340534,0,0,1,6.132033183
103824,-1.1282597,-0.290360162,0,0,1,5.20464087
103825,-0.186490214,0.810140092,0,1,1,5.785784562
103826,-1.276903563,1.867454674,0,1,0,3.073037988
103827,2.835720449,0.175577623,0,1,0,6.154741601
103828,0.218514628,0.236621559,1,1,0,3.635781804
103829,0.582086877,-0.860766586,0,1,1,4.710266104
103830,0.160298945,-0.150021976,1,0,1,5.590228609
103831,-0.424659195,0.993339907,1,0,0,3.128592763
103832,-0.802686415,0.957615411,0,0,1,6.80274595
103833,0.412133431,1.034483628,0,0,1,6.771571184
103834,-0.105434239,-0.420816991,0,1,0,3.257390542
103835,-0.06210144,0.976654,0,1,1,6.418056509
103836,1.462654667,0.855962681,0,0,1,9.525377943
103837,-2.098040642,1.119404488,0,1,1,8.803779835
103838,0.036167605,0.036771503,1,1,1,7.018809716
103839,-2.415958795,-0.698281472,1,1,1,9.012169131
103840,0.677659282,-1.094073196,0,1,1,4.738555488
103841,-2.553085924,-0.085087481,1,1,1,10.00263664
103842,-1.052544949,0.515802897,0,0,0,2.069976229
103843,0.933571428,0.130469664,0,1,0,3.872086686
103844,-0.262971649,-0.596145218,1,1,1,4.981131212
103845,0.085348303,-0.766296293,0,1,1,4.664275123
103846,0.147266461,1.045870923,0,0,1,7.211830698
103847,-0.186357276,0.188255419,0,1,0,2.971432372
103848,0.483873839,-0.544820147,0,1,0,2.625617952
103849,0.054834687,-0.711296669,1,0,0,1.733658166
103850,-0.866651455,0.655857533,0,1,0,3.102737415
103851,-1.142770416,-0.026356039,0,1,1,5.32466796
103852,-0.292560988,-0.819047283,0,1,0,2.085116003
103853,0.348171088,-1.517652636,0,1,1,4.213064349
103854,-1.114285185,-0.918147755,1,0,1,4.666873907
103855,-1.243642328,-0.598423468,1,0,0,1.751378959
103856,0.0318048,-0.040961621,0,1,1,6.275595736
103857,0.134601469,-0.357701142,0,1,0,2.830430496
103858,0.003511365,1.293774953,1,1,1,6.75425558
103859,-1.884539366,0.267753701,0,1,1,8.064941008
103860,-0.251534304,-0.40240859,0,1,0,2.635297827
103861,-0.858321646,-2.016243998,0,1,1,3.15126011
103862,-0.023755733,-1.253350297,1,1,1,4.480788042
103863,0.68660464,-0.84248304,1,1,0,3.531712025
103864,-0.661062058,-0.415853975,0,1,1,4.656182054
103865,0.532477138,0.709261598,1,1,1,7.338420413
103866,0.632552066,-0.614086099,0,1,0,3.086497438
103867,0.668643958,-1.440639483,0,1,0,1.814356147
103868,0.584351859,0.363953637,0,1,1,6.665448879
103869,0.523890634,-0.804474807,0,1,0,2.900944157
103870,-0.224206753,1.263256032,0,0,0,3.65154082
103871,-1.562334058,0.206460709,0,0,0,1.623364216
103872,-0.432855813,-0.155496748,1,0,0,2.596734695
103873,0.289859888,-1.094331696,0,1,1,4.776083316
103874,0.536810555,-1.082676027,0,1,0,1.867072958
103875,-0.250597896,-1.664905533,0,0,1,2.860542084
103876,-0.015443528,-1.337589859,1,0,0,0.548377218
103877,0.358417745,1.958069479,1,1,1,6.4211429
103878,-0.408198258,-0.971892595,1,0,0,2.472620433
103879,-0.348495871,0.235706417,1,1,0,3.022024287
103880,-1.210124587,-0.186127581,1,1,0,1.558768414
103881,1.919534925,0.607483651,0,0,1,11.8101719
103882,-0.980820192,0.145748337,0,0,0,2.46938559
103883,-0.330172384,-0.591001261,0,0,1,4.962134796
103884,-0.942381679,1.865356508,0,0,1,5.901833303
103885,-2.416053791,0.888693887,0,1,1,10.10944335
103886,-0.521515597,1.413906429,1,1,1,6.297646942
103887,-1.277341178,0.53473529,1,0,1,5.917924827
103888,1.054712428,0.096271973,1,1,0,4.076059646
103889,0.288180846,-0.85000051,1,0,1,5.332935959
103890,-0.643104727,-0.383296694,1,1,0,1.590024765
103891,0.26072816,-1.391239237,1,1,1,5.555016327
103892,-1.930413543,-0.882138526,0,1,1,7.112728862
103893,0.508523441,-0.708012022,0,1,0,3.426546774
103894,-0.606895942,0.34641045,1,1,1,6.692267741
103895,0.004720052,0.210568918,0,0,1,5.599606687
103896,0.426841357,-0.401396631,0,1,0,2.787618227
103897,-1.195868128,-1.539198364,1,0,1,3.692181064
103898,-1.662348542,0.674079958,1,1,0,1.802842036
103899,-1.652091389,0.706091258,1,0,0,1.71247657
103900,-0.542375333,0.409420528,1,0,1,6.356004197
103901,0.490809852,-0.153130752,0,0,1,7.365131701
103902,0.380914544,0.294672165,1,1,0,4.353135386
103903,1.07084812,-1.384557847,1,0,1,5.750026757
103904,0.174268944,-0.515209831,0,0,1,5.121771187
103905,-0.610157107,-0.528301824,0,1,1,5.940466237
103906,1.274288901,-1.402205831,0,0,1,6.8290407
103907,-0.17140894,-0.673519633,1,1,0,1.385214526
103908,0.85084041,-1.00676076,0,1,1,6.314967816
103909,-0.278467908,0.930903022,0,0,0,3.01538189
103910,0.946772453,-0.174218904,0,0,0,3.856738849
103911,-0.003203151,0.61501358,0,1,0,4.948266667
103912,-0.098306978,-0.787681084,0,0,0,2.256063811
103913,-1.452948152,0.182145038,0,0,1,6.283956773
103914,-1.125066766,0.236452981,0,1,1,5.894422141
103915,-1.069373113,0.211292008,0,1,1,6.863930895
103916,-0.606276148,-0.738509064,1,1,0,1.148839964
103917,2.043196419,-0.303580777,0,0,1,11.71534105
103918,1.324854926,-1.785547461,0,0,0,2.901115599
103919,-0.753417871,1.200793972,0,1,1,6.148048312
103920,-0.550302138,0.625709744,0,1,1,5.865789399
103921,-1.716381959,-0.086207434,0,0,1,7.643188431
103922,-0.526284764,0.484422384,0,1,1,6.605664029
103923,-1.013256845,-0.951824181,0,0,0,0.678205976
103924,0.501164103,-0.044239892,1,0,0,3.446780758
103925,1.110583499,-1.223938766,0,1,1,5.867758815
103926,0.490270479,-0.27953554,0,1,0,3.569020642
103927,-1.623681349,0.005024608,0,1,0,0.357711015
103928,-0.874292875,-0.340520392,0,0,1,5.045361261
103929,-1.892281094,-1.360097444,0,0,0,-0.441333048
103930,0.967956591,0.589075116,0,1,1,8.238489541
103931,-0.802038043,0.43413854,1,0,1,6.626510914
103932,-1.201062502,-1.19995457,0,1,0,0.804600091
103933,-0.513677181,-0.317572777,0,1,1,5.944199546
103934,-1.333889816,-0.34847671,0,0,1,5.125807727
103935,0.806226766,1.018971009,1,0,0,5.147479538
103936,-0.895406588,-0.46358317,0,0,0,2.288893938
103937,-1.326869905,-0.227534032,0,1,0,1.578886217
103938,-2.156024603,0.456868087,1,1,0,0.822362527
103939,0.241443095,0.042332098,1,0,0,3.520136803
103940,0.534736927,-1.318411434,1,0,1,5.406440118
103941,0.958400899,0.460159108,0,1,1,8.320602093
103942,-0.452782204,1.106934085,1,1,1,5.741140871
103943,0.278864561,0.108728977,0,0,1,5.757925479
103944,-0.098849347,0.311965274,0,0,0,3.555947387
103945,0.732901948,-2.126767077,0,1,1,3.134513436
103946,-1.357075669,-0.012268395,0,0,1,6.671795894
103947,-0.07257228,-1.071153619,1,1,0,0.609807305
103948,0.426919648,-1.877166602,0,1,1,3.499930417
103949,0.862813563,0.733224756,0,0,0,5.097741628
103950,-0.657433137,-0.157614138,0,1,1,5.058153533
103951,-0.593757234,-0.37058416,1,1,0,1.215404099
103952,0.674931296,0.527088529,1,1,1,7.929398345
103953,-0.008183128,-1.894960333,0,1,0,1.507910209
103954,1.723455764,0.377113718,0,1,0,5.499127118
103955,-0.34390939,1.499731721,1,0,0,3.208743689
103956,-0.9915795,-0.94367527,0,1,0,0.781321596
103957,1.608988883,0.318286611,0,0,1,10.43349202
103958,0.058938488,0.380694252,0,0,0,3.5110467
103959,0.548697114,-0.501301666,0,0,1,6.065261101
103960,-1.416095208,1.255774973,1,0,1,6.498325428
103961,0.254172278,0.833925605,0,1,0,4.340154122
103962,-0.919203065,0.342033274,0,1,1,6.617629877
103963,-1.937822528,-0.806020363,1,0,0,-0.014241306
103964,-0.167213942,-0.095197629,1,0,0,2.635376834
103965,1.309429812,-1.441996993,0,1,0,3.175855466
103966,-0.117254184,0.26042864,1,1,1,6.338406639
103967,1.022412029,-1.778918724,0,0,0,2.892995867
103968,0.527570038,0.510056651,0,1,1,5.97717703
103969,-2.228815717,1.052350254,1,0,0,1.718149527
103970,1.661426788,-0.532128939,0,1,1,10.56209454
103971,1.699747839,0.19422543,0,1,0,5.351348203
103972,-2.084313712,-0.307090521,0,1,1,8.012789992
103973,0.654582735,0.322262414,1,0,1,6.943922435
103974,1.172856016,-0.116109719,0,1,0,4.015550918
103975,-1.773179093,1.239670492,0,1,0,2.366429281
103976,-0.33213266,2.175706092,1,1,1,6.768456655
103977,0.097916433,0.605923625,0,1,0,3.184509074
103978,-1.150236031,-2.432387976,0,1,1,1.718366621
103979,0.165007467,0.141366088,0,1,1,6.371509313
103980,-0.19101663,0.041300126,0,0,1,5.355285366
103981,0.512859224,0.062967484,0,1,0,3.506468557
103982,1.406455066,0.258561546,1,1,1,9.117529411
103983,1.280910583,1.061966891,0,1,1,8.434149034
103984,1.584444245,0.251136927,0,1,0,4.752711445
103985,1.411134908,-0.005020993,1,1,1,9.980554206
103986,-0.368938351,-1.046728716,0,1,0,1.410469076
103987,-0.911341077,-1.859641772,0,0,1,3.443035073
103988,1.980135641,0.584488171,0,0,0,5.526331968
103989,1.765230443,-0.523675338,0,0,0,4.195154339
103990,-1.28261403,0.084903465,1,0,1,6.940227064
103991,-0.310999706,1.124020578,0,1,0,4.184697827
103992,-0.215659193,-0.319216599,0,1,0,2.620689858
103993,2.325371156,-1.818139949,1,0,0,3.595093082
103994,-0.286231197,0.686095634,0,1,1,6.627648793
103995,-0.519309593,-0.500097519,0,0,0,1.774397807
103996,1.288563878,2.154723102,0,1,1,9.12026201
103997,1.018077118,-0.660578324,0,0,0,3.569960419
103998,1.763454883,0.75854487,1,1,0,6.161309811
103999,0.582464793,-1.607034668,0,1,1,3.782819452
104000,-0.390760921,1.144320293,0,1,0,3.485534479
104001,-0.322920007,0.501160194,0,1,1,5.745875473
104002,0.135931853,0.397013652,0,1,0,3.58518157
104003,-0.266986771,0.983033846,1,1,0,3.997943373
104004,1.740230037,-1.564249686,1,1,1,8.033936073
104005,-0.27974977,0.74295709,0,1,1,5.34002108
104006,1.280293343,-0.748394465,1,1,1,7.653778633
104007,0.174486494,-2.344412361,0,1,1,1.934177815
104008,-0.466061025,2.029874816,0,1,0,5.561364374
104009,-0.007948951,-1.953852555,1,0,1,2.800301665
104010,0.902891491,-0.094886232,0,1,1,8.098109899
104011,0.545810674,0.394027854,0,1,0,3.584090605
104012,0.226724608,-0.810935089,0,0,1,5.681423205
104013,-1.622256064,0.088434011,1,1,0,0.569458932
104014,0.906615569,-0.817504364,0,0,0,3.798638265
104015,-0.77048512,0.4780319,0,1,1,5.661968515
104016,1.897040377,1.741456613,1,0,1,12.08074759
104017,-1.05926278,0.629529961,0,1,1,6.378914504
104018,0.178723545,0.444708831,1,1,1,6.419814947
104019,-0.086562505,-0.495634912,0,0,0,2.121687697
104020,1.165948103,-0.927416202,0,0,0,3.187571273
104021,0.307700411,1.671942202,0,1,1,7.328071231
104022,-0.005634419,0.603295893,1,1,1,7.123345264
104023,1.240503078,-0.846344172,0,1,0,2.886516933
104024,-1.048497091,-0.892003732,1,1,1,4.711515798
104025,2.0495771,-0.380504562,0,1,1,11.108844
104026,0.082249207,-0.597409626,0,1,0,2.323476853
104027,-0.784649061,-0.416767347,0,0,1,5.558003621
104028,1.168669266,0.322706276,0,1,1,8.650945119
104029,0.520086976,-0.422187994,1,0,1,5.707313883
104030,0.733997454,0.393031957,0,0,0,4.111521219
104031,-1.338272737,0.468087824,1,1,1,6.854657437
104032,-1.036989808,0.947150204,1,1,0,2.36463533
104033,-0.007852964,-0.904204155,0,0,0,1.219474563
104034,0.505090539,-0.942074229,1,1,1,5.656872963
104035,0.375226369,-1.543299753,0,1,1,4.062424737
104036,0.261774419,0.461108978,0,0,0,4.191280808
104037,-0.979969753,-0.992902499,1,0,0,0.871413994
104038,-0.89707693,-1.171230415,0,0,1,3.795278491
104039,0.094015063,-0.532909829,0,1,0,2.858457353
104040,-0.884700365,0.167527441,0,0,0,2.75021313
104041,-1.384733632,0.261570234,0,0,0,2.097865485
104042,1.275343816,2.32095647,0,1,0,5.99916728
104043,-0.876588073,-0.882873622,1,0,0,1.08463478
104044,-1.343803445,1.67976829,0,0,1,7.620199958
104045,1.805174881,1.668022036,1,1,0,5.830791821
104046,-0.643130556,1.732809142,0,0,1,5.847080833
104047,-0.243688656,-1.765871615,0,0,0,1.422845048
104048,-1.793228556,0.515322771,0,1,0,1.586359143
104049,-1.465312601,0.855499636,1,1,0,1.705424074
104050,1.028166567,1.814466292,0,1,0,6.177062853
104051,-0.460530251,-0.91026932,0,0,1,4.496226258
104052,-0.780990014,-0.107117623,0,1,1,5.791416807
104053,-0.657885146,-0.164514365,0,0,1,5.335645042
104054,1.137948039,-0.192055504,1,1,0,3.765728349
104055,-0.884124634,0.033896148,1,0,1,6.092119126
104056,-1.203874608,-0.027718023,1,0,1,6.422176665
104057,1.308009853,-0.697397477,0,1,0,3.554713643
104058,-0.853405876,-0.183378053,0,1,0,2.406585489
104059,2.120567746,-0.032469503,0,0,0,5.363850585
104060,-1.242326692,0.58996937,1,1,0,2.806667622
104061,0.603868447,1.459697147,0,0,0,4.986352835
104062,0.30479559,-1.219940354,0,0,0,2.023233396
104063,-1.332740074,-0.353752204,0,1,0,0.91688899
104064,1.26622991,-0.853984811,0,0,1,7.755583262
104065,0.398032958,-0.582308485,0,0,1,5.676324659
104066,0.41218812,1.464593041,0,0,1,7.194651625
104067,0.239191601,-0.623548993,1,1,1,5.32323736
104068,0.442638377,2.209901514,1,0,0,5.697855552
104069,-0.407789679,0.36732663,0,1,0,2.867800222
104070,0.968732418,0.996139149,0,0,1,8.796128435
104071,0.76218542,0.3790985,0,1,0,3.022725242
104072,1.477032934,1.187813396,1,1,0,6.174282482
104073,-0.452666162,0.451931155,1,1,1,6.496974716
104074,0.352348449,-0.389948415,0,1,0,3.291910107
104075,-1.984406176,0.885880003,0,1,0,1.018020908
104076,-0.481983483,-0.307772767,1,1,0,1.868454034
104077,0.327288302,-0.902764036,0,1,0,2.601407235
104078,0.454907081,1.389912937,0,1,1,6.997946704
104079,0.222321477,1.201717372,0,1,0,3.998208591
104080,-0.662515968,0.538784862,1,1,1,7.174263386
104081,-0.060528029,-2.073214894,0,0,0,0.849197494
104082,1.14925104,-0.041179977,0,0,1,8.637683112
104083,0.443317013,-0.204180469,0,1,1,5.683956308
104084,-0.252953452,-0.28087833,0,1,0,1.820153256
104085,-0.442024586,-0.297854171,0,1,1,4.821188638
104086,-0.588096291,-0.645333666,1,0,1,5.215262088
104087,-1.169810189,2.723111279,0,1,0,3.910130649
104088,-0.655331274,0.267057325,1,0,1,5.942176341
104089,-1.240898936,-0.092805544,1,1,0,1.709386655
104090,-0.938734883,-0.697914422,0,1,0,1.599653253
104091,-0.69817059,0.239780402,1,1,0,3.389802923
104092,-0.691085055,1.5822374,0,1,1,6.422851159
104093,0.127306181,-1.891235047,0,1,0,1.683090204
104094,0.374895062,1.872400772,0,1,1,6.924592219
104095,0.292416195,0.499904606,0,0,1,6.324396525
104096,-0.292773289,0.618466287,0,0,0,3.17954261
104097,0.974194386,0.238980877,1,0,0,4.309644208
104098,1.330349196,1.305759327,1,0,1,9.726437114
104099,0.449013428,-0.83261004,0,1,0,3.203625041
104100,-0.505114645,0.277675837,0,1,1,6.243166703
104101,-0.124851641,-0.837441076,1,1,0,2.221100619
104102,0.861361519,-0.457007231,1,0,0,3.667165947
104103,-1.034218204,0.503961904,1,0,1,5.877409608
104104,-0.623868792,-0.954658424,0,1,1,3.645265476
104105,0.095615556,2.813080964,0,1,0,6.864821461
104106,-0.503559719,-0.022929782,1,1,0,2.339374785
104107,-0.381698704,0.033210466,0,1,0,2.261837179
104108,-1.413146413,-0.272331454,0,1,0,1.863287083
104109,1.032464201,-1.320937499,1,0,1,5.366890191
104110,1.494297562,-1.709094398,0,0,1,6.497316169
104111,0.897292348,0.97532524,0,0,0,4.38997274
104112,1.088103762,0.118495386,0,0,0,3.382652617
104113,0.322153047,0.737022098,0,0,1,7.423279845
104114,-1.366045905,0.566869993,1,1,1,6.66618163
104115,-0.820173376,0.007063005,0,1,0,2.588077541
104116,1.402455737,0.571187176,0,1,0,5.054679496
104117,-0.830649606,1.58337999,1,1,1,7.014093497
104118,-1.276679799,-0.843359801,0,0,1,4.434813965
104119,0.976473781,-0.725720341,0,1,0,2.807634611
104120,0.710551927,0.669001709,1,1,1,8.660859082
104121,0.121196179,0.656511876,0,1,0,3.805900613
104122,-0.486080135,-0.695947786,0,0,0,2.362699426
104123,-0.13092716,-0.01567277,0,1,1,5.567740643
104124,-0.922818592,-1.941003716,0,0,0,-0.116253618
104125,1.159897228,0.919640582,0,1,1,9.445921178
104126,0.107057294,-0.808311851,1,1,0,2.680978427
104127,2.70199642,1.077722731,0,0,1,16.36871314
104128,-1.478217371,0.593903842,1,1,1,6.738411799
104129,-0.28238826,1.689808665,0,0,1,6.439225871
104130,0.564287667,-1.127760366,0,1,0,2.65079511
104131,-1.210318249,-1.336169792,0,1,1,4.538759202
104132,0.175828428,-1.656771899,0,0,0,1.630271792
104133,-2.723575337,-0.484534329,1,1,0,-0.704251142
104134,-1.216723854,-0.369635792,1,0,1,6.658583087
104135,-2.150811985,-0.117995689,0,1,0,-0.477604649
104136,0.011888956,-1.148705469,1,0,0,2.541026003
104137,-1.916374191,-0.079596544,0,1,1,7.270442987
104138,1.148555964,-2.485625433,1,1,1,3.570941715
104139,-0.002016982,-2.612980024,0,1,0,0.534560201
104140,0.61368734,-0.633012075,1,1,1,5.565793573
104141,-0.040743695,-1.37555386,0,1,1,3.987148563
104142,1.173408148,0.846396761,0,1,0,4.641707685
104143,1.513506085,-1.072081596,1,0,0,3.522023595
104144,0.781343613,4.068096915,1,0,0,7.891845785
104145,-1.476914423,-0.128425502,1,0,0,1.917367237
104146,-0.590474649,-1.155580924,0,0,1,3.268738577
104147,0.617627825,0.420879134,0,1,1,7.54523863
104148,-1.748997978,-0.314395231,0,1,1,6.972755494
104149,-1.798672981,-2.392669164,0,1,1,3.378556596
104150,0.60913999,0.839237289,0,1,0,4.300708866
104151,-0.660989043,-1.000782093,0,0,0,0.898898937
104152,0.072629243,0.602852669,1,0,1,6.343128536
104153,2.567501898,0.37808523,0,0,1,14.79048231
104154,1.827170919,1.420309881,0,1,1,11.37053517
104155,-1.517119838,-1.572851867,0,1,0,0.949853985
104156,0.203710422,0.331222973,1,1,1,6.722245469
104157,-1.323716031,-0.720542089,1,1,1,6.351302888
104158,-0.422144543,-0.581105014,0,0,1,4.729657915
104159,0.864915751,0.269788975,1,1,0,4.234689948
104160,1.114232365,-0.337263662,0,1,1,8.794716089
104161,-0.894885598,0.29467991,0,0,1,6.190802249
104162,1.931686891,1.519698379,0,0,1,12.16517467
104163,0.558059858,-1.723668142,0,0,1,4.55738854
104164,-0.772906459,-0.606602711,0,1,0,1.837797885
104165,0.987389389,2.793552223,0,1,1,8.736050579
104166,-0.785745409,-0.457628631,0,0,1,5.265393186
104167,0.720368535,0.629936193,0,1,0,5.041617329
104168,-0.735707312,0.468838264,0,1,1,6.3074455
104169,1.872858223,-1.475824955,0,0,1,8.596573554
104170,-0.228052304,-0.082716819,1,1,1,5.97965492
104171,1.719462918,0.427641819,0,1,0,4.725559565
104172,-0.429091713,-1.616226191,1,1,0,0.965246572
104173,-0.688868382,-0.777853075,0,1,1,4.849013201
104174,-1.196270099,-0.951753239,0,1,1,4.381481399
104175,0.435481382,-0.068876887,0,0,0,3.136935488
104176,-0.945797318,-0.217347793,1,0,1,5.38658688
104177,0.26180477,-0.896817976,0,0,0,2.080499037
104178,-0.841104531,0.333849714,0,1,0,2.471210498
104179,0.429963479,-0.736978043,0,1,1,5.09916482
104180,-0.069981426,0.700802439,0,1,1,6.967893504
104181,0.476310329,-1.32509489,1,1,1,3.95990539
104182,-0.223045175,-0.598592775,1,0,1,5.008445514
104183,-0.706020016,-0.806445059,0,1,1,4.663207566
104184,-1.565021315,2.234045504,1,1,0,3.504963985
104185,-0.053956555,1.301276755,0,1,0,4.455621394
104186,0.16534911,-2.64351967,1,1,1,1.996843004
104187,0.398322303,2.055333563,0,1,0,5.906860357
104188,-0.009193183,-0.506994897,0,1,0,1.94261702
104189,-0.457429149,-0.246952248,1,0,0,2.276944192
104190,1.418095008,-0.512824226,0,1,0,3.892018069
104191,-1.224420467,0.504413418,0,1,0,2.761142788
104192,1.584540995,-1.247298447,0,1,1,8.964981324
104193,2.395538397,-0.433865057,0,1,0,5.365457178
104194,1.482488663,0.275128389,0,1,1,10.17962903
104195,0.876806434,0.381097818,0,1,1,7.476760587
104196,-0.124064195,-2.214612351,0,0,0,1.052184372
104197,-2.907771754,0.182685815,0,1,0,0.15821853
104198,-0.224619786,0.609863837,0,1,1,6.255584661
104199,-1.740450595,-0.710528318,0,1,0,0.769344223
104200,-0.208778254,1.129552622,0,1,1,6.32214997
104201,0.952427578,-1.440741329,1,1,1,5.90148472
104202,-0.965990052,0.418119816,1,1,0,2.786753097
104203,0.276539269,0.268948115,0,1,1,6.542816376
104204,1.481015653,0.471712047,1,1,1,10.41211533
104205,0.78689989,0.891910754,0,0,0,5.378089446
104206,-0.40989375,-1.386354497,0,1,1,3.208073834
104207,1.987221801,0.222984383,0,0,0,5.061851192
104208,-0.757739045,-0.856885203,0,0,1,5.046332913
104209,0.762631096,-1.616695416,0,1,1,4.494524031
104210,-1.993145491,-1.020970188,1,1,1,5.923295076
104211,2.269044549,0.90642806,0,0,0,6.429634951
104212,1.078312952,-0.294942713,1,0,1,8.606022456
104213,0.44168537,0.306556679,0,1,0,3.949445869
104214,-0.15710746,-0.050986334,0,1,0,3.002815491
104215,-0.184485105,-0.456281837,0,0,0,2.166612979
104216,0.015100873,-0.560237091,0,0,0,3.024399047
104217,-0.246379377,-0.518461124,0,1,1,5.33171103
104218,-0.364957824,0.551867086,1,0,0,2.862783279
104219,0.98540048,-0.25981863,0,1,1,7.158356659
104220,0.451148172,0.264232638,0,1,0,3.942693022
104221,0.471221794,0.019057138,0,0,1,6.399558089
104222,-0.242554241,-0.373209071,0,0,1,4.594546393
104223,-0.112939651,-0.001589811,0,1,0,2.490506313
104224,-1.257834297,-0.73736006,0,0,1,5.464668088
104225,-1.58227371,-0.899278467,0,1,1,6.439281696
104226,0.106984781,0.447637599,1,1,1,7.499186855
104227,-1.833654305,0.810161501,0,1,1,8.635068684
104228,0.535195249,2.593322466,0,0,1,6.550705624
104229,1.290023845,-1.513203026,0,0,1,5.724940829
104230,-0.529464143,2.450332624,0,1,0,4.848916959
104231,-2.357675465,0.563997018,0,1,1,10.15876036
104232,1.597481926,0.8666691,1,1,0,5.791127468
104233,-0.207277774,0.83568778,0,1,1,7.094518642
104234,0.523773912,-0.250292652,0,1,0,3.85371369
104235,0.610517491,-0.250863105,0,1,1,6.440464131
104236,1.214175906,0.502989198,0,0,1,9.490016799
104237,-0.525576948,0.845973254,0,0,0,3.372762849
104238,-1.538311882,-0.374635022,1,1,1,6.56863097
104239,2.338208554,0.167727167,0,0,1,13.78549651
104240,0.532394564,0.311083604,0,1,1,7.496717305
104241,-0.308086479,-0.446512155,0,0,0,1.99299211
104242,-0.6774114,0.757493623,1,1,1,6.823989607
104243,-0.437527198,0.69203115,1,1,0,3.539819029
104244,1.50018123,0.118614964,0,0,0,4.656624648
104245,-0.114626293,-0.127134303,0,1,1,5.325716556
104246,-0.471475374,-0.422016086,0,1,1,5.0612442
104247,0.627317753,-1.005330559,0,1,0,2.568377998
104248,0.57142763,-0.880442838,0,1,1,6.085508265
104249,0.072417492,-2.178364571,0,1,1,2.603782345
104250,0.812542512,1.774684654,1,1,0,5.448137118
104251,-0.574612502,-0.296689443,1,1,1,5.336675487
104252,0.451771731,1.622319774,1,0,0,5.014884324
104253,0.786543819,-1.41074993,0,1,0,3.170769631
104254,-0.01457466,1.297602076,0,0,1,6.60134941
104255,1.614370897,0.252518974,0,1,1,10.86756148
104256,-0.12515176,0.070254325,1,0,1,6.538211653
104257,0.233234133,0.256460599,0,0,1,7.455054846
104258,-0.637163993,-0.633287749,1,1,0,2.220036935
104259,1.548010223,-1.192356858,0,1,1,8.349724413
104260,-0.70010894,1.163773135,0,1,1,5.748634249
104261,-0.91201431,-0.546432527,0,1,0,1.069375428
104262,0.018166028,-1.413716581,1,1,1,3.038319483
104263,3.5589813,-1.670251221,0,1,1,19.96050584
104264,1.056481874,1.563672595,1,0,0,6.323493834
104265,-0.597388617,-0.259850351,1,0,1,5.492275213
104266,-0.811778297,-0.852292195,1,1,0,2.114250702
104267,0.86297712,-0.700201307,0,1,0,2.987232835
104268,-1.7511846,0.146597646,0,1,0,0.612680384
104269,0.184938762,0.347660785,0,0,0,3.956247677
104270,-1.914367548,2.437229894,0,1,0,4.070761444
104271,0.869776986,-0.964365775,0,1,1,6.137602328
104272,-1.140128797,-0.299335758,0,1,0,0.924232486
104273,1.291993385,0.814700356,0,0,1,8.787987693
104274,-0.68607976,0.209415952,1,1,0,3.446045318
104275,1.52685207,0.064090363,1,0,0,4.92549509
104276,-1.537651509,-0.633327564,0,1,0,0.48282848
104277,-1.052749168,-0.74972584,0,0,0,0.805940491
104278,0.279799613,1.071834122,0,1,0,4.462100607
104279,-0.569249954,0.448815752,0,1,0,1.889246588
104280,0.999856396,-0.145167933,0,1,1,6.957813362
104281,-1.765633798,-1.13783939,0,1,1,4.883245316
104282,0.320617793,-0.949631044,0,1,1,5.30250166
104283,-1.543763965,-2.028738703,1,1,0,-0.294955901
104284,2.080367876,-1.641654271,1,0,0,2.944515002
104285,0.538327965,1.626738045,0,1,0,6.150153751
104286,0.712922926,0.65464024,0,1,1,7.76173376
104287,-0.728362011,-1.165980226,1,1,1,3.766313443
104288,1.017537337,0.105016899,1,0,0,3.825081238
104289,0.415217037,-0.345336274,0,1,1,6.997610782
104290,0.112413103,1.614803627,0,1,1,7.077455227
104291,-1.664495782,1.247930186,0,0,1,7.872455566
104292,0.046287174,1.532684636,0,1,0,3.958137094
104293,0.850090512,-0.549223887,0,1,1,6.953958846
104294,1.37316523,1.094976536,1,1,0,5.895788326
104295,-0.206311196,-1.201624238,1,0,0,1.644361925
104296,-0.544341927,0.157162336,1,0,1,5.875548712
104297,-0.516578156,1.232624022,1,0,0,4.568407425
104298,-0.296736828,2.05042919,0,1,0,4.315393493
104299,1.487502271,1.494476353,0,0,0,5.815710815
104300,0.430120726,0.823641348,0,1,0,4.085597515
104301,0.714966222,-0.694039448,0,0,0,2.906202121
104302,1.140721524,1.118587774,1,0,0,5.649923495
104303,2.31971774,0.507782697,0,1,0,5.656732395
104304,0.505073835,0.771515041,0,1,1,7.963271055
104305,-1.996164588,0.480084178,0,1,1,8.683349085
104306,0.365375934,-0.487424488,0,0,0,2.813629569
104307,-0.26206015,-1.588395914,0,1,0,1.452469376
104308,-2.041318108,-0.136947026,0,0,1,8.160233175
104309,1.504010922,-0.996380426,0,0,0,2.424998322
104310,0.952221631,-0.185662389,0,1,0,3.661267451
104311,0.034407367,0.768778741,1,1,1,7.092636745
104312,-0.332210866,-0.209765983,1,0,0,3.00192102
104313,-1.006589927,0.866603443,0,1,1,5.900333632
104314,0.37184765,1.64048366,0,0,0,4.628545689
104315,-0.363807128,1.170207645,1,0,1,6.460212343
104316,-0.713753376,2.07558157,0,0,0,3.888082182
104317,-0.116350699,-0.082087571,1,1,0,2.869364712
104318,0.362615808,1.934464822,0,0,0,5.747802539
104319,0.9666128,1.343972468,0,1,0,5.488672303
104320,0.982682258,0.866522413,0,0,1,8.745741349
104321,0.169954117,-0.638031104,0,1,1,4.804566779
104322,1.403628219,0.766080943,0,0,0,4.516599717
104323,-0.161175426,-0.876732324,1,1,1,4.33023816
104324,-1.839242421,-1.053684542,0,0,0,0.306988695
104325,-0.915235478,0.052960014,0,1,0,1.914321723
104326,-1.292912797,-0.972246238,0,1,0,1.029209847
104327,0.116866012,0.704260811,0,1,0,4.569505381
104328,-2.104376437,-0.750119063,0,0,0,-0.245392077
104329,-0.920303369,-0.018894024,0,1,0,1.648258621
104330,1.328602869,-0.134706715,0,0,1,8.684795479
104331,-1.225175771,-0.088804751,0,0,1,5.843270934
104332,-0.66727313,1.510636266,1,1,1,6.894437217
104333,-0.341680423,0.30193134,1,0,0,3.425223703
104334,-1.334143573,-1.624542273,0,0,1,5.003463773
104335,-1.873657694,-0.138181062,0,0,0,0.820189689
104336,-1.079800866,1.837040911,1,0,1,6.031753077
104337,-0.536153413,0.440765444,1,1,0,2.699449767
104338,-0.470602366,0.457065138,0,0,0,3.063609063
104339,-0.212166646,-1.245985594,0,0,1,3.144950634
104340,-0.873015138,-0.095628338,0,1,1,5.923870015
104341,-1.161147698,-0.512495866,0,0,1,5.725660346
104342,0.833819501,-0.390368117,0,1,0,2.477205228
104343,0.070136942,-0.240296917,0,1,0,2.764049253
104344,-1.080664173,-1.359807615,0,1,1,3.494549767
104345,0.843374476,0.986659316,0,1,0,4.234847918
104346,-1.23664042,0.878084014,0,1,0,3.052022655
104347,0.073728119,0.473404092,1,1,1,6.028315547
104348,2.031251715,-2.071729856,0,1,1,8.133390869
104349,-0.466239005,0.299486577,0,1,0,3.074995945
104350,0.851078543,-1.085054121,0,1,0,1.955634039
104351,0.657562878,0.163449331,1,1,0,4.053290441
104352,1.504734487,-0.556731842,0,0,1,8.628612137
104353,0.688279281,-0.024186079,0,1,1,7.349323453
104354,-0.864383032,-0.680309095,0,0,1,4.766170856
104355,-0.683652923,-0.121089952,1,1,1,6.081293211
104356,0.19659449,-0.555544951,0,1,0,2.931906344
104357,0.896667185,-0.310502663,0,0,1,7.346759271
104358,1.215720368,0.222452638,1,1,1,8.661767967
104359,0.146198835,-0.406274715,0,1,1,5.810584132
104360,0.926682893,-1.901742909,0,1,0,1.594584258
104361,0.51823958,0.733016283,1,1,0,4.417642379
104362,0.866097181,0.186398346,1,0,0,3.89150358
104363,3.010970821,0.163609856,0,1,0,6.164947069
104364,-1.963887335,0.001009125,1,1,1,7.364074379
104365,0.209713511,-0.793362027,0,0,0,2.022126329
104366,1.629808538,-0.271499521,0,1,1,9.404467199
104367,-1.036653464,0.173508077,0,1,0,1.637041381
104368,0.158789178,0.484279689,0,0,1,6.700315452
104369,-2.640302149,-0.822303657,1,1,1,8.093223881
104370,0.387017126,1.16254942,0,0,0,4.997802215
104371,0.297865491,-0.800593144,1,1,1,5.341666665
104372,-0.144749122,0.961206292,0,1,1,6.426622559
104373,0.767832767,0.736122179,1,0,0,4.555026267
104374,1.325979645,1.543011243,1,1,0,6.340388844
104375,-1.133192832,-0.664074301,0,0,1,5.377702535
104376,1.281015789,-1.547374487,0,0,1,6.858443627
104377,0.98914705,-1.495176758,1,1,1,6.106885122
104378,1.133760766,0.119578918,0,1,1,8.05273186
104379,0.165075938,0.379277263,0,1,1,7.256379919
104380,-0.927535805,1.331669722,0,0,1,6.341646022
104381,1.191094948,-1.982816123,1,0,1,4.016556447
104382,1.893639056,-0.9272861,1,0,1,10.09742705
104383,-1.374525173,-1.240937442,0,0,0,0.830038651
104384,0.70424558,-3.316010417,0,1,0,-0.196644469
104385,-0.526248401,-0.590894269,1,0,0,1.41672803
104386,-0.433061185,-1.455422812,1,0,1,2.894836497
104387,-0.039281467,0.069922201,1,1,1,5.580799862
104388,-0.483831992,1.097379617,0,1,1,6.056013734
104389,-0.992665662,-0.23207067,1,0,1,5.904904374
104390,0.38546709,-1.603387908,0,1,0,2.24556868
104391,-2.145194295,0.205569681,1,1,1,8.469926146
104392,0.872798352,1.78280125,1,0,1,8.007071514
104393,-0.078666327,0.03559505,0,1,0,3.684440214
104394,-0.721176983,0.345692647,0,0,1,5.942120465
104395,-1.264183568,0.574030761,0,1,0,1.495480094
104396,-0.116421822,-0.825386825,0,1,1,4.186871245
104397,0.466489529,0.687485759,0,1,1,7.005779428
104398,2.260304818,0.167430458,1,0,0,5.960520729
104399,-0.25674244,0.306783625,0,1,1,5.971485938
104400,0.317885813,0.038884653,0,1,0,3.019601902
104401,2.519810109,1.327608275,0,0,1,14.95300919
104402,0.979403501,0.176931343,0,0,0,3.865684396
104403,0.176484335,-0.508939929,1,1,0,2.051973417
104404,-1.567114604,-0.049565604,0,0,0,1.320902537
104405,0.001610488,-0.416836447,0,0,1,4.810954537
104406,1.10361506,0.393898204,0,0,0,5.06072733
104407,0.185179442,0.464879223,0,1,1,7.203552434
104408,-1.197984352,-0.294517465,1,0,0,1.780490953
104409,-1.008849832,1.000812225,1,0,0,3.280168006
104410,-0.635088403,-1.312361774,0,0,0,0.515192437
104411,0.295092788,1.246117902,0,1,1,6.498742126
104412,-1.331913899,1.064345264,0,1,0,3.281298963
104413,-0.175309027,-0.67407716,0,0,0,2.0888882
104414,1.463047614,1.206705694,0,1,1,10.24418852
104415,-1.187819338,1.216812875,0,0,0,3.400440684
104416,0.264390536,0.308395317,0,1,0,3.028676963
104417,-0.806058981,-0.375948932,1,1,0,1.421173577
104418,1.610261018,-0.643964128,0,1,1,8.767735168
104419,1.433631713,2.771077294,1,1,1,9.805932809
104420,-0.702710099,0.567799376,0,1,1,5.777368011
104421,1.072774222,0.182592587,1,1,0,3.939467132
104422,-1.6107197,0.118767755,1,1,1,7.267527412
104423,0.681796249,0.896813457,0,1,0,4.736994699
104424,-0.980370013,0.393351112,1,0,1,5.53519253
104425,0.376205538,1.63499354,0,0,1,7.662516402
104426,1.110933413,0.396568842,0,1,1,7.792001748
104427,1.538979005,0.71216982,1,1,0,6.204095044
104428,-0.443326365,0.508594117,0,1,0,3.035517817
104429,0.039032992,0.559939356,0,1,1,6.531325332
104430,2.162381671,-0.503117105,0,1,1,12.00969275
104431,0.800014811,1.581908275,0,1,0,5.539026152
104432,2.282913422,1.091459077,1,1,1,14.75096936
104433,-0.316718601,-0.916141912,0,1,0,2.112663886
104434,-0.854314311,-2.41266915,1,1,1,2.06378433
104435,0.428591876,-0.242299159,0,1,0,2.882255911
104436,-0.07126505,-0.383385402,0,0,1,5.055031378
104437,0.060088585,-0.441104834,0,1,0,1.708823157
104438,-0.078193059,-0.162004509,0,1,1,5.743669267
104439,0.333576407,1.608138128,1,0,0,4.972398055
104440,0.605328596,0.205386041,0,0,0,3.48941017
104441,-1.182049841,-0.164027096,1,0,0,2.120574909
104442,1.435880107,-0.13951264,0,1,1,9.989250242
104443,1.968829657,1.053966782,0,0,0,5.896036654
104444,-1.109171001,-0.240565228,0,0,0,2.243658859
104445,0.543254378,0.984080149,0,1,0,4.653195462
104446,-0.191973523,-0.452808995,0,0,1,5.828942669
104447,1.186314312,0.793506529,1,1,1,8.945170034
104448,1.695073029,-0.518601449,0,0,1,9.769883035
104449,-1.333975989,1.137511971,0,1,0,3.692129453
104450,0.621694143,-0.242891964,1,0,1,6.885211993
104451,-0.993526832,-0.860507439,0,0,1,4.523677035
104452,-0.562611194,-1.858874091,1,1,1,1.914682383
104453,1.101198236,0.71745793,1,1,1,8.980579491
104454,-0.517431518,-0.821639811,0,1,1,4.12521543
104455,-0.043925344,2.694671897,0,1,1,6.58358988
104456,0.369099581,0.243828823,0,1,0,3.851394629
104457,-0.926635234,-0.853033366,1,0,1,3.552380477
104458,1.616340333,-0.469532018,0,1,0,4.878599527
104459,0.362707013,-0.131360545,1,1,1,6.41756158
104460,-0.279458581,-0.457855201,1,0,1,4.858868315
104461,0.737662683,-1.187538762,0,0,1,4.618542716
104462,0.987049897,0.003386027,0,1,0,5.313841521
104463,-1.473698012,-0.923156164,0,1,0,0.288939152
104464,-0.440930581,-0.966776138,1,1,0,1.112919965
104465,-1.207451045,0.388927673,0,0,0,3.025583345
104466,1.688452347,0.184276313,0,0,0,5.063466506
104467,-0.658585126,-0.389024964,0,0,0,1.197894337
104468,-0.173964666,0.286342924,0,1,1,6.020193388
104469,1.953816019,0.40079145,0,1,1,11.68561765
104470,1.168658964,0.337187001,0,0,1,8.975249022
104471,0.195528504,-0.433491865,0,0,1,5.222932568
104472,-0.352125536,1.187194613,0,1,0,3.621568925
104473,0.895088822,1.160228239,1,0,1,7.290523347
104474,0.214498944,-0.421024265,1,1,1,5.181456947
104475,1.317599748,-0.960198312,0,0,1,6.341934729
104476,-0.706744197,0.218450707,0,0,1,6.217847236
104477,0.246185881,-1.062634615,0,0,0,1.775043599
104478,-0.216372768,-0.795751655,0,1,1,5.123954218
104479,2.816517832,0.024199338,0,1,1,16.52275592
104480,1.484728359,0.193955236,0,1,0,4.989572994
104481,0.56128248,-0.400344858,0,0,1,6.250225252
104482,0.864884801,1.85942062,1,1,0,5.037869253
104483,0.760036407,-0.398746894,0,0,0,2.773754035
104484,-0.731282703,1.167196405,0,1,0,3.293322746
104485,-0.95993113,-0.574413331,0,1,0,1.613062512
104486,0.80870529,0.514638369,0,1,1,7.727169001
104487,-1.263968841,-0.169893271,0,1,1,6.443436498
104488,0.12929883,1.023391625,0,1,0,4.910252856
104489,-0.039095124,-1.131338227,1,0,1,4.272328909
104490,1.965333296,1.244218563,1,1,1,12.12660021
104491,-0.714636438,0.250727053,0,1,1,5.500200542
104492,1.226173927,-1.4115151,1,0,1,6.084870293
104493,0.539766824,-0.551421485,1,1,0,3.636100424
104494,-0.814948244,-0.202371981,0,0,0,1.375033665
104495,-0.182093557,-0.481935734,1,1,0,1.743144807
104496,-1.60000939,-0.606310173,0,0,0,1.238705764
104497,-0.262890181,-0.727766949,0,0,0,2.445092359
104498,-0.29835865,0.506249175,0,1,0,3.503335857
104499,1.134479157,-0.653977958,1,1,0,3.322249872
104500,0.015896467,-0.110165559,0,1,0,2.262278828
104501,1.131538463,-0.321510239,0,1,1,8.260257163
104502,0.392147631,-0.541997757,0,0,1,5.365370027
104503,-1.513385765,0.262150115,0,1,1,7.052899857
104504,-1.642190965,0.81005315,0,0,0,2.097002073
104505,-0.069725852,-0.901495636,0,0,1,4.982742048
104506,-0.32388435,-1.422084643,1,0,1,3.274722737
104507,-1.100462485,-0.077919855,1,1,1,5.162910011
104508,2.212846725,-0.648749238,1,1,0,4.793555676
104509,0.88414282,-1.700434862,0,0,0,2.732887961
104510,0.420842329,-1.02763737,0,0,1,5.201927769
104511,1.182830252,-1.467323218,1,0,1,5.640472455
104512,1.395684674,0.597966474,0,0,1,9.41385117
104513,-2.475487247,-0.753645884,0,0,0,-0.77035382
104514,-0.514599323,-1.174265823,0,1,1,3.869963566
104515,0.702391861,1.77072351,0,0,0,4.798442106
104516,1.501080893,2.600558363,0,1,0,6.48570934
104517,-2.026526381,-1.627467103,1,1,0,-1.069998873
104518,-0.161670821,1.06448367,0,1,0,3.610311533
104519,0.824135279,-0.04332992,0,0,0,5.245900643
104520,0.267700321,0.3303456,0,0,1,6.220812324
104521,2.702761003,1.53027356,0,1,0,7.251251591
104522,0.147496969,-0.853517598,0,0,1,5.995616584
104523,-2.119261054,0.734006962,1,1,1,8.798775387
104524,-0.092745364,1.285730545,1,1,0,4.189792714
104525,0.916725092,-0.448242578,0,1,0,3.431523223
104526,1.416908129,2.718426902,0,1,0,7.066376875
104527,-1.32759875,0.098399225,1,1,0,1.363170155
104528,0.143272612,0.79023643,0,1,1,6.894773554
104529,1.909232406,-0.63606318,0,1,1,10.66969961
104530,0.489373015,-2.466675836,1,1,0,1.425388291
104531,0.524266832,0.30862549,0,1,1,7.894024937
104532,0.586702452,-0.464104391,1,1,1,6.152727522
104533,1.510476236,0.153649889,0,1,1,9.120265015
104534,-1.428066002,-0.630553447,0,1,1,6.100890891
104535,0.698495406,0.832563399,0,0,1,8.055533825
104536,-0.492300633,-0.071036424,0,0,1,5.723554828
104537,-0.456551971,-1.949192449,0,0,0,1.516972688
104538,-0.028529852,-1.007451313,1,0,0,1.21949408
104539,-0.875681969,-0.392347764,0,0,1,5.332549527
104540,-0.90294377,-1.065003618,0,0,0,1.837180517
104541,0.819534171,-1.516271762,1,1,0,2.19708346
104542,-0.828647641,-0.772871345,0,1,1,5.086611978
104543,0.826099513,0.828239397,0,1,1,7.722082064
104544,1.879506469,-0.351632011,0,0,1,10.99626919
104545,-0.10113911,-0.820033483,0,0,0,2.102153293
104546,-0.739656583,1.795048232,0,0,1,6.604293162
104547,-1.002880965,0.204868808,0,1,0,1.329570557
104548,0.199188249,0.080242502,0,1,1,5.055889523
104549,-0.542371195,1.456531887,0,1,0,3.726317675
104550,1.04685409,-0.409166364,0,1,1,7.865627934
104551,1.966215281,0.93850365,0,1,1,12.49766681
104552,0.161369593,-1.518004739,0,1,1,4.383927178
104553,0.541051287,0.691186921,1,1,1,6.849137279
104554,0.221181354,-0.090584488,0,0,1,5.856199884
104555,0.039628281,0.301970724,0,0,1,7.59239132
104556,0.306624338,0.724856106,0,0,1,6.38451025
104557,-1.178722534,0.140477552,0,1,0,1.866001579
104558,-0.390996268,0.518790815,0,1,1,6.957939755
104559,-1.782059507,0.307958273,1,1,0,1.528034979
104560,0.217841015,0.566667848,1,1,0,4.56012357
104561,2.207337399,-1.805232885,0,0,0,3.476473831
104562,0.334505049,-0.751454921,0,1,0,3.140985612
104563,1.470539777,0.103314716,1,1,1,10.56990516
104564,0.426246892,-0.523303074,0,0,1,5.336753156
104565,-0.984997468,0.362935838,0,1,1,5.721596456
104566,0.573029754,-1.345793419,1,0,0,1.364825629
104567,0.239819821,-0.019198299,1,0,0,2.077700134
104568,0.150578497,-0.241597397,0,1,1,5.223144452
104569,-0.421611028,-1.155212683,1,0,1,3.716018768
104570,-0.48982486,0.475646559,0,0,0,3.120234469
104571,1.932659585,0.501703597,1,0,0,6.043622343
104572,-1.817325411,1.115921436,1,1,0,1.696332763
104573,0.364896592,1.277906783,0,1,0,4.399445518
104574,1.93541885,1.255263406,1,1,1,11.5907747
104575,0.326739848,0.004370778,1,1,1,6.631940076
104576,1.038993075,-0.358129329,1,1,1,8.521709084
104577,-0.111158046,1.024790396,0,1,0,3.439778294
104578,0.972890736,-0.53249762,0,1,0,3.824489832
104579,0.81789897,-0.895215872,0,1,1,7.188780541
104580,-0.521653674,0.628313326,1,1,0,2.425872412
104581,2.188399365,1.123667572,0,0,1,13.18304279
104582,0.249936857,-1.658040282,0,1,1,3.681238781
104583,-0.475560915,0.183449535,1,0,1,5.382749475
104584,0.400646385,-0.252126118,0,1,1,7.349975697
104585,-1.706383,-0.585297148,0,1,0,0.248568936
104586,-0.133111965,-0.796779976,0,0,1,4.708035
104587,0.525414731,-1.002918243,0,1,0,2.02232779
104588,-0.19849054,-0.4448322,0,0,1,4.250852548
104589,-1.962564812,-0.410410706,0,1,0,0.770080386
104590,-0.100208319,1.027447935,0,0,1,7.043311188
104591,0.623446467,0.131569117,0,0,0,3.740388317
104592,-0.292503761,0.442634908,1,0,0,3.218639359
104593,0.284068476,-1.887526979,0,1,0,0.964797425
104594,-1.345939723,-2.240627112,1,0,0,-0.731142341
104595,1.051415958,-2.749194065,0,1,0,0.826452953
104596,2.145151277,0.6636661,1,0,1,13.35572582
104597,-0.114233757,0.727209572,1,0,0,3.079454368
104598,-0.958864441,-0.799128784,0,0,1,4.653024271
104599,0.371558697,-0.456539164,1,1,1,6.709681174
104600,-0.139554386,-0.692508134,1,0,0,2.474212305
104601,-0.501628252,0.047969398,1,1,1,5.991795853
104602,1.395305945,0.130621079,1,1,0,4.666909472
104603,-0.578814755,0.551159934,0,1,0,2.613960069
104604,-0.760389876,-0.302958433,0,1,1,4.652691404
104605,2.305680398,-0.900024787,0,0,0,4.636798724
104606,0.378810817,-0.323193571,1,1,1,6.341547168
104607,-0.567337221,-0.314847449,1,0,1,4.354185313
104608,-2.008578375,-1.096670352,0,1,0,-0.181567047
104609,0.693561034,-0.259901557,0,1,0,4.408578699
104610,-1.314827923,-1.830744106,1,1,1,3.469494296
104611,-0.504833388,-0.299027349,1,0,1,5.488737079
104612,-0.101094225,1.265298496,0,1,1,7.180932883
104613,-0.685571906,-0.079692801,1,1,0,2.660629684
104614,0.140802506,-1.876093445,0,1,1,2.181529855
104615,0.759624201,-0.538847527,0,1,0,3.331676053
104616,0.262702939,-0.302104496,0,1,1,6.347713478
104617,0.965106217,0.117350881,0,0,0,4.215563239
104618,0.694073674,0.443998521,1,0,1,8.15921214
104619,-0.35008567,-1.01573501,0,1,1,4.440671195
104620,-1.433139195,-2.68984398,0,1,1,2.163170335
104621,0.396397883,-0.928068209,0,0,0,2.607667099
104622,1.265123067,0.124331591,0,1,0,4.151739394
104623,1.239965691,0.825793809,1,0,1,9.758030107
104624,0.055489023,-0.468269484,0,0,1,5.529020518
104625,0.485882672,-0.258682908,1,1,1,7.381233956
104626,-1.385084482,-0.735082304,0,1,1,5.886585297
104627,-0.091115748,0.322489702,0,1,0,3.801573758
104628,-1.229938952,-0.738421331,0,1,0,1.220432639
104629,1.01408465,-0.943981106,0,0,1,6.264439338
104630,-1.000535888,1.356876734,0,0,1,6.85069065
104631,0.301210674,-1.099780053,1,1,1,5.453579636
104632,0.590204751,-0.289895364,0,0,1,5.824682108
104633,-0.060527086,-0.570797045,0,0,0,2.485905913
104634,-0.373555933,1.087855734,0,0,0,3.131540318
104635,1.168781377,2.564125687,0,1,1,9.017386529
104636,-1.100885752,1.113131263,1,0,1,5.984325763
104637,0.135108396,0.432275964,1,1,1,6.922093437
104638,-0.54175346,0.726135541,1,0,0,3.358788379
104639,-0.831886021,1.312471062,0,1,1,6.99254667
104640,-1.127868218,-0.419361382,0,0,1,6.228478647
104641,-0.064729783,-1.243617081,0,0,1,3.994394884
104642,0.81780339,1.501389493,1,1,0,5.818350798
104643,0.455867571,-0.826746785,0,0,0,2.927260753
104644,-1.44012568,2.403558234,1,1,0,4.669768597
104645,2.994376811,0.992800897,0,1,0,6.904846713
104646,1.039078214,0.786695107,0,0,0,5.743881375
104647,-0.712996222,0.304756145,0,1,0,2.404490479
104648,-0.321277427,0.12589453,1,1,1,6.272606566
104649,2.160415958,-0.496291237,0,1,1,12.24151396
104650,-0.645332161,-1.267812695,0,0,0,0.644564288
104651,0.187716808,-0.645576993,0,0,0,2.369663706
104652,-1.681754792,-0.452987332,0,0,0,0.915947172
104653,-0.05732973,0.060834564,0,1,1,5.226497202
104654,-0.166202923,-0.75520525,0,1,1,5.048003184
104655,0.106727592,0.09152605,0,1,0,2.682093907
104656,-0.971589805,0.091522418,0,1,1,5.500548424
104657,0.754121754,-0.664539695,1,0,0,2.459047237
104658,-0.618896818,-0.594103253,0,0,0,1.563147757
104659,0.745711894,-1.681334808,1,0,0,2.398135191
104660,-0.088608192,-1.488341091,0,1,1,4.151159758
104661,0.474643929,-0.126758226,1,1,1,6.862008453
104662,1.041160909,-0.755477243,0,1,0,2.808499201
104663,0.888419713,-0.645875976,1,1,1,7.019902805
104664,-0.62617335,-0.795795832,0,0,1,5.152070962
104665,-0.350248941,-0.083771263,0,0,0,2.848027069
104666,-1.000905678,-0.490049699,0,0,0,1.743139243
104667,0.915041703,0.051356399,0,0,1,7.401145853
104668,1.359280127,0.562233142,0,1,1,8.947286026
104669,0.319570878,0.046293418,0,1,0,3.372311013
104670,0.689445184,0.047186513,0,1,1,7.465339897
104671,0.429570891,0.66017727,0,0,1,6.940970325
104672,-0.712308996,1.945013818,0,0,0,3.628315978
104673,0.689421754,-1.343128393,0,0,1,5.608047333
104674,1.38229916,-1.15108126,0,1,1,7.917023202
104675,0.927286023,-1.214248024,1,1,0,3.328168209
104676,-1.281221456,0.083377223,1,1,0,1.688266305
104677,1.368576093,0.078781891,1,0,0,5.223430172
104678,-0.47607315,-1.144633069,0,1,1,4.814433607
104679,1.141060791,0.50310982,0,1,0,5.401665415
104680,-0.541285394,-0.15539741,0,0,0,2.040571542
104681,1.202436446,1.425988068,0,0,0,6.25523567
104682,0.533573146,-0.067043914,1,1,1,6.924515895
104683,-0.615342591,-0.642820296,1,0,1,3.559876972
104684,1.675306735,0.1622065,0,0,1,10.1526231
104685,0.322406483,1.741676403,0,0,0,5.175202776
104686,-1.976592794,1.923598176,1,1,0,2.057495793
104687,-0.939168048,-1.413100166,0,0,1,3.630319641
104688,-1.241594263,-1.483809188,0,1,0,0.233368185
104689,0.846044188,0.599116845,0,1,1,9.402686242
104690,1.02745073,-1.047494224,0,1,1,6.678523126
104691,0.573705024,0.356120921,0,1,0,4.468011339
104692,-0.210096183,1.099802516,0,1,0,4.478526032
104693,-0.729675268,-2.268955249,1,1,0,0.001394327
104694,1.055421999,0.756804697,1,0,0,5.28601595
104695,-0.486736834,0.00963228,0,0,1,4.777179906
104696,-0.064506861,-0.360987057,1,1,0,2.622726044
104697,0.354798617,0.100985339,0,1,1,6.098424543
104698,-0.291323657,-0.095415134,1,1,0,2.201940312
104699,-1.438067428,-0.690436657,0,1,0,0.649522674
104700,-0.658067632,-0.113018028,1,0,1,4.734061131
104701,0.097847633,0.734404597,0,1,0,3.689774009
104702,-0.185760667,-0.647480274,0,1,1,5.349901885
104703,0.928575662,0.663782428,0,1,1,8.013821211
104704,-0.10447002,-0.932717549,0,1,0,2.004673465
104705,1.322406854,-0.597635859,1,1,0,3.087715725
104706,0.448520808,-0.882825309,0,1,1,5.107240678
104707,0.593490577,-0.32921362,0,1,1,6.374765272
104708,0.5945971,-0.387307132,0,0,0,2.990538556
104709,1.68792945,-0.035636408,0,1,0,4.785573553
104710,0.197075255,0.584795532,1,1,1,6.265845256
104711,1.62462189,-0.221715951,0,1,0,4.271480564
104712,-0.857013258,-0.029929624,0,1,0,1.990212836
104713,-1.635547526,-1.385594935,0,0,0,-0.537057576
104714,1.917600828,0.129276118,0,0,0,4.83004578
104715,0.032636339,-0.732209682,1,0,1,5.037708432
104716,-1.705142625,1.16495246,1,1,0,2.954916474
104717,0.213619305,-1.063038681,0,1,0,2.760174775
104718,-0.53611305,-0.686763266,1,1,0,2.024950853
104719,0.391762353,1.403103765,0,1,0,4.237368505
104720,-1.342772203,0.294376397,0,0,1,6.54625754
104721,-0.445614885,-1.116728208,0,0,0,1.258265892
104722,-0.885879471,1.712832886,1,1,1,6.388978625
104723,-1.59933577,-0.202169058,1,1,0,1.960479048
104724,-0.116559983,-0.521228201,1,1,1,6.457908148
104725,0.810344333,0.627677157,1,0,0,4.807418603
104726,1.067516396,1.683082875,0,0,0,6.209067372
104727,1.122577395,0.475148544,0,1,0,5.49169545
104728,-1.730232747,-0.544081551,1,0,1,6.696290165
104729,0.580374678,0.529398297,0,0,1,7.125194535
104730,-1.214923965,-0.50673645,1,0,0,1.576258226
104731,0.720772154,-0.294766501,0,1,1,6.724758691
104732,0.308972168,0.299127536,0,0,1,5.787686957
104733,-0.140032083,0.731351646,0,0,0,3.537573298
104734,-0.487047775,-0.075587968,0,1,0,2.665132925
104735,-0.126175816,-1.269188038,1,1,0,0.827675677
104736,-1.811037414,-0.492542538,1,1,0,0.066775544
104737,-2.048850449,1.52730619,0,1,1,8.993369367
104738,0.784947077,0.211833238,1,1,1,7.124334124
104739,0.281104757,-1.431541599,0,1,1,4.136677766
104740,2.504312812,0.993043999,0,0,0,6.475352001
104741,-0.072351088,0.535678257,0,1,1,6.049081347
104742,-1.279120115,-0.446511602,0,0,0,0.655981745
104743,0.198042674,-1.2576155,0,1,1,4.489293827
104744,-1.160652175,-0.859073183,0,1,0,0.728645037
104745,-0.369197683,1.3202345,1,0,1,6.893146212
104746,0.396708511,0.385051082,0,1,0,3.937846321
104747,-1.600497249,-0.493259595,0,0,1,6.597728586
104748,-1.355348882,0.281367962,1,0,0,1.152225615
104749,-0.453528816,1.221671646,1,1,1,6.905398113
104750,-0.146269762,-0.786873632,0,1,1,4.759989441
104751,1.176959703,-0.03255152,0,1,1,8.70088498
104752,-1.132972469,-1.66806788,0,0,1,3.466810306
104753,-0.125321329,0.449275755,1,0,0,2.974547644
104754,0.117365758,-0.680677049,0,0,0,3.188984701
104755,-0.013272529,-0.976235086,0,0,1,5.040200841
104756,-0.884585816,-1.890764673,0,0,0,-0.532255935
104757,-0.310641259,0.638145155,0,0,1,5.595276579
104758,-0.154318188,-0.094949839,0,1,0,2.518176374
104759,1.65114495,1.78812143,0,1,0,5.955011845
104760,-0.594543784,0.157752794,0,0,1,6.008361982
104761,2.202429901,-1.242911663,0,1,0,3.379940413
104762,-1.626004134,-0.733514278,1,1,1,6.516521731
104763,-0.45238989,1.469786835,0,1,1,6.504105441
104764,-0.935968764,-1.085416437,1,0,1,3.86338851
104765,3.136224721,-0.484747914,0,1,0,5.10635125
104766,0.361931934,0.343245714,0,1,1,7.624483478
104767,0.876253976,0.117251698,1,1,0,4.630084771
104768,-0.884669932,0.159728191,0,1,0,2.702767782
104769,0.521261919,-0.085224842,0,1,1,7.651070502
104770,-0.191821448,1.143184645,0,1,1,6.35352885
104771,-1.053387288,0.762550402,0,0,0,2.90406281
104772,0.290454133,0.745355445,0,0,0,4.114568749
104773,-0.394726208,0.760904864,1,1,1,6.439514761
104774,0.362739549,-0.535330866,1,0,1,5.024953715
104775,-1.577438806,-2.175374247,1,1,1,4.132510162
104776,-0.13431788,-0.835895723,0,1,1,5.539246405
104777,-0.473722464,-0.782680953,1,1,1,3.50864329
104778,-0.158738529,-0.107524141,0,0,0,3.414354156
104779,0.944865888,-0.88966109,0,0,0,2.323158471
104780,0.478678316,-1.138347717,1,0,0,2.018151641
104781,-2.712810636,0.422031044,1,0,0,0.565187309
104782,-1.028596735,1.18387551,1,0,0,3.374815313
104783,-0.711631548,-0.379023754,1,1,0,1.297578092
104784,-1.507148292,0.653462299,1,0,0,3.018121835
104785,0.619098971,0.328766922,1,0,0,4.354744805
104786,0.647265905,-1.288439118,0,0,0,2.572953455
104787,0.184003036,-0.857830718,1,0,1,4.464713787
104788,1.282455599,-0.491198329,0,1,1,8.612901037
104789,0.709830662,0.586539438,0,1,1,7.413539713
104790,-1.335563722,-1.093564568,1,1,1,4.880789201
104791,-0.002545387,1.157327595,0,1,0,3.990715933
104792,0.039383235,0.93879828,0,1,0,3.569264588
104793,-0.266479953,-0.387526424,0,0,1,5.234623132
104794,0.911181512,0.735946605,0,0,1,8.370530914
104795,-0.985748767,0.883103862,1,1,0,3.552404028
104796,0.892986788,-1.359822749,0,0,0,1.92523848
104797,0.64774543,-0.079928396,0,1,1,7.710106613
104798,1.277541569,2.225488484,1,1,1,10.60862506
104799,1.271831169,-1.15811193,1,1,0,3.960876452
104800,-2.339923022,-0.696430819,1,1,1,7.749069534
104801,1.586350229,0.798712799,0,1,0,5.288674445
104802,-0.983213337,0.08581198,1,0,0,3.685371282
104803,0.536751432,-0.422338346,0,0,1,5.855566519
104804,0.228980568,-1.618516563,0,0,1,3.437035315
104805,-2.079500581,-0.248556692,1,0,0,0.638974656
104806,0.484810653,-0.902580484,0,1,1,5.898780133
104807,-0.617597928,1.038487495,0,1,1,6.497678355
104808,-0.97687464,0.909913434,0,1,0,2.547907476
104809,1.12375166,-0.236537627,1,1,1,8.307033313
104810,-0.278829181,-1.394915024,0,0,1,3.178257904
104811,0.62374305,-0.646279101,1,0,1,6.656962435
104812,-0.613977264,-1.493012808,1,1,0,1.651011866
104813,1.212521035,0.496474687,0,0,0,4.052291756
104814,-0.182754112,0.357781416,0,1,0,2.956901384
104815,-0.668621323,0.93639815,0,1,0,3.069754269
104816,-0.210919142,-0.326347896,0,1,0,2.383703897
104817,-0.755666172,0.681551807,0,0,1,6.134999303
104818,0.838630546,-0.878697465,1,0,1,6.104548728
104819,0.665404485,0.03253718,0,0,0,2.572736521
104820,-1.613654856,1.773816582,0,1,1,7.657379951
104821,0.34428103,-0.616420755,0,1,0,1.460943074
104822,-1.730536737,-0.612656682,0,1,0,0.595130707
104823,-0.058307969,-0.15655075,0,1,0,1.869609811
104824,0.534179165,-0.134227558,0,1,0,2.191180105
104825,-1.319163718,-0.194862712,0,1,0,1.990033515
104826,0.093788041,1.001378676,1,1,0,3.180935299
104827,0.02969953,-0.650764736,0,1,0,3.039389676
104828,-0.0370063,-1.251783357,0,1,1,4.095759787
104829,-0.033837731,0.028264302,0,1,1,6.401245852
104830,0.949936405,1.795668503,0,1,0,5.72541881
104831,0.431100183,0.149012026,1,1,0,3.358807739
104832,0.118061363,0.09864983,0,1,0,3.44130293
104833,-0.557772366,0.534926319,1,1,0,2.935141411
104834,-0.116865876,-0.44447191,1,1,0,2.157027185
104835,0.639167985,-0.767552547,0,1,0,2.509577227
104836,0.577215193,-1.092049302,0,1,1,5.294122092
104837,-1.022000427,-0.874029683,0,1,0,0.817539779
104838,-0.996898648,0.275766406,0,0,1,6.552801602
104839,0.970300142,-0.564451693,1,0,0,3.395993399
104840,0.625203761,-3.114263309,0,0,0,0.809774515
104841,-1.691933688,-0.330025088,0,0,0,0.250839773
104842,-0.190949972,1.754589077,0,1,1,6.394780007
104843,0.356938208,0.983153992,1,1,0,3.874494621
104844,0.521653481,1.148578652,0,0,0,4.480808578
104845,0.168408041,-0.556446738,0,0,0,1.949861598
104846,0.044972622,-0.189508101,0,1,0,2.484674998
104847,-0.291058951,-0.014774898,0,1,0,2.472311241
104848,1.060550923,1.641779296,1,1,0,6.033248137
104849,1.428886376,2.253897889,0,1,1,10.47626207
104850,0.151336149,0.221817225,0,1,1,6.304273476
104851,0.641472083,-0.765495761,0,1,0,2.583323401
104852,-1.404974823,-0.866405377,0,1,1,6.113776799
104853,-1.684957981,0.221466544,0,1,0,2.602871535
104854,-0.477545767,0.645931544,1,1,0,3.483501551
104855,1.212224207,-0.961474233,0,1,0,3.646614499
104856,0.36804831,-0.139371438,1,1,0,3.258479029
104857,-0.334035235,-0.83414792,0,0,0,1.761444972
104858,0.603193934,-0.307090076,0,1,0,5.022208252
104859,0.352033201,0.133219299,1,1,0,2.819070973
104860,-0.313227241,1.625958232,0,0,0,4.713430534
104861,0.836063866,-1.62964644,0,1,1,4.614592998
104862,0.720581567,-1.234817257,1,0,0,2.507921399
104863,0.612719355,0.572968787,0,1,1,8.254177789
104864,-0.365770138,0.06259819,0,1,1,5.312093728
104865,1.265009249,0.083469281,0,0,1,8.711499469
104866,0.497403595,1.608905685,1,1,1,7.418203414
104867,-0.909646973,-0.958907949,0,0,0,1.258814757
104868,0.854029455,-0.999195837,0,0,1,6.306396304
104869,0.164285071,0.56253592,0,0,0,4.074574595
104870,0.77468559,0.643355121,1,1,0,3.912902919
104871,-1.60247825,0.242416359,0,1,0,2.576817039
104872,-1.174767233,-1.388939879,0,0,1,3.296134716
104873,0.868070074,0.595532252,0,1,0,3.889971428
104874,1.722929164,-1.274194135,0,0,0,4.206431295
104875,-0.365768938,-0.018435974,0,0,1,5.295289478
104876,-1.707070825,-2.188312036,1,0,1,3.543342776
104877,-0.81733248,1.195902605,0,0,1,6.278612477
104878,-0.50605357,-0.147979994,1,1,1,5.578075861
104879,-0.42556617,-0.361221503,1,1,1,5.807152133
104880,-0.651883956,-0.562310705,0,1,0,1.765885611
104881,-1.383381637,-0.691925387,1,0,0,0.504485662
104882,2.263837335,0.398608739,0,1,1,13.64270349
104883,0.876278086,-0.213990983,0,1,1,7.019061231
104884,-0.491674227,0.239655389,0,1,1,5.4655266
104885,-1.117465873,2.121399591,1,1,1,7.351586158
104886,-0.720020936,0.960918918,1,0,0,2.318582391
104887,-0.868192951,0.620351689,1,1,1,6.480560454
104888,0.316565925,-0.519646835,0,1,1,6.040935898
104889,0.911277986,-0.664026284,1,0,1,6.197188117
104890,-1.933263283,0.699893256,0,1,1,7.939794668
104891,-0.171326558,-0.300639571,0,0,1,4.737145933
104892,0.136763295,-0.413954328,0,0,1,5.946653717
104893,-0.674228717,-0.542986449,0,1,0,1.776853061
104894,-0.035197759,-2.156306178,0,1,0,0.235507888
104895,0.26640116,0.655271017,1,0,1,7.635961744
104896,-0.571579506,0.889395371,1,0,0,3.275899581
104897,0.670486023,-0.803600621,0,1,0,2.900441865
104898,1.792768588,-0.576110651,1,1,0,3.744009772
104899,0.150322607,-1.734622815,0,1,1,2.81679743
104900,-0.416768511,0.306970383,0,1,0,3.095575837
104901,0.277870395,0.18831224,1,0,1,6.617806957
104902,3.386114519,1.46288249,0,1,1,21.02849821
104903,0.71100839,0.4027819,0,1,0,4.199678119
104904,-0.777767425,0.001460824,1,0,0,2.144657877
104905,0.979634539,0.164430927,0,0,1,7.414495801
104906,0.46831576,0.705182934,1,0,0,4.019824093
104907,1.667645315,-0.835511918,0,1,1,9.274396668
104908,0.320687176,0.914052122,0,1,1,7.012091326
104909,-1.301096376,-1.148478474,0,0,0,0.465602416
104910,-0.552113531,-1.041590473,0,1,0,1.995968951
104911,0.836349151,0.938550503,0,1,1,7.641541391
104912,-0.404580904,-0.364199182,0,1,1,6.003742622
104913,0.970597406,1.753107855,0,0,1,7.752531915
104914,1.858037216,0.657151052,0,0,0,5.853563248
104915,1.43955836,0.858298679,1,0,1,9.23248897
104916,0.574508049,0.865828099,1,0,1,8.138547186
104917,1.651478518,1.496917001,0,1,0,6.574114076
104918,1.484165871,0.878217775,0,1,1,10.05036557
104919,-1.914482041,-0.357395568,0,1,1,6.997369706
104920,-0.854565896,-1.378476693,0,1,0,-0.046271624
104921,0.015626604,-0.318161655,0,1,0,2.032980176
104922,-1.098048295,0.853452957,1,0,0,3.064050337
104923,-0.576462539,0.082835016,0,0,1,5.916927527
104924,2.034391409,-0.544324886,1,1,1,11.36642828
104925,-1.492673195,1.402212985,0,1,1,7.684807629
104926,-1.043414046,0.314731334,0,0,0,2.746637054
104927,-1.257393601,0.526287039,1,0,0,2.711010271
104928,-1.548224128,0.842873433,0,1,1,6.664401926
104929,-1.256577843,0.950886933,0,1,1,7.429940677
104930,-1.146678944,0.736622821,0,0,0,2.236248662
104931,-0.174511258,-0.803595933,1,1,0,1.371912864
104932,0.621710149,-0.627052795,0,1,1,6.026635366
104933,0.083084543,0.512865663,0,1,0,3.706466587
104934,-1.91878297,1.771316508,0,1,0,2.664452742
104935,1.221586805,-1.628385164,0,0,1,5.705109378
104936,0.190851964,0.298056751,1,1,0,3.751777756
104937,1.245247649,-0.368306893,0,0,0,4.135756002
104938,1.180797182,2.361128342,1,0,0,6.924693129
104939,-0.177197877,-0.175977534,1,1,0,2.261921783
104940,-0.120093323,-0.781063396,0,0,1,4.627853552
104941,-1.640058935,0.045850911,0,0,0,1.80258836
104942,1.078211839,1.612109483,0,0,1,9.1586712
104943,1.064253301,-0.113840612,0,1,0,3.718811995
104944,-0.832501734,1.228487435,0,0,1,6.778581268
104945,0.799792308,-0.631923684,0,0,1,6.823085522
104946,0.37279923,-0.554156972,0,1,1,5.939425887
104947,-0.687203258,-0.826395595,1,0,0,0.606904901
104948,0.40289384,0.76741599,1,0,1,6.815682672
104949,-0.390585434,-0.026744547,0,1,1,6.30337948
104950,-0.445473268,-0.821907723,1,1,1,4.775376949
104951,-0.668453115,-2.157761543,0,1,1,2.294354174
104952,-0.881865875,1.217258583,0,1,1,6.872436519
104953,-0.448408901,1.734233315,0,0,1,5.912801405
104954,0.099935318,-0.263859031,0,0,0,2.553115593
104955,-0.062427701,-0.976043133,0,1,1,4.305263518
104956,0.429213943,-2.405365024,0,1,0,1.501550831
104957,1.840149663,-0.05589595,0,0,1,10.30074147
104958,-1.081192116,0.226923908,0,1,0,2.820849396
104959,-0.03369942,0.106145274,1,1,1,5.600460663
104960,-0.413861259,0.41801818,1,1,0,2.79582468
104961,0.176572389,-0.307827985,0,1,0,2.341502574
104962,1.375908365,-0.970803181,1,1,0,2.962441733
104963,-0.424210244,3.56927966,0,1,0,5.285536242
104964,1.42321379,-0.534457299,1,0,0,3.114905277
104965,-1.006584927,-0.172998487,0,1,0,1.386858111
104966,-0.026907785,0.833568603,0,0,1,6.109421629
104967,-0.73118017,-0.741780752,0,0,0,1.481006087
104968,-1.006919056,-1.204072738,0,0,0,0.920090803
104969,0.396268071,-1.463779661,0,0,1,4.322534903
104970,-0.107418121,-1.586650814,0,1,0,1.301740664
104971,1.059494767,-2.307892507,1,0,0,2.250726844
104972,-0.149406954,-0.416697959,0,1,0,3.53451078
104973,-1.012597208,1.363527841,0,0,1,6.629896919
104974,-1.287711724,0.078808784,0,1,1,6.368344421
104975,-0.552490526,1.566753672,0,1,1,6.496283983
104976,-0.462125141,0.357491183,1,1,0,2.991129366
104977,0.495822441,1.286203618,0,0,0,5.266596416
104978,-0.695550595,-0.065759442,0,1,1,5.692755865
104979,0.28996551,-0.7604123,0,1,0,3.028345795
104980,1.43745145,-0.335668136,1,0,0,4.565450645
104981,0.797611021,-0.354865306,0,1,0,3.247089048
104982,-1.293320565,-0.101811289,0,0,1,6.665668329
104983,-0.595783814,0.117276005,0,0,0,2.336568137
104984,-0.114698957,0.745163047,0,0,1,6.864999691
104985,-0.635987973,0.848132623,0,1,0,2.740777205
104986,-0.585541853,0.086090981,0,0,1,5.206853722
104987,-0.101158477,-0.418401465,0,1,1,4.884848672
104988,0.490091845,0.703429962,1,1,1,8.532110217
104989,1.397361528,-1.41939955,0,0,0,3.106582181
104990,2.826197892,0.793411886,0,0,1,17.47223048
104991,0.293470399,0.652307936,1,0,0,3.057357015
104992,0.567849899,1.478909554,0,1,1,7.494544398
104993,-0.400070741,-1.667557809,0,1,0,1.472107861
104994,-1.35077998,-0.112623812,0,1,0,0.916121548
104995,0.539085581,-0.537706064,0,1,1,6.914267477
104996,-1.060739603,-1.285078714,0,1,0,0.757351929
104997,1.07125495,1.910932749,1,0,1,8.900039196
104998,0.649171497,-0.597917574,0,1,1,5.777625136
104999,-1.397931758,-0.472266413,0,1,1,6.472324367
105000,0.581964365,0.970612863,0,0,0,3.767455414
105001,-1.240969672,-0.312946785,0,1,0,1.735256725
105002,-0.848946792,2.377952595,1,0,1,6.598634983
105003,0.657500624,0.213086892,0,0,0,4.06273671
105004,-0.490970313,-1.081510395,1,1,0,0.3373146
105005,0.004801107,-0.360796574,0,1,1,4.588824294
105006,0.012019427,0.929786831,0,1,1,7.300517213
105007,-0.177047557,-1.728908381,1,1,0,0.952597988
105008,-0.265182731,0.712684343,1,0,1,6.059850946
105009,-1.74202332,-1.897951654,0,1,0,-1.063083587
105010,1.289420458,0.192057156,0,1,1,9.079473645
105011,1.105242473,-0.651299104,0,0,0,3.7962329
105012,-1.41382374,-0.182494284,0,0,0,2.297814372
105013,1.397214889,-1.349706799,0,1,0,3.019449043
105014,-0.265050564,1.923991869,1,1,1,6.765461369
105015,-0.325474531,-0.592671098,1,1,0,2.265591175
105016,0.196193395,0.500282615,0,0,0,2.812242168
105017,2.308132716,0.680196137,0,1,1,13.19795156
105018,0.491167437,-0.285087105,0,1,1,6.342050016
105019,-0.318259821,-0.172146519,0,1,0,2.407538758
105020,1.172528219,0.565503869,0,1,1,8.590807905
105021,-0.997464185,1.299194687,1,1,1,6.657557122
105022,2.018072351,1.479818352,0,0,0,7.012076152
105023,0.597388133,-0.534331755,1,1,1,6.178322949
105024,1.551973149,-1.246706124,0,1,0,3.404437349
105025,0.586545762,-0.373703146,1,1,0,2.6070394
105026,-1.830847778,0.323513565,1,1,1,7.87862716
105027,1.442560794,0.049681313,0,0,0,5.08315501
105028,0.491396262,-1.098529112,1,0,1,4.911695094
105029,-0.261814496,-1.648742046,0,1,0,0.852853159
105030,0.172805068,0.368598895,0,1,1,5.945788409
105031,-1.121086283,-0.322360667,0,1,0,1.787804459
105032,0.930334878,1.516663581,0,1,1,8.919624191
105033,-1.188825428,1.605320045,0,1,0,2.624384536
105034,0.458810679,1.406998589,0,1,1,7.158456498
105035,-0.806125149,-1.325630068,0,1,1,3.780891326
105036,0.696825945,0.117099576,1,1,0,3.664572907
105037,-1.0948475,0.890201474,0,1,1,6.524083157
105038,0.193098708,-0.235036123,0,0,0,3.565452538
105039,-1.749817042,0.530689144,1,1,1,7.952207702
105040,0.55792836,-0.298155999,1,1,0,3.140125681
105041,-0.894947699,0.092862208,0,0,1,5.875506624
105042,2.184280231,1.259040412,0,0,0,5.975186733
105043,-0.593325196,0.399947793,0,0,0,3.132619114
105044,-0.319284954,0.549562395,0,1,1,5.329821833
105045,0.889117894,1.94690133,0,1,1,7.954638419
105046,0.248838096,-2.014933164,0,1,1,2.704820279
105047,-0.021294728,-1.087966013,0,1,0,2.240118509
105048,-0.064477465,0.393438058,0,0,1,6.482997541
105049,1.083671418,1.591311307,0,1,0,5.383930981
105050,1.279631238,-0.526050924,1,0,0,4.71752738
105051,-0.818614316,0.101643747,1,1,1,5.81558883
105052,0.58104531,1.252152317,0,0,0,5.13586664
105053,-0.428283578,-0.101862378,0,0,1,5.761898536
105054,-0.392695155,-0.98740306,0,1,0,1.712601997
105055,0.680252551,0.312321454,0,1,1,8.765615095
105056,0.780322913,0.186630841,1,0,0,3.823737691
105057,0.174864199,1.005102861,1,1,0,3.98642075
105058,-1.869808554,-0.854988361,1,1,0,0.289537866
105059,0.476017239,0.407628966,1,1,1,6.239247178
105060,-0.416489263,-0.917167168,0,1,0,1.907853313
105061,1.415360475,-0.924446097,0,1,1,8.543783316
105062,0.63116972,-1.738366633,0,1,1,4.523777383
105063,-0.441766933,0.596181546,0,1,0,3.720365033
105064,-1.703131416,0.338472755,0,0,0,1.966581879
105065,1.058578947,0.68398476,1,1,0,4.341525826
105066,-0.911199557,-0.691317978,0,1,0,2.062301241
105067,0.736656372,0.33307578,1,1,1,6.365023344
105068,1.249093135,-1.373815376,0,0,0,2.162331735
105069,-1.3639383,-0.651557809,1,1,0,1.682333356
105070,-0.992807225,-0.376586553,0,0,0,1.469514839
105071,-0.00511713,-1.491888575,0,1,1,4.447407313
105072,-0.356122594,0.198709985,0,0,1,5.742967656
105073,-0.723517763,-0.214223766,1,1,1,5.770479926
105074,0.405519446,0.298770986,0,1,1,7.669673117
105075,0.777947481,1.026309416,1,0,1,6.623712694
105076,0.336050428,-0.363935478,1,0,0,3.452782344
105077,0.144838676,0.5439906,0,0,1,6.350132059
105078,1.074838576,2.052164079,0,1,0,5.262532583
105079,0.275694424,0.03508943,0,1,1,6.296479518
105080,-1.021360843,-1.948004138,0,1,1,2.725987437
105081,1.922506697,1.838400628,1,0,0,6.975018678
105082,1.482345734,0.391255691,0,0,1,11.06254488
105083,1.090331974,0.805960077,1,1,1,9.034663897
105084,-0.109542586,-0.769661672,0,0,1,4.922336921
105085,-0.230443722,0.138925209,0,1,1,6.571230291
105086,-1.786099886,0.772077828,0,1,1,7.33645753
105087,0.071471668,-1.587382649,0,0,1,3.033909684
105088,0.421578573,0.103219594,1,1,0,4.585503059
105089,1.632627216,-0.711113443,0,1,0,3.092298619
105090,-2.749655233,-0.834486637,0,1,1,9.725530016
105091,0.399709434,0.13710886,0,0,0,3.420198103
105092,-0.675575648,0.422947375,0,1,1,7.033791918
105093,-0.346390079,-1.872989524,0,0,1,2.785599417
105094,-0.459576658,1.996219673,1,1,1,6.766355202
105095,0.541993591,-0.282223411,0,1,0,3.134381187
105096,-0.819512195,-0.073155911,0,1,0,2.248686816
105097,0.431750374,0.564682066,1,1,1,6.8044514
105098,-0.128324074,1.071833364,0,0,0,3.885381698
105099,-1.10748005,-0.831724247,0,0,0,1.495787938
105100,0.29805384,-1.57030929,1,0,0,2.060441636
105101,-1.37769165,0.88212617,0,0,1,6.810334745
105102,0.240798109,-0.423379661,0,0,1,5.717966175
105103,-0.628851266,-0.958040192,0,0,1,4.410805059
105104,-1.094716484,-1.643288061,1,1,0,0.870094104
105105,-0.71025309,1.25242199,0,1,1,5.57625318
105106,0.135442985,-0.801721557,0,1,0,3.818808701
105107,-0.546917489,0.269775146,0,1,0,1.953526536
105108,-0.056001858,0.055458696,0,1,0,2.812002046
105109,-2.611052743,1.155751209,1,1,1,10.57011623
105110,0.201497376,0.078307216,1,1,0,3.587483117
105111,1.211103399,-1.223120539,1,1,0,3.021739713
105112,-0.897609092,1.377897053,0,1,1,7.148364042
105113,-0.469884324,-0.650782238,1,0,0,1.400088759
105114,-0.804095155,-0.95660133,1,0,0,0.38928329
105115,0.197415832,1.211701857,0,0,0,5.00006086
105116,-0.461222441,0.331688108,0,0,1,6.362919873
105117,0.284367739,0.055087891,1,1,1,6.287808519
105118,0.817026724,0.982264717,0,1,1,8.42230061
105119,1.306260096,0.862232214,0,0,0,5.071197153
105120,1.804409257,-1.442938218,1,1,1,8.342792784
105121,-0.23557029,-0.674268117,0,1,1,4.658677349
105122,-0.828211268,0.411204498,1,0,0,2.413103063
105123,0.042387608,2.631544429,0,1,0,5.557711298
105124,-1.084684217,-2.061553877,0,1,1,2.500831079
105125,1.399570116,0.840245883,0,0,0,5.619086175
105126,-0.412380996,-0.531654401,0,1,0,1.641763897
105127,-0.780122067,0.782376584,0,0,1,6.934041098
105128,2.358372299,-0.032243264,1,1,1,14.381624
105129,-1.393363728,-0.708869673,0,1,1,5.372242727
105130,-1.286852276,-0.374002859,0,1,1,6.244281524
105131,-1.240563033,0.227824984,1,1,0,1.907587591
105132,1.185675815,-0.43270222,0,1,0,3.387160984
105133,-0.723311962,0.612843752,1,1,1,6.111320302
105134,-0.919988574,-1.127115912,0,1,1,4.02401027
105135,-0.43496319,0.108271166,0,1,1,5.034768434
105136,0.423620164,0.749280756,0,0,1,7.579512215
105137,0.631337095,1.503428761,0,1,0,3.770843184
105138,1.303975599,0.789618725,0,1,1,9.282542764
105139,1.462480079,-2.681851997,0,1,1,4.563814162
105140,-0.166549434,0.016470055,1,0,1,6.336850399
105141,-0.228832955,-0.128619302,0,0,0,2.737165408
105142,0.108943032,0.880998189,0,1,0,4.812834252
105143,0.831233105,0.950005113,0,0,1,8.48009986
105144,1.519298156,1.126445515,1,1,1,11.38212132
105145,-0.733191019,-0.605172,0,1,1,4.840174415
105146,-0.824553029,-0.328211594,1,1,0,1.647172122
105147,1.149822563,-0.557694651,0,0,0,3.932766439
105148,0.531206367,-1.054472461,0,1,1,5.346063723
105149,-0.233545239,-0.049306704,1,1,0,2.729853465
105150,1.847571508,-2.125805191,1,1,0,2.576374578
105151,0.614083797,1.316871383,0,0,1,7.876784458
105152,-0.909386947,-0.795066417,0,0,0,1.343108914
105153,-1.175138445,1.284315306,0,1,0,2.783426771
105154,-0.560360636,1.528658661,1,0,0,3.496291444
105155,1.170687256,0.596554285,0,1,1,7.833706734
105156,0.023069564,-0.762512003,1,1,0,2.558215125
105157,0.646819443,-0.42621651,0,0,1,6.824430971
105158,1.041946604,-0.732660933,1,0,1,7.604453956
105159,-0.995868192,0.505785923,1,1,0,1.837302268
105160,-0.799609811,-1.686480231,0,1,0,1.654246091
105161,-0.172070791,1.501807238,1,1,0,3.841120566
105162,0.538673539,0.691723842,1,1,1,6.962710385
105163,-0.047679547,-1.203229059,0,1,1,4.789281883
105164,2.184379417,1.247532599,1,0,1,13.51519826
105165,-0.582185028,1.656786916,1,0,0,4.220570323
105166,0.251010672,0.310494768,0,1,1,6.271256045
105167,0.049315222,-0.521793949,1,1,1,4.827092162
105168,0.189257745,-0.749392612,0,1,0,2.602918289
105169,-1.977546435,0.052537754,0,0,1,8.414823285
105170,-0.504212245,0.421792737,1,0,0,3.302881809
105171,-0.43021187,-0.114451225,0,1,1,5.402491406
105172,2.567235528,0.868606418,1,0,1,15.84829894
105173,1.539554772,-0.354934591,0,1,1,9.701486008
105174,0.028071816,-0.772888846,0,0,1,4.33287798
105175,0.620040696,-0.641071429,0,1,1,6.133877379
105176,1.332966619,2.48809647,0,0,1,9.969811288
105177,-0.496852017,0.112450576,0,1,0,2.395835846
105178,-0.118494815,1.01542558,1,1,1,6.37037107
105179,0.114474048,1.995935427,0,0,1,6.285247501
105180,0.167345866,-1.317889715,1,1,0,2.250026622
105181,0.260688197,-0.604232273,0,1,0,2.439922152
105182,-1.05420825,0.135149101,1,0,0,1.583655852
105183,0.567082771,0.255677825,1,1,0,4.062841623
105184,-1.373236544,-0.589966306,0,1,1,5.988476372
105185,0.395319251,-0.471470756,0,0,0,3.111834908
105186,1.633269281,0.378870756,1,0,0,5.293389756
105187,-1.820799773,0.016564675,0,0,1,7.640238923
105188,-0.69169341,0.094957397,1,1,0,1.437465979
105189,0.838434274,-1.887762311,1,0,0,1.233169297
105190,-1.117182464,-0.409157624,0,1,0,1.432244886
105191,0.504325309,1.42937786,0,0,0,5.119610614
105192,1.232111284,-1.327660549,0,1,0,2.903799775
105193,0.458824639,0.336472017,0,1,1,7.438217034
105194,-0.160195489,0.628312754,1,1,0,3.010733921
105195,-0.709324629,-0.315320434,0,1,0,1.705774236
105196,1.280331184,0.627383361,0,0,0,5.698428092
105197,-2.563816926,0.072203971,0,0,0,-1.07089888
105198,-1.029540833,1.672246351,0,1,0,3.008652983
105199,0.974950804,-0.270587749,0,0,1,7.524036738
105200,0.997447199,-0.578173219,1,0,0,3.312731077
105201,0.919949107,0.326448984,0,1,0,4.616105624
105202,0.744158911,-1.482877328,1,0,0,2.791633941
105203,0.33187538,-0.791498839,0,0,1,5.094303928
105204,-0.460627649,-0.30784518,0,0,0,1.98376958
105205,-0.286352402,-0.465240273,0,0,1,5.15542851
105206,0.065857756,0.22762917,1,1,0,2.77828699
105207,-0.783182734,-0.35280512,0,1,1,5.595733375
105208,0.162299388,1.355855165,1,0,0,4.371791068
105209,-0.486412221,1.140744204,1,1,1,6.30157115
105210,-1.112614039,-0.800502799,0,0,1,5.126905777
105211,0.341292572,0.548871363,0,1,1,6.23114324
105212,-0.936490301,-1.108630968,0,0,0,1.264867348
105213,1.920600791,0.163328674,1,1,1,12.00702134
105214,-0.786850454,0.550207546,0,1,1,6.207333985
105215,1.36535321,1.237781955,0,1,0,5.488889996
105216,-1.331032567,-0.683096753,0,1,0,0.917257029
105217,-0.781659576,0.287514688,0,0,0,2.844803419
105218,-0.043940723,-1.177671743,0,0,1,3.688229453
105219,-0.680053833,-0.623893823,0,1,0,2.34542672
105220,-1.37423348,1.276103782,0,1,0,2.602601638
105221,-0.186772944,-0.424284562,0,1,1,6.354659886
105222,1.390516805,-1.386491318,0,1,0,3.049147472
105223,0.54914415,1.467887207,0,1,0,4.248435587
105224,0.74386362,2.18300542,0,1,1,7.767074217
105225,-0.483645653,-0.340284086,0,1,1,5.156296188
105226,0.060175574,0.210687862,0,1,0,2.312802569
105227,-0.803737971,0.763670033,1,0,1,5.905076839
105228,-0.532172743,-0.572537634,0,0,1,5.024372052
105229,-1.445658932,1.496019028,0,1,1,7.66236217
105230,0.41043604,-0.325109527,0,0,0,2.980461435
105231,-1.433795687,1.462133589,0,1,0,3.524918032
105232,-0.42733901,-0.332353775,0,0,1,5.790730909
105233,0.041938901,1.104739224,1,1,0,3.914849909
105234,0.942857687,-0.17872091,0,0,0,3.20123236
105235,0.910879366,0.318389991,1,1,1,7.754497021
105236,-1.174508673,-0.728869164,0,0,0,0.726334146
105237,-0.087741983,-0.470464256,0,0,0,2.781982763
105238,0.075780783,-0.013560773,0,0,1,6.395221586
105239,3.012196706,-0.339621733,0,0,1,17.50230805
105240,0.882370132,-0.723891839,1,0,0,3.727859322
105241,0.297796569,-1.071031021,1,1,0,2.112879665
105242,0.679538588,-0.477384422,0,1,0,2.796243304
105243,-0.48111585,-0.179708159,1,1,1,5.745961085
105244,-0.827824331,2.186480064,0,0,0,4.451291304
105245,1.429506118,1.175802721,1,1,1,11.18570733
105246,1.612771409,-0.115073595,0,0,0,4.799970422
105247,1.447950395,-0.248817828,0,1,1,8.605286691
105248,-1.268784762,-2.721258968,0,0,1,2.107190236
105249,2.707784744,-0.365882394,1,1,1,14.73103536
105250,-0.51443225,-1.420078199,1,1,1,3.208649617
105251,1.498609443,-0.172506081,1,0,1,9.360456696
105252,0.558718295,0.145188362,1,1,1,7.040519617
105253,0.392015703,0.627905284,0,0,0,3.637402985
105254,0.240708551,0.197859299,0,1,1,6.521805181
105255,-0.193193787,0.121198274,1,1,1,5.654631038
105256,0.38253031,0.099764886,0,0,1,7.27711343
105257,-1.22801462,0.144147951,0,0,0,1.701462591
105258,0.955502095,-0.69613757,0,0,1,6.815224179
105259,-1.171321049,1.037916519,0,0,0,2.752822255
105260,-0.379321076,-1.350310075,0,1,0,1.931611696
105261,-0.416055984,-0.275094073,0,1,0,2.230634298
105262,-0.043492588,-0.882024699,0,1,0,2.317478736
105263,0.766843524,-0.31975571,1,1,0,3.100430635
105264,-0.667985456,0.512277065,0,0,1,7.323124526
105265,-1.28739104,1.247252814,0,0,1,6.714664454
105266,-0.724607826,0.195272753,0,1,0,2.613402073
105267,0.854004562,0.959991253,0,1,0,5.864965821
105268,-0.451458703,0.50438489,0,0,1,5.844473563
105269,0.218232103,-0.04279189,0,0,1,6.208625089
105270,0.714510591,1.714675923,1,1,0,5.468263281
105271,-0.983810046,-1.048092407,0,1,0,1.38760553
105272,0.189387782,0.765323476,0,1,1,6.968020601
105273,1.590455325,1.569984317,0,1,0,5.461414128
105274,0.065368632,0.54983851,0,1,0,3.803924244
105275,0.45732156,-1.322704366,0,0,1,4.889020852
105276,2.557038523,-0.16517697,0,1,1,14.28480626
105277,1.291622409,1.345647943,0,1,0,6.021995818
105278,0.031059757,0.235828093,0,0,0,2.519855385
105279,-1.436746155,2.250529947,0,0,0,4.101143896
105280,-0.414411944,1.362747062,1,1,1,6.283438857
105281,-1.538032398,-0.066504367,0,1,1,6.010965701
105282,0.163506564,-1.850188482,0,0,1,3.327126412
105283,-0.893897774,-2.366249276,1,1,1,1.846887924
105284,-0.07717443,0.282567186,0,1,0,2.86044987
105285,-0.903223895,-0.262018964,0,1,0,2.219648542
105286,-0.042663748,0.886511689,1,1,1,6.429803732
105287,0.37298592,1.202436498,0,1,1,8.129663609
105288,0.054696517,-0.286636441,0,0,1,6.314365759
105289,1.175714795,0.851411201,1,1,0,4.386779888
105290,-1.640441341,-0.728773666,1,1,1,6.441111369
105291,-1.637197924,0.457213529,1,1,1,7.429759323
105292,-0.432112691,1.925499408,0,1,0,4.451324648
105293,0.296029449,1.277733913,0,1,0,4.95924302
105294,0.567059097,-1.198875037,0,0,1,4.095060253
105295,1.135651872,1.314847032,0,1,1,9.95958829
105296,0.23116829,0.21062286,1,1,1,6.119275078
105297,0.726724497,-0.976051169,1,1,1,6.086799345
105298,1.116430058,1.399405709,1,0,1,8.62155749
105299,-0.137608801,0.777215297,1,1,0,4.692584661
105300,0.134844044,-0.352374463,1,1,1,6.325781585
105301,0.068363392,0.050702237,0,1,1,6.804022475
105302,-0.585283296,-1.289721142,0,0,1,3.432863474
105303,0.374592393,1.510271397,0,0,0,5.217508567
105304,-1.011352718,-0.255989924,1,1,0,1.921020694
105305,1.282274353,0.05366072,0,0,0,4.934070617
105306,1.163512343,0.782321949,1,1,1,9.796905311
105307,0.439450303,-0.78023801,0,1,0,1.840842732
105308,0.006746562,-0.589345404,0,0,1,5.838858441
105309,-0.595218414,0.219568899,0,0,0,2.164221948
105310,0.025712258,-1.230715174,1,1,0,0.794127208
105311,2.329487761,-0.125645555,1,1,1,13.5515488
105312,-0.522027751,-0.799916928,0,1,0,1.648951621
105313,0.998307014,0.208906694,1,0,1,8.305999953
105314,2.024562596,0.782387473,0,0,1,11.37020852
105315,-2.080304029,0.663471377,0,1,0,1.05489496
105316,-1.758461961,-1.166596061,0,1,1,5.48153536
105317,-0.971174309,0.683695738,1,1,0,1.522621796
105318,0.474976635,-1.408631796,0,1,1,4.637989582
105319,-0.316920189,1.361147366,0,0,0,4.279385169
105320,0.294119079,-0.787303934,0,0,1,4.786333487
105321,-0.542710348,0.469022915,0,1,0,2.983678817
105322,0.273973225,1.270065696,0,0,0,4.586514214
105323,0.229565314,-0.910485933,1,1,0,2.451071723
105324,1.052612155,0.797650052,1,1,1,8.896894702
105325,1.94785321,1.064998343,0,0,0,6.849065968
105326,-0.11412482,0.842430114,0,0,0,4.103557346
105327,-0.898608044,-0.199765925,0,1,0,2.297572441
105328,0.854058139,-0.228970613,0,1,0,3.421543787
105329,-0.235663151,-0.547817956,0,1,1,6.530906416
105330,-0.524556613,0.764876987,0,1,0,2.583480719
105331,-0.927213102,-1.087729583,0,1,1,5.523340416
105332,-0.965678027,1.387128957,0,0,1,6.174190833
105333,-0.430852679,0.374224147,0,1,0,4.172288269
105334,0.924776208,-0.365014865,0,0,1,6.66061136
105335,1.481515057,-0.573367338,0,0,1,9.018981684
105336,0.404675402,1.161683489,0,0,1,7.086604085
105337,2.234499465,0.736097454,1,1,1,13.37199474
105338,0.55339235,-0.618503402,1,0,1,6.341932104
105339,0.935536862,-0.099986565,0,1,0,3.540974338
105340,-0.125446158,-0.901316426,1,1,0,2.904891622
105341,0.119517525,0.267811408,0,0,0,2.244349569
105342,0.124393581,-1.787202429,0,0,0,0.893828777
105343,-0.871977523,0.445087003,0,0,0,2.21227811
105344,-0.87695451,0.660184762,0,1,1,7.353176599
105345,-2.209915925,1.540273379,1,1,0,3.369878653
105346,0.161472837,1.107417038,0,0,1,6.410337041
105347,1.368531001,0.637524515,1,1,1,10.3904622
105348,-2.945769899,0.755573183,0,0,0,0.713043776
105349,0.011898901,0.15019871,0,0,0,3.830738163
105350,0.345242514,-1.704530594,0,0,1,2.667443597
105351,-1.03467965,-2.979782682,1,1,0,-1.219241082
105352,-0.025240226,1.692482051,0,0,0,3.672797997
105353,-0.589335302,0.469807762,0,1,0,2.484714018
105354,0.90255853,-1.358217815,1,0,1,5.507460541
105355,0.263710218,0.797574757,0,1,1,6.913962063
105356,0.015354461,-0.61010727,0,0,1,5.039185185
105357,0.527765027,-0.965871502,0,0,0,2.005996786
105358,1.494605919,-0.082490922,0,0,1,10.73194218
105359,1.977024327,0.862053605,0,1,0,5.884988296
105360,-0.811953548,0.740214661,0,0,0,4.033579888
105361,-0.424191321,-0.686781864,0,1,1,5.343359726
105362,-0.373593426,0.287831314,0,1,0,2.450446806
105363,-1.774470429,0.563574047,1,1,0,1.737151134
105364,-0.698099917,1.664978924,0,0,0,3.440547562
105365,1.7373099,1.443658123,1,1,0,5.773827347
105366,1.229360854,-1.992275797,0,1,1,5.310413464
105367,2.246321162,0.376526567,1,0,0,5.285323621
105368,1.791396218,2.616782322,1,0,0,6.826510902
105369,0.318062705,-1.626446077,0,0,0,0.143253033
105370,-0.087329904,0.858403602,0,1,0,3.559400235
105371,-0.167003913,-0.835657422,0,1,1,4.306548346
105372,1.396400941,0.181463609,0,1,1,9.871377978
105373,-0.213893986,0.074257491,0,1,0,3.517632423
105374,0.0287337,0.95562239,0,1,1,6.1019132
105375,1.267918848,0.989629217,0,1,1,10.02240885
105376,-0.429706654,1.109056734,0,0,0,3.53401432
105377,-0.293031282,0.494749647,0,0,0,2.126770101
105378,0.293463699,-0.975104393,0,1,0,1.829710607
105379,0.312013478,0.303188983,1,1,1,7.213365328
105380,1.070560421,1.964402897,0,1,1,8.866071235
105381,2.414557081,-0.187741279,0,1,1,14.15931387
105382,-1.176372444,0.407401373,0,0,0,2.907091796
105383,-0.1453183,-0.131139229,0,1,0,1.764950437
105384,0.159777606,0.030020664,1,1,1,6.176262882
105385,-0.912613701,-0.56910884,0,1,1,5.839007269
105386,1.669517833,-0.186995436,1,1,1,9.809046942
105387,-0.123556099,2.154347758,1,0,0,4.846333523
105388,-0.134422895,0.042692457,0,0,1,6.072604262
105389,-1.061007433,1.631764757,0,0,0,3.40669202
105390,1.668112997,-1.225610426,0,1,0,2.704422026
105391,0.059845763,0.318702174,0,1,1,5.400192249
105392,-0.194453861,1.080208039,1,0,0,3.762007848
105393,-0.055462856,0.403798705,0,1,1,6.901788728
105394,0.493762833,0.164301411,0,1,1,7.46546516
105395,-1.811842992,-0.653529077,0,1,0,-0.628135906
105396,-0.917864069,0.264079178,1,0,0,2.464389153
105397,-0.102271632,-0.238973552,0,1,1,5.333027981
105398,0.214834796,0.004008145,1,1,0,3.421187836
105399,-1.203613546,-1.170669562,0,1,0,0.786252317
105400,1.177984343,0.152498057,0,0,1,9.424514874
105401,-0.023157751,0.817158016,1,1,1,6.1971063
105402,-0.114684194,0.151100621,0,1,0,1.994055341
105403,0.36428597,1.062049499,0,1,0,4.597332457
105404,1.399159128,-0.714452473,0,1,1,8.482675314
105405,1.239904732,-0.318765197,0,0,1,8.105233259
105406,0.735938014,-0.581953116,0,0,1,6.590827555
105407,-1.19383093,1.060056889,1,0,1,6.885263815
105408,1.896400423,-0.230465648,1,1,0,3.692245637
105409,1.284701528,-0.447815557,0,0,1,8.990926313
105410,0.396448136,0.095883451,0,0,1,5.860069827
105411,-0.083648509,-0.101686554,0,1,1,5.845197947
105412,-1.027834872,1.279559796,0,1,1,6.693008529
105413,-0.636173174,1.335408925,0,0,0,3.362743394
105414,-0.558329093,-0.486781657,0,0,0,2.452858752
105415,0.743362463,1.120856496,0,1,0,5.129397213
105416,1.451780839,-1.389233157,1,1,0,2.557946075
105417,-0.683776577,1.658309634,0,0,0,4.936174697
105418,-0.953458225,0.229080658,0,0,1,5.597898026
105419,-0.548390204,-0.590427598,0,1,0,2.120889439
105420,-2.491039342,0.826525368,1,1,1,10.18947479
105421,-1.464527313,0.074646884,0,1,0,1.529598732
105422,-1.110815631,0.526554037,1,0,1,5.786989527
105423,0.113948797,-1.888345113,0,1,0,1.280505582
105424,-0.957632232,-1.109344018,0,0,1,4.528428898
105425,0.1873611,-1.36067439,1,1,0,1.565860861
105426,0.018855818,0.490792459,0,1,0,2.804195452
105427,-0.165814872,0.810457122,1,0,1,6.267343047
105428,-2.094129822,-1.002009623,0,0,1,5.626396127
105429,0.771937015,1.45461885,0,0,1,7.570193465
105430,-1.109406065,1.971399087,1,1,0,4.358622936
105431,1.417457817,0.973553017,1,0,1,10.32298126
105432,0.749013891,-0.379485276,0,0,1,6.034028211
105433,-0.488195926,1.725574176,0,1,0,4.012224863
105434,0.559705872,0.938020509,0,0,0,3.772808363
105435,1.421595504,-0.376938104,0,0,0,2.891001901
105436,-0.456823816,-0.125825056,0,0,0,2.637305528
105437,0.548421321,-0.381135903,0,1,1,5.846541657
105438,-0.571692495,1.13339062,1,1,0,3.931512874
105439,-1.158652846,-0.660938703,0,1,0,1.59581356
105440,0.091559969,2.297575143,0,1,0,4.484640708
105441,0.143703544,-0.943803615,0,1,1,5.549952751
105442,-1.815666592,-1.724261292,0,0,0,-0.946756501
105443,0.538042452,-0.500621979,0,0,0,3.074302584
105444,-0.877596211,-0.411608096,1,1,1,5.573135053
105445,-0.638360732,-1.67402131,0,1,1,2.69492987
105446,0.551985816,0.207330362,1,1,0,3.613452033
105447,1.365681647,0.672757582,0,0,1,8.623512655
105448,-1.380815581,-1.02186038,0,1,0,0.29970971
105449,1.039793106,0.331966413,1,0,0,4.586781421
105450,0.258175305,-1.99119807,0,0,1,2.878225987
105451,-0.192017679,1.014096814,1,1,1,6.561453424
105452,-1.497562029,0.850452819,0,1,0,2.267895917
105453,0.244132032,-1.822671108,0,1,1,2.813934448
105454,0.162466967,-0.771918528,1,1,0,3.533110586
105455,-0.549937623,0.390020848,0,1,0,2.330864669
105456,-1.068119466,0.200058773,0,1,1,6.634412206
105457,-0.367061978,-1.097126992,0,0,1,5.256180718
105458,-1.278631338,0.619870876,1,1,0,2.117734193
105459,-0.079499697,0.467098118,1,1,1,6.59534684
105460,1.475768342,0.5221939,0,1,0,5.003261664
105461,1.002322362,0.420628878,0,0,1,8.473536046
105462,-1.300106665,-0.18936856,1,1,0,1.708399793
105463,-1.696947886,-0.799190166,0,1,0,0.635196886
105464,1.014591846,0.542994805,0,1,0,4.471564974
105465,0.022052657,1.114717011,0,1,1,6.765429063
105466,0.932485239,-0.670443852,0,1,1,6.342178372
105467,0.707492051,-1.76175275,0,0,1,4.63231808
105468,-0.468235651,0.314139528,1,1,0,2.491414126
105469,-0.374497337,0.734937278,0,1,1,6.397605905
105470,0.413749104,0.276928144,0,0,1,7.567207552
105471,0.959862471,-0.1262916,1,0,1,7.220601926
105472,1.528137116,0.88686749,0,1,1,10.82879297
105473,1.333174113,0.762589395,0,1,0,5.699885215
105474,-1.845339643,0.469788574,0,1,0,1.497789176
105475,0.258598782,0.193113176,1,1,0,4.644223986
105476,-0.443990389,2.251128027,1,0,1,6.405864829
105477,1.494250645,-0.506692025,0,0,1,8.638255374
105478,-1.514051196,-1.397641368,0,0,1,4.95454245
105479,1.127715801,-0.881410663,0,1,1,8.038456191
105480,0.653559496,-0.158512417,1,0,1,6.569015286
105481,0.635644587,0.019863346,0,0,1,6.299794243
105482,-0.356628175,1.016983481,0,1,1,6.087076718
105483,0.808413525,0.362732521,0,1,1,7.666103971
105484,0.554204692,-0.175108086,1,1,0,4.094964901
105485,-0.940419379,0.47616725,0,1,0,2.194028085
105486,0.278474795,-1.136084534,0,0,0,2.303414907
105487,0.540185655,0.586857338,0,1,0,3.887918269
105488,-0.582851443,1.224249877,1,0,1,5.7032115
105489,0.241336456,-1.275498141,0,1,0,2.410176319
105490,0.150007017,1.044582188,0,0,0,3.962571145
105491,0.322037048,-0.707814191,1,1,0,2.292370786
105492,-0.014234005,0.166239936,0,0,1,6.276916056
105493,-0.937220975,-2.851981893,0,0,0,0.1048797
105494,2.479783923,0.142408361,0,0,0,5.126117332
105495,0.366399002,-0.513406395,0,1,0,2.3431141
105496,0.005943336,1.344643394,0,1,0,4.553993205
105497,0.485674287,-1.289063094,0,0,1,4.989444545
105498,1.954743766,-0.057424368,0,1,1,11.54172906
105499,-0.39473145,-0.370075764,0,1,1,4.94375881
105500,-0.491447363,-0.221492014,1,0,0,1.34002774
105501,1.137490341,0.337157006,0,1,1,9.113294215
105502,0.701620187,0.502177172,0,1,1,7.367283064
105503,2.059646514,-1.002259542,0,1,1,11.35565275
105504,0.379782958,1.053511442,1,1,1,6.672652874
105505,0.156873334,-0.806464142,0,1,0,1.590791007
105506,-0.56011063,-0.77340876,1,1,0,1.462806831
105507,0.482812886,-1.533478951,1,1,0,2.624931882
105508,1.191090942,0.79030809,1,1,0,5.455026627
105509,-1.468376847,-1.545616111,0,0,0,-0.041936211
105510,2.492825129,0.379420938,0,1,1,14.40229472
105511,0.470697598,2.366132537,0,1,0,5.592557768
105512,-1.197415553,-1.069458373,0,0,1,4.890858721
105513,-0.372004708,-0.349377854,0,1,0,1.448834753
105514,0.568722167,0.901309971,0,0,1,6.928743597
105515,2.407670008,0.819588717,0,0,0,5.974444797
105516,0.182887598,-0.715992303,1,1,1,4.835353752
105517,2.394309144,0.72878255,0,0,0,6.114913698
105518,-1.59183187,-0.18089179,0,0,1,7.204568064
105519,0.943831336,-0.691192452,0,1,1,7.088544853
105520,1.745279133,-0.361033693,1,1,1,10.7163268
105521,-0.655671404,0.335416173,0,0,1,6.12123162
105522,-1.229614332,1.071011536,1,0,0,2.127246358
105523,0.27176772,0.7941396,1,0,1,6.726935577
105524,0.404295739,0.132988403,1,1,0,4.133684109
105525,1.515558803,-0.281099232,0,1,1,9.202333716
105526,0.902475903,0.397593869,1,0,0,4.341818402
105527,0.254643754,-0.145456137,0,0,1,5.83440156
105528,-0.963321226,0.382106417,0,1,0,2.522268343
105529,-1.107732252,-1.766802654,0,0,0,-0.374445465
105530,0.385935538,-1.466260677,0,1,1,5.012988808
105531,1.509449968,-0.60637922,0,0,0,3.860896652
105532,0.137031404,-0.579200393,0,1,0,2.90206838
105533,0.205242523,0.789446691,0,1,0,3.820464869
105534,1.000853514,-0.49684307,0,1,0,3.652633078
105535,-0.605669558,-2.790052066,0,0,0,-0.435854256
105536,1.478164723,-0.494985483,1,0,1,8.454473426
105537,0.215404185,0.998139819,1,0,1,6.647644741
105538,2.07717859,-1.295809649,1,0,1,9.400117466
105539,-0.567004225,-0.4944144,0,0,0,1.231285837
105540,-1.569357726,0.027756819,0,1,0,1.334820235
105541,-0.313295637,-0.258071256,1,0,0,1.868857758
105542,-0.796835164,0.082131115,1,0,1,6.903007182
105543,0.283038824,0.190587609,1,1,0,2.756543683
105544,-0.490588113,0.682062592,1,1,0,3.093581649
105545,0.463787651,-0.547349886,1,0,1,6.55531676
105546,-0.268278312,-0.408171173,1,1,0,2.035826211
105547,-1.150656235,-0.34656215,0,1,1,5.605353568
105548,-0.956251787,0.06952038,0,0,0,2.298859366
105549,0.011804591,-1.088189001,1,1,0,1.550167584
105550,0.512118258,-1.041167292,1,1,1,4.588933089
105551,-0.188052245,-1.415272852,1,0,1,2.827313487
105552,-0.549910373,-0.554717964,0,1,1,4.674926053
105553,2.210178552,-1.358522539,0,1,0,4.253554031
105554,-0.118159583,-1.136072574,0,1,0,1.954186944
105555,1.323226928,1.930345304,1,0,1,10.20035309
105556,-0.337913889,1.659970678,0,1,1,6.650980477
105557,0.334481761,-0.240491228,0,1,0,2.627063382
105558,-0.362648854,-1.382307322,0,1,1,3.104791098
105559,-0.275396115,-0.336416348,1,1,1,5.499299604
105560,0.018866595,0.108423135,1,0,0,3.595865537
105561,0.817279899,1.280734293,0,1,1,7.919608475
105562,1.952849132,0.630646177,1,0,0,5.724525898
105563,-0.829868647,-1.256912515,0,1,0,0.668317125
105564,-0.193955027,0.474134168,1,1,0,3.211369745
105565,-0.87766693,-0.349143811,0,1,0,1.923194497
105566,0.021295582,-0.866419381,0,1,0,2.605765565
105567,1.134808751,-2.074458201,0,0,1,5.240610079
105568,1.057701209,2.343677629,1,1,0,6.410491921
105569,0.171440452,-0.398092922,0,1,0,2.823497371
105570,0.037248626,-0.121361831,0,0,1,6.422182471
105571,0.458703678,0.210991624,0,1,0,4.238514444
105572,-0.740083949,0.83177975,0,1,0,4.34124315
105573,-0.927772611,-0.05836562,0,1,1,5.964563692
105574,0.667707783,1.226704746,1,0,0,3.933231204
105575,0.02062504,0.909493697,0,0,1,7.468089917
105576,-0.170099484,0.771505902,1,0,1,6.426552459
105577,0.341062378,0.703988703,0,1,1,6.593258743
105578,0.795004516,0.556096386,0,1,1,8.363763728
105579,-0.674225343,-0.732428887,1,1,0,1.515162544
105580,-0.11808712,-0.824033629,0,1,1,4.551735832
105581,1.999558405,-0.584571761,0,0,1,11.42085725
105582,-0.268554743,0.309054601,0,1,0,2.176547493
105583,-0.639341811,-1.055183861,0,1,1,3.849516598
105584,0.40093922,0.039337288,0,0,1,5.808323471
105585,0.694009568,0.470976121,1,1,0,4.012194504
105586,2.249056259,0.489920328,0,1,0,5.516752514
105587,-1.537319328,-0.206452346,0,1,1,6.823121062
105588,0.729318513,0.322569847,1,1,0,4.05688301
105589,-0.132944622,-1.939269577,0,1,0,1.010274303
105590,-0.004739118,0.848527767,1,1,0,3.702174221
105591,1.039278439,-0.578574085,0,1,0,3.288732532
105592,1.410207167,0.08808247,0,0,1,8.671816126
105593,0.252314116,0.233077423,0,1,1,6.118010657
105594,-0.060190887,-1.217346279,1,1,1,4.650303211
105595,-0.860148045,-1.073879402,0,0,0,1.075942173
105596,-0.438976444,0.393237697,0,1,0,2.579125131
105597,0.888603783,-1.777312821,0,1,1,4.329914828
105598,-1.697277862,0.268694805,0,0,0,1.774689959
105599,0.770301557,-0.218457105,0,0,1,7.721985845
105600,-1.175922312,-0.992171028,0,1,0,0.417839342
105601,-0.884820873,-0.67977585,1,0,0,1.494652493
105602,1.711361738,0.069870721,0,1,0,4.940686577
105603,0.271870286,-1.153980257,0,1,0,1.916657281
105604,0.929813718,-0.258451329,0,0,0,4.046409858
105605,0.223291125,-0.021563343,0,1,0,3.05762758
105606,-0.741325705,-0.086478562,1,0,0,2.262691003
105607,0.265627392,-2.008285907,0,0,0,1.934831662
105608,-0.508096368,-0.697446094,0,1,1,4.71376326
105609,-0.702148435,0.249991205,0,0,1,5.551965351
105610,-1.120819153,-0.245277591,0,0,0,1.419940321
105611,-0.343659036,0.204112979,0,0,0,3.322617519
105612,2.521816497,0.138967211,0,1,1,15.48699979
105613,1.075441299,1.701976683,0,0,0,5.491030859
105614,-1.562465545,0.193000995,0,1,0,2.260452004
105615,-0.056757388,-1.246519177,1,0,0,1.918026137
105616,0.371425988,-0.082769602,0,0,1,6.372976462
105617,-1.861104785,1.44477361,0,0,1,8.215257621
105618,0.48087385,0.388502358,0,1,1,7.896087252
105619,0.526293673,-0.789092942,0,1,1,6.538232297
105620,1.336039751,-0.282791337,0,0,0,3.347807514
105621,0.786253634,-1.211718882,0,1,0,2.682503092
105622,1.21218892,-0.725947147,0,1,0,2.671999663
105623,0.024182242,0.099581548,1,0,0,2.8135411
105624,1.835861758,-0.812531478,0,0,1,10.40209515
105625,0.465736047,-0.60635888,1,1,0,2.980988473
105626,2.294315943,0.191607021,0,1,1,14.36529009
105627,1.730366787,2.092153097,0,1,1,11.45178921
105628,-1.469431071,1.016773529,0,1,0,2.224574071
105629,0.094140945,-0.544892137,0,1,1,5.405650087
105630,-1.020144421,-1.897735762,0,1,0,0.332502705
105631,1.018943746,0.889768349,0,0,0,4.910701581
105632,0.384689328,-0.682232112,0,1,0,2.071112452
105633,-1.249606847,-0.482656705,0,1,1,5.770967086
105634,-0.18086849,-0.09881822,0,1,1,5.446770946
105635,0.381504582,2.109388744,1,1,0,5.779857959
105636,0.352378,-0.120798254,1,1,1,7.017391662
105637,0.44600114,0.91256251,0,1,0,5.304467318
105638,1.23619556,-0.227506221,1,1,1,7.383584254
105639,-1.640531867,-0.142690198,1,1,1,7.8336063
105640,-1.865751981,-1.461810178,1,1,0,-0.550324272
105641,-0.577726402,0.240648932,0,1,0,2.949144913
105642,0.036719106,-0.691595627,0,1,0,1.839283394
105643,-0.084296171,0.411971278,1,1,1,6.549742273
105644,0.494632426,-0.413234285,0,0,0,3.364184897
105645,-1.297099436,-1.116320743,0,1,1,5.516872781
105646,-2.580678283,2.622891936,0,1,1,10.7112494
105647,-1.61216209,-0.523643152,0,0,1,6.58088829
105648,0.823958593,-1.011312431,1,1,0,2.590790572
105649,0.577712988,0.753469981,1,1,0,5.238798081
105650,1.695666089,0.925188293,0,1,0,6.078434774
105651,-1.755725469,0.197474021,1,0,1,7.916208316
105652,1.162862701,-0.2464931,0,1,1,8.614545619
105653,0.851105326,0.093265937,0,0,1,7.407804754
105654,0.644454213,1.885095968,0,1,0,5.157043035
105655,0.310597539,1.16132693,0,0,1,7.547625773
105656,0.447999079,0.192216675,0,0,1,7.55103081
105657,-0.471907039,-1.460646989,0,1,0,0.709069703
105658,1.981160914,1.254508644,0,1,1,13.6486554
105659,-0.858254509,-2.076893163,0,0,0,0.249291306
105660,-0.112733171,-0.205103918,1,0,1,6.234420031
105661,-0.209603839,0.880173537,0,0,0,3.748065333
105662,-0.343196514,-0.058365212,1,0,1,6.229965577
105663,0.871998992,0.346346238,0,1,1,7.388044897
105664,0.075328669,-0.105799664,1,0,1,6.107329315
105665,-0.412835599,1.089376646,0,0,1,6.612624173
105666,-0.719547882,-1.677715646,0,1,1,3.090006233
105667,-0.99340161,-0.442664928,1,0,1,5.341598121
105668,0.676372958,-0.3614634,1,1,0,3.192348967
105669,-1.179542878,-0.897630307,0,1,1,4.516876765
105670,-0.319740239,0.212602352,1,1,0,2.637176947
105671,3.385952054,1.46383446,0,1,1,21.99102891
105672,0.875315495,-0.240580982,1,1,0,3.561785614
105673,1.02230703,1.37813018,0,1,1,9.860412409
105674,0.415491096,-0.074389149,1,0,1,6.933186782
105675,-1.658269194,-0.461533896,0,1,1,6.3516275
105676,-0.686911662,-0.313700462,0,1,1,5.496834475
105677,0.72490211,0.334216214,1,0,1,7.814011195
105678,-0.980190174,-3.519425299,0,1,0,-1.822958394
105679,1.420032067,0.923958859,1,1,0,5.133419769
105680,0.492421039,1.391699336,0,1,1,7.201141644
105681,-0.361964753,0.310476508,0,1,0,3.590649278
105682,-0.699637357,0.634701439,1,1,1,5.923376518
105683,-0.556671498,0.119437179,1,1,0,2.232487315
105684,0.599885448,-0.303082005,1,0,0,3.614712072
105685,-0.535437546,-1.013379238,0,1,1,3.613356165
105686,-0.712470872,1.545637799,0,0,0,4.269393977
105687,-0.931460081,-0.343706668,0,1,0,1.144655772
105688,0.504251825,0.234812982,0,0,0,3.537113029
105689,-1.283665403,-0.43349118,1,0,0,1.298058664
105690,0.483085866,-1.011144132,0,0,0,3.323630134
105691,0.667193739,-0.91539585,1,1,1,5.929118681
105692,2.078096182,0.261756142,1,0,1,13.3893918
105693,0.434637922,-1.100384822,0,0,0,2.505394391
105694,0.302233047,1.598481551,1,1,1,7.011456292
105695,0.672846705,-0.452322592,1,0,1,6.164290545
105696,-0.003846523,-0.163833542,0,0,1,5.331440238
105697,0.307343504,-0.364828612,0,0,1,6.09907815
105698,-1.622402155,1.324476225,0,1,1,7.095184877
105699,0.334434363,1.936527173,0,0,0,4.813540058
105700,0.571708968,1.592625575,0,1,1,6.834888097
105701,0.182134323,0.006410729,0,1,0,3.636544896
105702,0.614297812,0.78771124,0,1,1,7.796447987
105703,0.800778269,1.18407971,0,1,0,4.925953249
105704,1.14810873,-1.643743379,0,1,1,5.402013584
105705,-0.871992924,-0.143491882,0,1,1,6.006499795
105706,0.670580612,0.708902227,0,1,1,7.256726276
105707,-1.131865071,1.829503167,0,1,0,4.329956885
105708,0.747029386,-0.5291365,1,1,1,6.090425466
105709,-2.531995749,-1.510737089,0,1,0,-0.909721204
105710,-0.72018573,-0.691210488,0,0,0,1.740121151
105711,1.151660912,1.293022739,0,1,1,9.637280892
105712,1.000310861,-0.369077521,0,1,1,7.391615815
105713,1.580727081,-2.046769012,0,1,1,6.514375995
105714,-2.300086606,-1.376359258,0,0,1,7.85812298
105715,0.20560596,-0.138460248,0,1,0,2.846640081
105716,0.172120635,-0.733313372,0,0,0,3.153458004
105717,-0.554941416,0.226448302,1,1,0,2.624085815
105718,-0.276591094,1.343317824,0,1,0,4.691138331
105719,0.390869594,-1.353328705,0,1,0,2.056436188
105720,-0.462953705,0.18267775,0,0,0,2.864878668
105721,-0.549021736,1.046378781,0,0,1,5.941910686
105722,-0.978223886,-0.89446674,0,0,0,1.537512637
105723,-0.295513381,0.597869491,0,1,0,2.524037947
105724,1.115200509,1.445410821,1,1,0,5.80253346
105725,-0.134530879,-1.078080567,0,1,1,4.249067757
105726,0.087094677,-1.417646191,1,1,0,2.767974777
105727,0.94565592,0.525747673,0,0,1,8.59285604
105728,0.09789984,-1.828004872,0,0,0,0.693740079
105729,-0.848146428,0.649226378,0,1,1,5.839560216
105730,0.333118573,0.729369623,0,0,0,4.060446579
105731,-1.11419592,1.108830278,1,0,1,7.156575381
105732,0.330960408,-0.074235622,0,0,0,3.269192103
105733,-0.74498376,-0.568938678,0,0,0,1.800569355
105734,1.137552562,1.044449365,1,1,1,8.293065407
105735,0.916496334,-1.459885033,0,1,1,5.426474953
105736,0.022058815,0.961260873,0,0,0,3.9516096
105737,-0.141411607,-0.117086382,0,0,1,5.937511735
105738,1.960788644,1.797219171,0,1,1,12.60676961
105739,-0.593244448,0.28489477,0,0,0,2.450063178
105740,-0.28224371,0.43739731,0,0,1,6.508974638
105741,-1.314741224,2.631962105,1,1,1,7.873538691
105742,0.8995054,-0.454931613,0,1,0,3.712199939
105743,0.031078547,0.565434595,0,1,0,3.502472554
105744,0.015784881,0.700490577,0,0,1,6.164560924
105745,0.870274732,1.714887922,0,1,0,5.679992662
105746,1.231772996,0.135399558,1,1,0,3.684325932
105747,-0.410438005,0.511682737,0,1,0,3.97941026
105748,0.44933498,-0.31912067,0,1,0,2.742744601
105749,1.441003245,-0.9086359,0,1,1,8.071405852
105750,2.644096087,-0.687047033,1,1,0,4.846021336
105751,-0.145562543,1.229081303,0,1,0,4.228309327
105752,-0.012693925,-0.854176022,0,0,1,5.170103704
105753,1.273910576,0.095578938,0,0,1,8.84155271
105754,-0.075264634,0.29059885,0,1,0,3.131803679
105755,-0.02626217,-0.168584948,1,0,1,5.387022
105756,-0.268254313,0.542236243,0,1,0,2.791650502
105757,-0.272247781,-0.044446719,1,1,1,5.848949117
105758,0.789643378,-0.794077925,0,1,1,5.943810347
105759,-0.142630152,0.309357304,0,0,0,3.804618377
105760,0.373535179,-1.449115791,0,1,1,4.04957001
105761,0.053430864,-0.687158594,1,1,0,1.635303311
105762,-0.339790137,-0.384609734,1,1,0,2.595463353
105763,-0.240938179,-0.717139354,0,1,0,2.563257667
105764,0.031303713,0.210117826,1,0,0,2.896734224
105765,1.481196193,-1.304597159,1,1,1,8.130672361
105766,0.26721766,-1.489964748,0,1,1,4.159199875
105767,-0.699224585,-1.520656417,1,0,0,0.080232657
105768,0.538455449,-0.492052823,0,0,0,3.880314667
105769,-0.319171473,-0.284444793,1,1,1,4.570734575
105770,-1.164927606,0.405782758,0,1,1,5.996983161
105771,0.257495093,-0.76304825,0,0,1,5.190894658
105772,0.490557829,0.980508086,0,1,0,4.153682373
105773,0.159520247,0.144883938,0,1,1,6.157654693
105774,-1.049728186,0.703757179,1,1,1,6.295543216
105775,-0.416956966,-1.10530375,0,1,1,3.44188944
105776,-0.220622631,-0.060890176,0,0,1,5.347109758
105777,1.066681697,0.476210092,0,1,0,4.749130108
105778,-1.41368129,-0.028336501,0,1,1,7.831530663
105779,1.792619602,0.617058996,0,1,0,5.754314597
105780,0.21921254,0.2518988,0,0,0,2.872283396
105781,-0.547565826,1.783203964,0,1,0,4.116146404
105782,0.499095454,0.367609912,0,0,0,3.718548977
105783,0.11807007,0.539735884,0,0,0,4.021047418
105784,-0.75693566,0.313821541,0,0,1,5.503909015
105785,-0.263853092,-2.107844234,0,1,1,2.391408564
105786,-0.35320693,-0.958899452,0,1,0,1.92040113
105787,-0.54440629,0.541774352,1,0,1,6.677122397
105788,-0.63681464,0.060240167,1,1,1,6.975333681
105789,-1.279217685,1.011473375,0,0,1,7.640120299
105790,1.672235884,0.889694679,1,1,0,4.885850659
105791,1.507746987,-0.206272837,0,1,1,10.62509169
105792,1.263081713,1.60134184,0,1,1,9.376357171
105793,0.045019032,-0.472059831,0,1,0,2.432875401
105794,-0.746143667,0.169165386,0,1,1,5.565100903
105795,-2.428191975,1.780122658,0,1,1,9.892651541
105796,0.77161349,0.462978089,0,0,1,7.734286853
105797,1.718009246,0.946910485,0,1,1,11.4771679
105798,-1.121308176,-0.537154233,1,1,0,0.746879148
105799,0.486712988,1.006644773,0,1,0,4.40150405
105800,0.323906574,-0.207907295,0,1,1,6.383092924
105801,-1.290442036,-1.340514012,0,0,0,0.262964756
105802,-0.766391485,-0.308746812,0,0,0,1.29954321
105803,-0.081744769,-1.896443905,0,1,0,1.347037519
105804,0.616649075,2.051494961,1,1,0,6.667964259
105805,1.242531601,1.062395955,0,0,1,9.478349506
105806,0.064250384,0.421506269,0,0,1,8.224260681
105807,1.109472835,-1.919479839,1,0,0,1.682328527
105808,0.838931985,-0.153906982,0,1,1,6.681320642
105809,-0.082952734,-1.33671742,1,0,0,1.600164969
105810,-0.830907751,0.40343238,1,1,0,2.990459367
105811,-0.135899521,-0.836227586,1,0,0,1.40699784
105812,0.363438619,-0.44527642,1,1,0,2.18013376
105813,-1.218728028,2.282737328,1,1,1,7.514673997
105814,-0.587226429,1.277415734,0,1,1,6.679579679
105815,-1.219141261,0.348155594,1,1,1,7.034234809
105816,0.453674501,1.24442713,0,1,1,7.188749182
105817,-0.291470147,0.131291007,1,1,0,2.934271624
105818,-0.42725168,1.072736553,0,0,1,6.706090987
105819,-1.528564905,-0.184330956,1,1,0,1.425266187
105820,0.237149173,1.217054733,1,1,1,7.067706205
105821,-1.548540532,-0.952158786,1,0,1,5.862195112
105822,0.570349091,-0.496997107,0,0,0,3.40255707
105823,1.816123225,-0.13548323,0,1,1,10.03816168
105824,-1.528425586,1.124424408,0,1,0,1.985768051
105825,1.131030406,-1.247088452,1,1,1,6.507758235
105826,-0.62796896,-0.786276218,0,0,0,0.989645437
105827,-0.115247914,0.137016537,1,1,0,2.479513617
105828,1.62476515,-1.681709456,0,1,0,2.45579769
105829,0.006983644,-1.193625868,1,1,0,1.348119988
105830,0.872895596,-0.395927156,0,0,0,3.292303235
105831,-0.155892964,0.872073145,0,1,1,5.656625396
105832,-0.770391727,1.126334036,0,0,1,6.760294633
105833,0.630011396,0.394927201,0,0,1,7.657110137
105834,-1.655316637,0.052251622,0,1,1,8.012556757
105835,-1.728824382,-0.586172362,1,0,1,6.143664909
105836,0.232768826,-1.225352853,1,0,1,5.217495542
105837,-1.20833963,-0.72089649,1,1,0,1.108184461
105838,0.501246044,0.831519637,0,1,0,5.231725825
105839,0.390225879,0.941932481,0,1,1,6.416004439
105840,1.508885237,-1.815572607,1,0,0,3.101021431
105841,-0.285528142,0.654978564,1,1,0,3.219931127
105842,0.748318258,0.609208258,0,1,1,8.461973709
105843,0.670859443,0.020181604,0,1,0,3.661699487
105844,-0.477164076,0.431413688,1,1,1,5.267751731
105845,-1.489941004,1.092918569,0,0,0,1.850886213
105846,0.688841566,0.595517434,1,0,0,4.425236723
105847,0.995838423,-0.199761513,0,1,1,7.446925936
105848,0.904560388,-0.255858326,1,0,0,3.311173618
105849,-1.141379295,-0.258444659,1,0,1,5.962587352
105850,-0.203264401,-1.265886527,0,1,1,3.198608828
105851,1.055163351,-1.248677359,0,1,0,2.66530206
105852,1.885430864,-0.264861305,1,1,1,11.44599061
105853,-0.238661389,-0.432154937,1,1,1,5.094314809
105854,1.029676307,1.010236745,1,0,0,5.396419619
105855,1.985353266,-1.178020018,1,1,0,4.143891788
105856,0.127736639,0.481136748,0,1,0,3.847368761
105857,0.19541611,-0.992819283,0,0,0,2.454304484
105858,-0.149635883,-0.525697794,0,1,1,4.782441502
105859,0.040010727,-0.527352278,1,0,1,5.395789757
105860,-0.364577449,1.050429942,1,1,0,2.717266803
105861,-1.690211939,-0.643246283,0,0,1,6.208769874
105862,0.870091764,-0.650962276,0,1,0,3.052524044
105863,-0.490906582,0.406636772,0,1,0,3.486124036
105864,0.337068472,0.257446653,0,1,1,6.890828637
105865,0.151670758,-0.137558351,0,1,0,3.435993172
105866,0.626191977,-0.659434329,0,1,0,2.835847336
105867,0.309540832,0.122411331,0,1,0,3.083387262
105868,1.494296857,-1.182318612,0,1,0,3.046411001
105869,-0.764205868,-1.218266928,0,0,1,3.358056997
105870,0.995916174,0.653879553,0,0,1,8.593821237
105871,-1.239277098,-0.541608871,0,0,1,5.664859675
105872,1.475907636,1.497212338,0,0,1,9.622460908
105873,-0.523669155,-0.564633216,0,1,0,1.415774491
105874,1.201886293,0.097676931,0,0,0,4.314818488
105875,-0.22377102,0.004859233,0,0,0,2.37950789
105876,0.053418646,-1.211454896,0,1,1,3.869022863
105877,-1.230754177,-0.730366098,0,0,1,5.127420438
105878,-0.697240026,-0.353874228,0,0,1,4.240354098
105879,0.153606305,0.341571469,0,1,0,3.648596073
105880,1.523216058,0.073593025,0,1,0,4.548554338
105881,-1.359744302,-0.180775239,0,0,0,1.449578305
105882,-0.045408962,-0.256574329,0,1,0,2.939798929
105883,-0.006363957,0.232497528,1,1,0,3.613563996
105884,0.200382354,0.019156231,0,1,1,6.215920602
105885,1.820462933,-1.028707914,0,0,1,9.42374068
105886,-0.265382199,-0.718490441,0,1,1,4.334807437
105887,0.546380924,-1.437868733,0,0,0,1.480607392
105888,0.323600015,-1.22975682,0,1,1,4.445413277
105889,-0.388552684,1.0923369,0,1,0,3.703512481
105890,0.133262753,0.845318335,0,1,1,7.122084171
105891,-0.115529275,0.929260436,0,1,1,5.588662982
105892,2.136873927,-0.178535545,0,1,1,13.00633215
105893,1.285762427,-0.667981798,1,0,0,2.794608409
105894,-2.05063132,0.187653856,1,0,0,0.007459911
105895,0.309437054,1.049360886,0,0,1,6.950814361
105896,0.709263011,-0.373500133,1,0,1,6.100874559
105897,-0.672231936,1.541856727,0,1,0,3.390298262
105898,1.253823666,0.440233637,0,1,0,4.266383081
105899,0.304109021,-0.431496692,1,1,1,5.905821769
105900,-0.694629641,-1.439167752,0,1,0,1.703584506
105901,-0.579833879,-1.072952033,0,1,1,4.534997621
105902,0.877016359,0.365601669,0,1,0,4.594104155
105903,0.221933567,0.00492102,1,0,1,5.505855689
105904,0.776572886,-0.068409352,1,1,0,3.492493268
105905,-0.890107931,-0.499190316,1,1,0,2.101453319
105906,0.760410701,2.578544685,0,1,0,5.411730865
105907,0.331530537,0.778980488,0,1,1,6.002186416
105908,-0.499169963,-1.319007954,1,1,1,3.13145644
105909,-0.662124658,1.075166464,1,0,0,3.601304747
105910,0.879135031,-0.175450151,0,1,1,6.731888634
105911,-0.241657031,-1.254221989,0,1,1,3.376722012
105912,-0.300676129,-1.025079959,0,1,0,2.173029797
105913,-0.918758193,0.261524327,0,0,1,6.701582329
105914,0.814634586,0.188350413,0,1,0,4.648848559
105915,0.498607546,1.465495517,0,0,0,5.140321381
105916,0.596681597,0.67958853,0,1,0,4.562368698
105917,-0.076238801,-1.363961617,1,0,0,0.615771157
105918,-1.78091254,1.574556566,0,0,0,2.631738444
105919,1.065877297,0.515973568,0,1,1,8.905884517
105920,1.343504533,0.454635761,0,1,1,9.979241968
105921,0.523812087,-1.662360892,0,1,1,4.960797124
105922,-1.199211492,-0.700720397,1,1,0,1.826969465
105923,0.342046999,-0.56525019,0,0,0,2.811064869
105924,-0.186909705,1.252454411,0,1,0,3.539888183
105925,0.522700378,0.257565234,0,0,1,8.145990131
105926,-1.347476158,1.61559092,0,1,0,3.768371536
105927,-0.846464411,0.921712925,0,1,1,6.138493457
105928,1.393054289,-1.215662552,0,0,0,3.890133454
105929,-0.348076007,0.236919046,0,1,0,2.950104651
105930,-0.58792457,0.480850538,0,1,1,6.104212794
105931,-1.102806827,0.768759942,1,1,0,2.100561221
105932,-1.276660463,-0.939842838,0,1,1,4.282293617
105933,-0.73426332,-1.485570281,0,1,0,0.982601229
105934,-0.970375784,0.592284106,0,1,0,3.386594542
105935,-0.045805944,0.213770382,0,1,0,4.102831017
105936,-1.23304558,1.099042326,0,1,0,2.71619921
105937,1.715499168,-1.019810917,0,0,1,8.704647822
105938,-0.629502925,0.678320484,1,1,1,6.409238955
105939,0.0388814,-0.470569177,0,0,1,5.177675657
105940,0.759127355,-1.437714281,1,0,0,2.2892137
105941,0.931490154,-1.741076596,0,0,0,1.324057021
105942,0.716226115,0.841103793,0,1,0,4.632514431
105943,-0.579473138,-0.04295294,0,0,1,6.538490926
105944,-1.31584678,2.308806355,0,0,0,3.901854998
105945,-0.2473312,-1.167103948,0,1,1,3.779053748
105946,-0.565355515,-0.141532731,1,0,0,2.640071752
105947,0.47256646,0.450370848,0,1,1,8.214408051
105948,0.287424311,0.445741768,0,0,1,7.287153491
105949,0.073663605,0.105881197,0,1,0,3.680953087
105950,-1.925458794,0.916678882,1,1,0,1.606357838
105951,-0.939884106,0.089338062,0,0,1,6.303874257
105952,0.66681436,-0.949934111,0,1,0,2.902018612
105953,-0.811539448,-1.39077083,0,1,1,3.655061778
105954,-1.101611357,2.307077871,0,1,0,3.760288774
105955,1.63884156,1.571834681,1,0,1,11.12576076
105956,-0.413700519,0.727673788,1,1,0,3.291041168
105957,-0.212634105,0.245053701,0,0,1,5.906321733
105958,-0.09909063,-0.391253936,0,1,0,3.189836082
105959,-0.39414343,1.850369696,0,0,0,3.999622867
105960,-0.016751417,-0.156907834,1,1,0,3.648952476
105961,-0.137129714,0.86673879,1,1,1,6.150685428
105962,-0.027160618,-1.736402903,0,1,0,1.807311195
105963,-0.348514699,1.426459489,0,0,0,3.551854677
105964,0.618623793,-1.284766488,1,0,1,4.277202295
105965,-0.772286213,1.900349412,0,0,0,4.355205884
105966,-0.401372788,-0.750176716,0,1,1,4.157949385
105967,0.069170426,1.242541764,1,1,1,6.344915778
105968,-0.738163358,0.401358094,0,0,1,6.525235675
105969,0.321003295,-0.76143669,1,0,0,3.56124814
105970,0.354517401,0.649205603,0,1,0,3.300945661
105971,-1.7431729,-0.185246889,0,1,0,1.153274467
105972,-0.083907523,-0.32958694,0,0,1,4.925583739
105973,-0.060811978,-1.058474455,0,1,1,3.52125206
105974,0.328945384,0.058900675,1,1,1,6.232708332
105975,0.439020342,-1.240197086,0,1,1,3.878141273
105976,-0.601689942,-0.302978879,0,1,1,4.215517946
105977,-1.270318019,0.341927161,0,1,0,1.163505086
105978,-1.008295672,-2.042345277,0,1,0,-0.262655616
105979,-0.688013217,-0.994890944,0,1,1,4.116762873
105980,1.962039113,1.307054917,0,1,1,11.80487202
105981,0.229478599,-0.041074997,0,1,0,3.188771126
105982,0.41807726,-0.496587211,0,0,0,2.722483239
105983,0.843411767,-0.352647487,0,0,0,3.59337615
105984,-0.121904171,0.502697865,1,0,0,3.315871244
105985,-1.06982259,-0.37425556,1,0,0,0.917188798
105986,-0.404774473,-0.396636931,0,0,0,2.326850327
105987,0.932279366,0.173052784,0,1,1,7.680329198
105988,2.078511462,3.053383205,0,0,0,8.910376678
105989,1.49160454,0.138633266,0,1,0,4.275726269
105990,-1.065702069,-0.792434725,1,0,0,1.288537752
105991,0.28911447,-0.579223082,1,0,0,1.822098161
105992,0.903715072,0.163123696,0,1,0,3.026159451
105993,0.161275224,0.772653482,0,0,1,6.303249936
105994,-1.75549642,-0.964368247,0,1,0,-0.23255731
105995,0.503746813,-0.386341123,1,1,1,6.79722867
105996,-0.756079857,-1.558011866,0,0,1,3.705631765
105997,0.433958945,0.466670086,0,1,0,4.951244221
105998,-0.570637017,-0.878851001,0,1,1,4.849730293
105999,1.399144205,-2.387795587,0,0,1,5.92897242
106000,-0.360840922,-1.473261665,0,1,1,3.536010166
106001,-1.363851657,-0.594762816,0,1,0,1.299114875
106002,1.143790523,-1.097533093,1,1,1,6.275311261
106003,-0.462095221,-0.281242482,0,0,0,2.20049427
106004,-0.72765971,-0.551002226,0,0,0,1.869139822
106005,0.609859683,-0.298673342,0,1,1,6.393312713
106006,-0.124194835,1.876000488,0,1,1,5.88048926
106007,1.90268024,-0.974789502,0,1,1,9.78935231
106008,0.816786191,-0.524791353,0,1,0,3.566229583
106009,2.086934243,1.568914199,1,1,0,6.654958762
106010,-1.690868857,1.098403159,1,0,0,2.200419401
106011,-0.39580094,1.672112699,0,0,0,4.287822623
106012,0.802368885,1.792472621,1,1,0,5.649883044
106013,-0.318172847,-0.008807376,0,1,0,1.915099821
106014,0.665132637,-1.271044029,0,0,0,2.665587545
106015,0.409268616,0.571415314,0,0,0,4.473908545
106016,-0.693907004,-2.702190677,1,1,0,0.238573441
106017,0.206195024,1.084843909,0,1,1,6.209663392
106018,0.328942508,0.008110736,1,1,1,6.865128955
106019,0.088877691,0.642127531,0,1,0,3.634284396
106020,-0.733144058,-0.852497943,1,0,1,3.968557113
106021,0.066204006,1.505531044,0,1,1,7.384658264
106022,-0.620717289,-0.797328501,0,1,1,4.509596097
106023,1.758372149,0.471591252,0,0,1,11.20010206
106024,-1.582882764,1.085705727,0,0,1,6.83611475
106025,0.17595978,0.861775664,0,1,0,4.373834701
106026,-1.275876564,-0.475047827,0,0,0,0.851233604
106027,1.731999525,0.274019433,1,1,1,10.23581936
106028,-0.623326261,1.543678444,1,0,1,6.605315301
106029,0.345436424,-2.452778233,1,0,1,1.954133905
106030,0.393885678,-0.348284326,1,0,1,6.585006295
106031,1.113101522,1.140308532,0,1,0,3.995791171
106032,1.267203871,1.09396108,0,1,1,9.890982497
106033,0.716823721,0.727974216,1,1,0,3.853005288
106034,-0.824844773,0.408177904,1,0,1,5.68309438
106035,-0.588906402,2.48622906,0,0,0,4.8587125
106036,-0.398439753,-1.273374717,1,0,1,3.043207379
106037,-1.909141655,-1.129956111,1,1,1,6.520012453
106038,-0.971000385,-0.367937968,0,1,0,0.973027686
106039,-0.417745649,-0.425437934,0,1,1,4.453791241
106040,0.383914593,-0.235971786,1,1,1,6.587136349
106041,-0.029275314,1.149609148,0,0,1,7.019337663
106042,-0.615395512,-0.180219647,0,1,0,2.86927416
106043,-0.65485268,1.319381604,1,0,1,6.274705086
106044,0.333406467,0.326488234,1,0,1,6.183465796
106045,-1.15732044,0.322673013,0,1,0,1.955068058
106046,1.092590036,-0.988803773,1,0,0,2.607722071
106047,-0.560375902,-1.066553444,1,1,0,1.68070314
106048,-1.267530095,-0.466496026,0,0,0,0.081580748
106049,0.638945218,-0.44909972,1,0,0,3.200817128
106050,2.110000677,-0.539824187,0,1,1,11.04125387
106051,0.299871052,-0.342808609,1,0,0,3.232297464
106052,-0.458646713,-1.594391629,0,1,0,0.737099835
106053,0.000797387,0.76470317,0,1,0,3.709783454
106054,0.619456708,0.306767264,0,1,1,7.241894906
106055,0.99659718,-0.193670081,0,1,0,3.274349573
106056,0.413488571,-0.494575667,0,1,1,6.900787374
106057,0.447294186,0.683664965,0,1,0,3.37215052
106058,0.347865208,1.351380144,0,0,0,4.838887911
106059,1.655240367,-1.054712189,0,1,0,4.917761619
106060,0.895644348,-0.646140456,0,1,1,7.040628538
106061,-0.453486119,-1.365464317,0,1,1,3.665937795
106062,0.081835673,-1.349264282,0,0,1,4.002411967
106063,1.629431,0.626528734,0,1,1,10.80228229
106064,0.453764507,-0.590962822,1,1,0,2.919465699
106065,1.619877664,-0.986359983,0,0,0,3.709585018
106066,-0.552006585,-0.855747539,0,0,1,3.974331605
106067,-0.456757366,-0.906985998,0,1,0,1.671388
106068,-0.264720365,-0.236637124,0,0,0,2.210360756
106069,0.77740419,1.50031785,1,1,0,6.088829303
106070,-0.146268499,1.619492112,0,1,0,4.557348707
106071,0.767649667,0.396383908,1,1,0,3.347436583
106072,0.947721065,1.644167866,0,0,0,5.979130292
106073,-0.797673137,1.3512998,0,1,1,6.59106713
106074,0.656637173,0.600256595,1,0,1,7.51182423
106075,0.504677879,0.392103552,1,0,1,7.797629574
106076,0.867042705,0.791183155,0,1,1,8.781987541
106077,1.752838396,-0.62437909,0,1,1,9.52936377
106078,-1.230590845,-1.578581287,0,1,0,0.591556703
106079,-0.878454033,0.152435173,0,1,0,3.685020312
106080,-0.239136691,-0.630859669,0,0,0,2.459733335
106081,1.006842092,-1.866525237,0,1,1,4.322568297
106082,-2.369380222,0.495925756,0,0,1,9.076202566
106083,1.356568485,0.618824718,1,1,1,10.06147116
106084,-0.118607169,0.336908128,0,0,1,6.140932473
106085,0.702208849,0.127763073,0,1,0,3.738641145
106086,-0.769583195,0.898907801,0,1,1,6.74687464
106087,-1.695094728,0.322568677,0,1,0,1.545573398
106088,0.285040711,-0.404138536,0,0,0,2.145937512
106089,0.830901509,0.425723707,0,1,0,3.930100072
106090,-0.883678935,-1.976835499,1,1,0,-0.135759076
106091,-0.492170276,0.180549884,0,0,0,2.099657819
106092,-0.205383583,0.673816902,0,1,0,3.940025189
106093,1.010472046,0.860248095,0,1,1,8.494078538
106094,-0.76026489,-0.453015656,0,1,1,4.369393967
106095,1.236368636,1.254529812,0,1,0,5.364783864
106096,0.637718111,1.10675257,0,0,0,4.877081094
106097,0.538312254,1.870939394,0,1,0,5.522064496
106098,2.808549795,-0.364372146,1,1,0,5.837860956
106099,0.819738071,-2.403568369,0,1,1,3.697891699
106100,-0.075878083,0.616207446,1,1,0,2.929927894
106101,-1.867062346,1.717934369,1,1,0,3.61516157
106102,-0.186809711,0.992500268,0,1,1,7.449392326
106103,-2.461047432,-1.081140989,0,1,1,8.824144715
106104,1.196930786,0.016840294,1,0,0,4.294087702
106105,0.624583412,0.485109141,1,1,1,7.04415301
106106,0.121542808,2.369818397,1,0,0,4.436562518
106107,0.661816338,0.719687058,0,0,1,7.775033133
106108,-1.216928558,1.398995393,0,0,1,7.082857121
106109,1.298787092,-2.962764843,0,1,0,1.418661389
106110,0.428926276,0.151800434,1,1,0,4.13737229
106111,-0.681484341,1.750567427,1,1,1,5.734659075
106112,-0.600431446,0.550214203,1,1,0,1.918014814
106113,-1.251314338,-0.240491991,1,1,0,0.07726816
106114,-0.919804063,1.071844626,1,1,0,2.743611178
106115,0.382378559,-1.411418715,1,1,0,1.514479846
106116,0.151828666,0.976311192,0,1,1,6.520673401
106117,-0.97511564,-0.576960831,0,1,1,4.91774727
106118,-0.149319874,0.359575126,0,0,1,5.994498733
106119,0.258534209,1.594940232,1,0,1,7.44109612
106120,-0.666783573,1.169761944,1,0,0,3.095690832
106121,0.431877043,1.461283219,0,1,1,7.90613546
106122,0.788282806,-0.057339652,0,0,0,3.630389773
106123,-0.276492787,0.914506213,1,1,0,3.493093251
106124,0.892532139,1.106129013,1,1,1,8.515754682
106125,-0.363773108,-1.323722803,0,0,1,2.910426866
106126,0.075861853,0.952484352,1,1,1,7.15844592
106127,-0.80445269,-0.059442689,1,0,0,1.729272875
106128,1.616062552,-1.07262904,0,1,1,9.28163072
106129,0.262094968,-0.603573745,0,0,1,4.752890673
106130,-0.494819181,-0.09465371,1,0,1,5.237139396
106131,0.789138674,-1.33880461,0,1,1,4.872489148
106132,0.146051842,1.748598821,0,0,0,5.01731729
106133,1.686104998,0.511715894,0,1,0,6.247137218
106134,0.183976764,-3.38811611,0,0,1,0.793122032
106135,-2.759658504,0.019657476,0,0,0,0.312209919
106136,-0.589485005,-2.869038955,1,1,1,1.117026095
106137,0.587811853,0.529466786,1,1,1,7.592546464
106138,0.168026487,-0.36737975,0,1,1,5.238751317
106139,-0.772151817,1.299771029,1,1,1,6.045763748
106140,0.682777466,-0.22153509,0,1,1,6.642968309
106141,-0.844658485,-1.147238834,0,1,0,0.367846081
106142,0.415693394,0.786910273,1,0,0,3.931378365
106143,0.090934675,-0.895190254,0,1,0,2.565426555
106144,-1.09014783,-0.187177039,0,1,1,5.91602679
106145,-0.071928322,0.784990168,0,1,0,3.381717901
106146,-0.777207411,0.312618126,0,1,1,6.83391882
106147,2.443033731,0.636854071,0,1,1,14.34310266
106148,-0.850723047,-0.773145891,0,1,1,4.619093553
106149,-0.789833718,-0.68191018,0,1,1,4.475017412
106150,0.358669082,0.729882071,0,0,1,7.5762438
106151,-0.826579586,1.664473045,1,0,0,3.475456529
106152,-0.14358707,1.815517151,0,1,0,4.562224203
106153,2.178032342,-1.31086329,1,1,1,9.722694667
106154,1.813832147,-0.911045791,0,1,0,3.288902703
106155,-0.017735902,-0.894090982,0,0,0,1.920617374
106156,0.80962005,-0.655406253,1,1,0,3.219253895
106157,0.198416685,-0.21945225,1,1,1,6.763535055
106158,-0.802338066,-0.597042177,1,1,0,1.819640128
106159,1.994768447,-0.516611664,1,1,1,10.96454742
106160,1.076082842,-1.166513321,0,1,0,3.292672112
106161,0.114452663,0.272533942,0,1,0,2.901190523
106162,0.476833463,-0.295681008,0,1,1,6.056854403
106163,0.522693374,0.926408744,0,1,1,6.236497775
106164,-0.651742304,1.058466183,0,0,1,5.982774185
106165,-0.626356331,-2.432171482,0,1,0,-0.095211162
106166,1.642830135,-1.503816422,0,0,0,3.053774436
106167,0.655991567,-0.677034459,0,1,0,2.990556865
106168,-0.414548653,1.133259173,1,1,0,3.385893397
106169,1.081419223,0.469956371,0,1,0,5.919217358
106170,-0.498933324,2.197990288,0,0,0,3.977651335
106171,1.674509275,-1.615327965,0,1,0,3.887766377
106172,1.389055607,-2.304077252,0,0,0,2.565663704
106173,0.279409831,0.918484206,1,1,1,6.614928244
106174,-1.39487583,-0.518239797,0,1,1,6.773403686
106175,-1.81950922,-0.231495174,0,1,0,0.898384368
106176,1.778218499,0.080960893,0,1,1,11.14359179
106177,-0.37274973,-1.948472371,0,0,1,2.500825347
106178,0.902992913,0.433231899,0,0,1,8.437712673
106179,-2.314702213,0.67498987,0,1,1,9.054138719
106180,0.444662835,-1.243539281,0,0,0,1.170151156
106181,-0.949948156,-1.719452505,0,1,0,0.634123364
106182,-0.850039933,-0.046521522,1,1,0,1.789073505
106183,0.929397154,-0.491587492,0,1,0,3.748163837
106184,-0.893290716,1.232349294,0,0,1,6.616320319
106185,-0.519813168,-1.248571819,0,1,0,0.267845737
106186,0.655061138,1.12483432,0,1,1,6.534164402
106187,0.836407111,1.003674774,0,1,0,4.422714719
106188,1.462790443,-0.516610189,1,1,0,3.440406656
106189,0.494048181,-0.160495965,1,1,1,6.591657606
106190,0.207044379,1.185949649,0,0,0,4.59423144
106191,-0.147155138,0.811428615,0,1,1,6.776856831
106192,0.889902169,0.663904193,1,1,0,3.809267585
106193,0.977231157,0.550837988,1,1,0,4.290978913
106194,-0.610213238,-0.555476623,0,0,1,4.832440907
106195,0.005757943,0.395766118,1,0,1,5.584324276
106196,1.639323235,-0.361743871,0,1,1,10.14979335
106197,0.02216778,-0.687078119,0,0,1,5.331008045
106198,-0.307032111,1.116971558,1,0,0,2.913969171
106199,-0.200628689,0.003670968,0,1,1,6.356077724
106200,1.755309314,-1.23053949,0,0,0,3.278301736
106201,0.874233331,0.595866107,0,1,1,8.710691657
106202,1.022759371,-0.448476659,0,0,0,2.525230888
106203,-1.316101977,1.675533189,1,1,1,6.571705939
106204,-1.964119927,-0.12819422,0,1,1,7.651350192
106205,-0.47582177,0.526668508,1,1,0,3.792846284
106206,-1.705261271,-1.251622278,0,1,1,3.982719593
106207,-1.249533654,0.37321172,1,0,0,3.159248172
106208,-1.595727118,-1.722029315,0,1,1,4.413286185
106209,1.22171902,0.856843752,1,0,1,9.056505083
106210,0.515089028,-2.369517357,0,1,0,1.948910373
106211,-1.799476652,-1.162978695,0,0,0,0.113489346
106212,-1.402937043,0.392918451,1,0,1,6.968725264
106213,-0.407217484,0.358344374,0,0,1,5.652129887
106214,-0.755791237,-2.254378005,0,1,0,0.315344496
106215,-1.38097735,0.201517326,1,0,1,6.455928778
106216,1.403809968,0.681460322,0,1,1,9.27192171
106217,-0.322062238,0.372754559,0,0,0,3.081129791
106218,0.193589473,0.058513114,0,1,0,4.133502289
106219,-0.754626442,-0.238686437,1,0,0,1.458528155
106220,-0.428641979,-0.253294463,0,1,1,5.1174067
106221,-1.496364784,-0.088111178,0,1,1,5.754546601
106222,-0.983698494,-0.819219657,0,0,1,6.227521675
106223,-0.457890414,1.515977686,0,1,1,6.27098899
106224,2.172704766,0.894640206,0,1,0,6.121470631
106225,0.611089752,0.596096859,1,1,0,4.2993482
106226,0.816153863,0.022958182,0,0,1,7.851217169
106227,0.929116542,1.421884574,1,1,0,4.329872499
106228,-0.134507371,0.99040177,0,1,1,6.501400685
106229,1.177023569,1.478243218,1,1,1,9.486175256
106230,1.616611351,0.834556829,0,0,0,5.239388268
106231,-0.789079577,-0.211750091,0,1,1,5.538019612
106232,1.529327812,-1.660093134,1,1,0,3.311476362
106233,-0.02848112,0.9002648,1,0,1,6.065548715
106234,0.164108725,-1.275129964,1,1,1,4.852970262
106235,-0.559900769,1.28349083,0,0,0,3.808732511
106236,1.432777001,-1.673665838,1,1,1,6.589892645
106237,-0.244798931,-1.475665394,1,1,0,0.986177682
106238,0.127428866,-1.000060102,0,1,1,4.405575885
106239,0.104896006,-0.932532914,0,1,1,5.354597569
106240,0.861659977,-0.610342653,0,0,1,6.196658505
106241,-0.771070198,-0.983800389,1,0,1,3.894764911
106242,-1.378371781,-1.388509294,0,0,0,-0.166134869
106243,-1.068792604,-0.238666105,0,0,1,4.805741832
106244,-1.280439221,-0.797011247,1,0,0,0.718472931
106245,1.040543528,1.21615942,1,1,0,4.539707327
106246,-1.525073271,1.375410373,0,0,0,2.728803642
106247,0.177767593,0.608079269,1,1,0,3.965482436
106248,1.941188595,0.418215319,1,0,1,12.60811956
106249,-2.480401301,-0.19836912,0,1,1,9.034763174
106250,0.491644353,0.168622423,0,1,0,3.099305236
106251,-0.096273523,-1.624052007,1,0,1,2.975365394
106252,1.490834753,-0.92961756,1,0,0,3.41617715
106253,-0.626000526,-0.151136498,1,1,0,2.137452373
106254,-0.180422141,0.011701924,0,1,1,5.185267425
106255,-1.391834773,-0.563958924,0,0,1,5.845326022
106256,-0.467681511,-0.495897381,1,1,0,1.765928481
106257,0.340923626,-0.01919321,1,1,1,5.947819999
106258,0.77500624,0.800150767,0,1,0,4.340953354
106259,-0.623483362,-0.102797826,0,0,1,4.938601674
106260,-1.173397799,0.22695813,0,1,0,1.786075196
106261,-0.763369798,0.601900543,0,0,0,2.664773782
106262,-1.727765632,-1.590061849,0,0,0,-0.128104581
106263,-0.08949202,0.627571921,1,1,1,5.859910627
106264,1.318983473,-0.378755028,0,1,0,3.872323323
106265,-0.850554359,-0.160183129,0,0,0,1.488859853
106266,-0.406472433,-0.987135084,0,1,1,4.541169472
106267,-0.29969755,0.020892023,0,1,1,5.112358261
106268,-1.722749445,1.513427028,0,1,0,2.770424599
106269,-0.131922516,-0.046143317,0,0,0,2.274902769
106270,-0.603777588,-0.228247033,0,1,0,1.92548348
106271,-1.219367922,-0.124047267,0,1,0,3.462228763
106272,0.512803726,-0.584018077,0,1,0,3.786287147
106273,0.001057184,-0.48859623,1,1,1,6.229661165
106274,-1.29776697,0.255855704,0,1,0,2.635588834
106275,1.601650513,-0.365963774,0,1,0,4.014729962
106276,0.558195102,-0.276804399,0,1,0,3.226590515
106277,0.832148804,-0.609525863,0,0,1,6.864128903
106278,0.218966535,1.494631684,0,1,0,4.648735023
106279,0.367435592,-1.105645401,0,1,0,2.13979466
106280,0.232064808,-0.315484128,0,1,0,2.428953776
106281,0.054147416,0.612163685,0,0,0,3.459549021
106282,0.353968889,0.083620296,1,1,1,6.953552002
106283,-0.531211042,0.808638717,0,0,1,5.946001338
106284,0.00145355,0.148098522,1,1,0,2.80669253
106285,-0.163254807,0.035468275,0,0,1,7.003933549
106286,-0.486082212,-2.224278897,0,0,1,1.653589582
106287,0.500527261,1.334051983,1,1,1,7.584826876
106288,0.868043008,0.14997915,1,1,0,3.828854073
106289,0.440455207,0.432924542,0,0,1,6.74923045
106290,1.275185258,-0.961983193,0,0,1,7.300132888
106291,0.935959987,0.882047581,1,0,0,4.544056123
106292,-0.699738843,-0.267546156,0,1,0,1.043369571
106293,-2.724650315,-1.511805595,1,0,1,8.867938626
106294,-0.603393159,-0.536585647,0,1,0,1.664281975
106295,-0.354118458,0.701254818,0,1,1,6.851320803
106296,0.441087065,-1.44691359,0,0,1,4.362344163
106297,0.167396893,-0.471191287,1,1,1,5.648682042
106298,0.132206948,0.27636994,0,0,1,6.065238703
106299,0.498361671,0.583565466,1,0,1,6.527640929
106300,0.44045663,0.950929199,1,1,0,3.773195661
106301,0.63297118,-0.593002333,1,0,0,2.011422418
106302,1.130823966,0.188042591,0,1,0,3.59087963
106303,0.940522063,0.336613813,0,1,0,4.661570661
106304,0.441536287,0.435110038,0,1,1,6.68734853
106305,-1.142102963,-0.517003763,0,0,1,5.66629798
106306,-0.450876159,1.371457396,0,1,1,4.833933994
106307,2.856714072,-1.282151373,0,1,1,15.17658573
106308,0.253737893,-1.199393644,0,1,1,3.999941692
106309,-2.413185109,0.702165139,1,1,1,10.29468925
106310,-1.582011594,0.571627001,1,1,1,7.138897936
106311,-0.884965398,-0.401645393,0,0,1,6.203531449
106312,-0.398195608,1.345939426,0,1,0,3.797958157
106313,-0.774308137,-1.590885782,0,0,1,3.413114417
106314,-0.256098111,-0.474760972,0,0,0,2.586889511
106315,0.014061038,-0.016390604,1,0,0,2.088747637
106316,3.268254541,-1.140417238,0,1,0,5.192684889
106317,-0.901446161,-0.170054537,0,0,1,5.275445546
106318,1.680327143,2.736101617,0,1,0,7.067497089
106319,-0.086726909,1.683828495,0,1,1,6.197691035
106320,-1.591033443,-0.161878656,0,1,1,7.262565868
106321,-1.115951876,1.457845668,0,0,0,3.871427923
106322,0.385790323,1.367959177,1,1,1,5.928374103
106323,-2.084432907,1.520918215,0,0,0,2.037745835
106324,1.226452386,0.483691838,0,1,0,3.401872221
106325,-0.485223311,-0.533013683,1,0,0,2.413724256
106326,1.148470507,-1.259376369,0,1,0,3.021712305
106327,0.821617659,0.279470903,0,0,1,7.252292976
106328,-0.341975137,-0.162891751,0,0,1,4.94103182
106329,2.073179059,-1.093971027,0,1,1,10.60009605
106330,0.614357927,-0.886500477,1,0,1,5.774269745
106331,0.281588121,0.066297711,0,0,1,6.457657032
106332,-0.809010588,-0.435192611,1,1,1,5.962974907
106333,0.258242578,0.23168082,1,0,1,7.189318239
106334,-0.56174851,-0.770877056,0,1,0,1.449167472
106335,-0.699500406,0.29666271,0,1,1,5.31132401
106336,-0.589974101,0.247199937,0,0,0,3.172003451
106337,-0.351999411,1.77350519,0,1,1,6.389375253
106338,0.443255877,0.412325251,1,1,1,6.673377196
106339,0.958664055,-0.018741271,0,1,0,4.067844677
106340,0.094685172,-0.047853632,1,0,1,5.344129239
106341,-0.898075687,0.271200064,0,1,1,6.5296678
106342,-0.07452141,0.772750196,0,1,1,5.857693809
106343,0.994264544,1.52249304,0,1,1,8.90439216
106344,-0.028104379,1.401105356,0,0,1,6.382673797
106345,-0.795031914,0.658675516,1,1,1,5.986518089
106346,0.274625585,-1.689055664,0,0,1,3.261055405
106347,2.888274247,0.386803243,0,0,1,18.13737179
106348,-0.077422584,-0.088399404,0,1,0,2.122170062
106349,0.451964644,2.019788616,0,1,0,4.933746001
106350,0.365880507,1.217292597,0,1,1,6.844969089
106351,-0.06008031,2.253229985,0,1,0,4.615330433
106352,-1.302211208,2.959493393,1,1,0,5.053507088
106353,0.2290286,-0.550891722,1,1,0,2.54699264
106354,-0.270695446,0.448591815,0,1,0,4.113218862
106355,1.056085192,-0.062748854,1,1,1,7.948014223
106356,-0.053288672,1.231094857,0,0,1,5.583256566
106357,-0.232680988,1.695979725,0,0,1,5.711123446
106358,-0.579692696,1.094700224,0,1,0,3.74658142
106359,0.374343737,0.720941082,1,1,0,3.674965191
106360,2.858643406,-1.140263639,0,1,0,4.882453367
106361,-0.086796787,-0.621388558,1,0,0,3.263387916
106362,0.764871558,0.48473997,0,0,1,7.668940937
106363,-0.923726367,-1.118218769,0,0,0,0.332916665
106364,0.641362104,0.485338858,1,1,0,4.737241054
106365,-1.665283342,0.740621413,0,1,1,7.246984535
106366,0.463151905,0.191929468,0,0,0,3.480727322
106367,-0.06297722,-0.301573966,1,1,0,3.236174396
106368,-0.857096957,0.279126083,0,0,0,3.045398728
106369,0.535143126,-2.54126033,1,0,1,2.30602667
106370,-0.737047889,0.884238023,1,1,1,6.136059663
106371,0.904663144,-0.81456256,1,1,1,6.563206085
106372,-0.62402368,-0.526836096,1,1,0,1.678530911
106373,0.538796824,-0.619379986,0,1,0,1.626813671
106374,-0.429945297,1.246263078,0,0,1,6.237873016
106375,-0.463922779,-0.708026267,0,1,0,1.552863745
106376,-0.37234048,1.16928174,0,0,1,6.01191572
106377,-0.689357698,-0.289937424,0,1,0,2.510388909
106378,1.094827792,-0.68652552,1,0,1,8.594431963
106379,0.347700986,-0.369022362,0,0,1,7.137508012
106380,-0.626908665,-1.113548941,1,1,0,1.581930305
106381,-1.458759814,0.380630831,0,1,1,7.637078689
106382,0.876577504,-2.706720077,1,1,1,2.918367723
106383,1.915858632,-0.207957069,0,1,0,4.272774437
106384,0.479709321,-0.100002192,0,0,1,5.952079601
106385,0.56159844,-1.284903625,1,1,0,3.318145221
106386,-0.57481405,-0.730924874,0,0,1,4.799730122
106387,-0.821718894,-0.076340037,1,1,1,6.946564652
106388,1.255477589,1.245696557,0,1,0,4.732149051
106389,0.053562196,-0.768491669,0,1,0,2.653337356
106390,0.270821686,0.048333489,1,1,1,6.845823106
106391,-0.674913307,-0.272017492,1,1,1,5.744450909
106392,0.085274096,0.456311113,0,1,0,4.002951192
106393,-1.449430451,-0.521463316,1,1,0,1.598498877
106394,2.796440603,-0.220633617,1,0,1,16.05808945
106395,0.065572856,-0.081002018,0,0,0,2.55555247
106396,1.020176095,-0.810750201,0,0,0,3.853386739
106397,-1.092269945,0.536612225,1,1,0,2.127885486
106398,0.036922582,0.358520509,1,1,0,3.254187752
106399,-0.779653466,1.370123166,0,1,0,3.749903685
106400,0.547330673,0.278622099,0,0,1,6.92887581
106401,1.051695811,2.085351381,0,1,0,6.103083294
106402,2.153212077,-0.958590828,0,0,0,4.308849116
106403,-0.066209823,0.100837282,0,0,0,3.760044491
106404,0.171864121,0.32373267,0,1,0,3.485198729
106405,1.147226015,-0.580269858,0,1,1,7.857477837
106406,0.370718526,0.722640286,1,1,0,4.633015949
106407,-0.086638102,-0.996302774,0,1,1,3.761129258
106408,-0.25791298,2.707602432,1,1,1,6.924968892
106409,2.423070976,-1.153569984,0,1,1,12.87508524
106410,0.062401017,-0.096932165,0,0,1,5.545517129
106411,1.88394653,-0.321941798,0,1,1,11.14284753
106412,0.396010964,-0.778861583,0,1,0,2.99634874
106413,0.352032271,0.064313347,0,0,1,6.891200027
106414,1.284974457,-0.376041348,0,0,1,8.470217726
106415,0.880796441,-1.182326355,0,1,1,5.595227674
106416,-0.700067355,0.684546936,1,1,1,6.017742359
106417,1.305086096,0.737385714,1,1,0,5.274380541
106418,-0.289201988,1.383815367,1,0,0,3.049709457
106419,0.827981881,0.238331235,0,1,1,6.934519134
106420,2.6277352,-0.670471867,0,0,0,5.141590806
106421,1.46179728,-1.436532377,0,1,0,2.429711526
106422,-1.95484401,0.141114642,1,0,0,0.554165258
106423,-0.507441756,2.130561874,0,1,1,6.526853365
106424,0.08253739,-1.024436465,0,0,1,4.985177011
106425,-0.868578509,1.311366862,0,1,1,6.620204871
106426,2.140105607,0.855032723,0,1,0,6.261268325
106427,-0.542411202,1.365629766,0,0,1,7.020003085
106428,-1.101449332,-1.58498764,0,0,0,-0.177671053
106429,0.002867239,-0.557313815,0,1,1,5.296515449
106430,0.196677044,-1.21694543,0,0,1,4.107851232
106431,-0.810939146,0.406703001,0,1,1,6.45145475
106432,-0.120439565,-1.7685476,0,1,1,3.333316055
106433,0.719156345,1.136996561,0,1,0,4.428994601
106434,0.557798941,2.308803836,0,1,0,5.323015994
106435,2.484801669,0.531838788,0,0,1,14.60997954
106436,0.501012417,-0.916524162,1,0,0,3.655956989
106437,0.408686329,-0.035447306,0,1,1,6.412337044
106438,-1.32388974,-1.584906048,1,1,0,0.253025426
106439,0.461654261,-0.875022876,0,0,1,6.046090621
106440,-0.489253454,-2.196338838,0,1,0,-0.302324312
106441,-0.818038045,1.020690836,1,0,0,2.655812346
106442,-0.511456993,0.90197619,1,0,0,3.768422949
106443,-0.245905497,-1.86188475,0,0,1,2.627047456
106444,0.228769029,1.434797553,0,1,1,6.901502455
106445,0.992191462,1.160566672,0,1,1,8.496835494
106446,-0.360746299,-2.221118511,1,1,0,0.618123569
106447,0.759692695,-1.70712699,1,0,0,2.600979331
106448,-0.789490882,-0.528694719,1,1,0,1.647995659
106449,-0.52765229,1.50047811,0,1,1,5.694350295
106450,1.111937813,-1.430980442,0,0,0,2.688419901
106451,1.337404225,-1.686672713,0,1,0,2.550704159
106452,1.25867975,-0.302534074,0,0,1,8.311827936
106453,0.881215205,1.089609048,0,1,0,5.328520641
106454,0.899444922,0.611293909,0,1,0,4.805163381
106455,1.068228257,0.555604242,1,0,0,4.847086006
106456,-1.705152223,1.285890635,1,1,1,8.068171878
106457,1.702735292,0.35369488,0,0,0,4.917830005
106458,-0.934159504,0.954331141,0,0,0,3.491731019
106459,0.384871936,-1.163657779,0,1,1,5.087073874
106460,1.002269797,-1.098707524,0,1,1,7.03864406
106461,-1.351342742,-0.153738489,0,0,1,6.082362485
106462,1.158274561,0.849012034,0,1,1,8.674410289
106463,0.419653062,0.242300785,1,0,1,7.213512972
106464,0.808687587,1.503920658,0,1,0,5.285155594
106465,-0.188475953,0.677864602,0,1,0,3.062813338
106466,0.131103998,-0.80313812,0,1,0,2.698280308
106467,-0.210513441,0.985430206,1,1,1,6.291228574
106468,-0.196927378,-0.047419735,0,1,1,5.417811818
106469,0.387259844,0.837587294,1,1,0,3.112765338
106470,0.162563385,-0.892753575,0,0,0,3.204407682
106471,-1.959629258,0.738926978,0,0,1,7.942521398
106472,-0.012716938,-0.606692969,1,1,0,2.735518225
106473,-0.41454778,1.006559143,0,1,1,6.405081684
106474,-0.27627874,0.069321297,0,1,0,2.999906187
106475,-0.175984595,0.354514832,0,1,1,5.635051859
106476,-3.080840854,1.455827593,0,0,0,1.680528631
106477,-0.635066646,0.393875583,0,1,0,3.045552392
106478,0.197866626,-1.390329584,0,0,1,4.526057235
106479,-0.458475295,1.374827362,0,1,1,5.875693848
106480,0.403472791,1.12424722,0,1,0,4.417729602
106481,3.180927169,0.368361504,1,1,1,19.67025381
106482,-0.363478751,-0.65831987,1,0,1,5.474985337
106483,0.082819008,0.460478737,0,1,1,6.451368298
106484,-0.60698035,1.912117019,1,1,0,4.653233717
106485,-0.568162676,-0.699951472,0,1,0,1.479069905
106486,0.164497656,0.208652608,0,1,1,5.906588521
106487,-1.324711606,-0.020310608,0,0,1,6.425258206
106488,-0.673562964,0.200127978,0,1,1,5.772459695
106489,-0.401031423,1.651612655,1,1,0,4.302579215
106490,0.691768865,0.380732698,0,0,1,7.179149107
106491,-0.474839398,-1.386638961,1,0,0,1.152283865
106492,0.762661128,-0.992612881,1,1,1,6.082793394
106493,-0.987738365,0.0419722,0,0,1,6.123682415
106494,0.834248178,-1.227160521,0,1,0,2.879125106
106495,-1.48530146,1.272926883,0,1,1,6.835010745
106496,-0.794087471,-0.410885571,1,1,0,1.488757629
106497,0.999210036,1.145095398,0,1,1,9.218308639
106498,-2.251369953,-0.897436305,0,1,0,-0.126784371
106499,0.229728274,0.678227439,1,1,1,6.484210196
106500,1.575831645,0.54305083,0,1,1,9.957723172
106501,-0.147844162,-1.135709605,0,0,0,1.298604143
106502,3.033925055,0.611257097,1,0,1,18.22047916
106503,0.991567797,1.498762304,0,0,0,5.10301232
106504,-0.019368948,-0.630703259,0,0,0,2.583291149
106505,-1.05757244,-0.007813942,0,0,1,7.160649146
106506,1.834336042,-0.14944098,0,1,0,4.347144983
106507,-0.833094276,-0.664166597,0,0,0,1.339481085
106508,1.384275816,0.724163296,0,1,1,8.393047935
106509,-0.803015738,-1.745275565,0,1,1,1.657064935
106510,-0.582391127,-1.077167285,0,0,1,4.065131846
106511,0.275770426,2.123573858,1,0,1,7.160387815
106512,0.905442924,-1.682090559,1,1,0,2.330307898
106513,-0.691848602,0.132512669,1,1,0,3.220904727
106514,1.223030661,1.033302276,1,1,0,5.020552073
106515,2.272314276,-0.960712846,0,1,0,3.698482421
106516,0.730595491,-0.951731119,0,0,1,6.48497756
106517,1.111210579,-1.498060066,1,1,0,2.318728268
106518,-0.192626929,-0.588214327,1,0,0,2.944811674
106519,0.61096696,-1.334687481,1,1,0,2.234280061
106520,-0.490751733,-0.000907195,0,0,1,5.661568055
106521,-0.671363373,0.661725126,1,0,0,2.778029812
106522,-0.61916163,-1.135493215,1,1,1,3.45215807
106523,0.76836313,-1.045860282,1,1,0,2.419912435
106524,-0.941906606,0.795300499,0,1,1,6.181080991
106525,-1.783175626,0.26439898,0,1,1,8.217568061
106526,0.661142928,-1.132163201,0,1,0,3.087205161
106527,1.731060989,0.193995229,0,1,1,11.0641674
106528,0.044417729,-2.063873567,0,0,0,0.690042848
106529,-0.937141798,0.867105623,0,0,1,6.71376765
106530,0.138154917,-0.02648645,0,0,0,2.977265144
106531,-2.219362129,0.014363741,0,1,1,7.88784352
106532,0.558778664,-1.433600186,0,0,0,1.556440975
106533,-0.898020667,0.10131218,1,0,1,6.102561114
106534,1.616104242,-1.477885401,1,0,0,3.504670863
106535,-0.430348554,0.152291476,1,1,0,2.472695341
106536,-1.080833101,0.748550193,0,1,0,3.392505336
106537,-0.896212605,-0.112265924,0,1,1,5.051133347
106538,0.12072343,0.502785735,0,1,0,3.563293431
106539,0.188183074,-0.287330315,0,0,1,5.144184071
106540,-0.521533934,-0.100049917,0,1,0,2.27556436
106541,-1.510750236,-0.542117179,0,1,0,1.3436318
106542,-0.298864461,-0.004396307,1,0,0,2.731264563
106543,-1.283203494,0.176388986,0,0,0,2.0575483
106544,2.126441788,-1.729279364,0,1,0,3.453389575
106545,-0.457600314,-0.383698668,0,1,0,2.45381343
106546,1.364826406,0.410126134,0,1,0,4.521950471
106547,0.894036572,0.092296478,1,1,1,7.595219861
106548,1.262172404,0.832327874,1,1,1,8.497984419
106549,-0.337244625,0.75816335,1,0,1,5.928098104
106550,-1.025820329,1.175903183,0,1,0,2.987881869
106551,-0.618187329,-0.672836931,1,0,1,5.011517788
106552,0.16725766,1.940318029,0,0,0,4.968383875
106553,0.967395519,1.89990774,0,0,1,8.686387878
106554,-0.377529223,0.311994635,0,1,0,2.956054158
106555,-1.105079312,-0.910305735,0,1,1,4.609433269
106556,-0.535259315,-1.959688408,1,0,0,0.932567066
106557,1.638440677,-1.061481401,0,1,1,9.102306348
106558,0.083863977,0.885759033,0,0,0,3.681128735
106559,0.709907477,0.359253405,0,0,0,4.329707709
106560,-0.324975093,0.325813879,0,0,1,6.170433207
106561,-0.367090824,-0.182840163,0,0,1,3.683409247
106562,-0.15719424,0.281192478,0,1,1,5.951879349
106563,0.383276106,-0.144885374,0,0,0,2.846304994
106564,0.147141939,-1.409533735,0,1,1,3.31330441
106565,-2.287559273,0.991478998,0,1,0,1.935511811
106566,-0.538050658,-1.386599795,0,0,1,3.616521803
106567,-0.283998511,-0.109671771,0,0,0,3.184472079
106568,-1.089043726,-0.696611526,0,1,1,5.340196419
106569,-0.350754616,2.829342599,0,1,0,6.149450473
106570,0.048243808,0.003009372,0,0,1,5.536012828
106571,0.110321481,-1.694583359,1,1,0,0.192446358
106572,0.037168161,-1.108418376,1,1,0,1.212651606
106573,-1.370514457,-0.218688771,0,1,1,6.163279956
106574,-0.521919867,0.326454171,0,0,0,3.369192555
106575,-1.642563143,0.101879363,0,0,0,1.522583815
106576,-1.569231442,-2.613306513,0,0,1,1.933162028
106577,-1.324567302,-1.64824677,1,0,1,4.494069933
106578,0.449082887,-0.083677617,0,1,0,2.680084623
106579,0.514043244,-0.03707268,1,1,0,3.808497311
106580,-2.337792907,-1.565845883,0,1,0,-1.125090308
106581,0.080503049,0.869841154,0,0,1,6.328807565
106582,1.140445629,-0.398598038,1,0,1,8.328219151
106583,0.167317868,-0.612403716,0,1,1,4.813012841
106584,1.949049822,-0.450601714,0,1,1,11.41007397
106585,-0.257392632,0.355241189,0,0,1,5.704415617
106586,0.257840293,2.385846496,0,0,1,6.329436801
106587,-1.031524129,-1.655760556,1,0,1,4.391164335
106588,-0.372236743,0.501290333,0,0,0,3.908867844
106589,0.338710101,1.67087463,0,1,0,4.759902427
106590,0.478532239,-2.199856294,0,1,0,1.861182296
106591,0.029074361,0.046364975,1,1,1,6.321234421
106592,0.122824976,-1.145445835,1,1,1,4.705523202
106593,-1.800296606,1.90773287,0,1,1,8.234061597
106594,-0.35495339,-0.170119792,0,1,1,5.857824963
106595,-0.327624976,0.402654914,0,1,0,2.309106772
106596,-0.326499735,1.186451195,0,1,0,3.603562975
106597,2.277350578,1.122908807,0,1,1,14.56004219
106598,-0.632761669,-0.50379298,1,0,0,2.216694164
106599,-1.569611822,0.239821028,1,1,0,1.729448517
106600,0.952669351,0.868858717,0,1,0,4.103334358
106601,1.002554449,-0.075765037,0,1,1,7.982279403
106602,1.127713773,0.297310616,1,1,1,9.444625989
106603,0.362921774,-0.914131799,0,1,0,2.937173975
106604,0.112342541,-0.511627565,0,1,1,5.368513492
106605,0.257711624,0.738090422,1,0,1,7.540199136
106606,-1.328088759,0.308278653,0,1,1,7.018531335
106607,0.634501869,0.618817568,0,1,1,7.301988036
106608,1.663388742,-0.36793176,0,1,1,9.632091207
106609,1.019802293,0.974876255,0,1,1,8.936334345
106610,0.44632062,-0.058106486,1,1,1,6.787969053
106611,-0.472754935,1.862601278,0,1,1,6.327880057
106612,-1.093759789,0.043216255,0,1,0,1.998301703
106613,0.513228043,1.414958852,1,0,1,7.975191696
106614,-0.059715559,0.839894587,0,1,1,6.814342484
106615,0.905768562,-2.796361235,0,1,1,2.958249944
106616,-0.270467483,0.745533426,0,0,1,6.26328482
106617,0.433733162,0.510228968,0,0,1,7.582008396
106618,-0.122547435,0.569033162,1,0,1,6.444193667
106619,0.241273622,0.92462273,1,0,1,6.590427887
106620,-0.107803263,-0.563893794,0,1,0,2.146152486
106621,1.154466089,0.958680581,0,1,0,5.520582686
106622,1.118643231,2.931494126,1,0,1,8.60381331
106623,-0.450431087,-1.736192422,0,1,0,2.395923346
106624,1.844290024,1.034757773,0,0,1,12.99780825
106625,0.271311612,-0.761029261,0,0,1,5.771572123
106626,0.486187748,0.042922325,0,1,0,3.154299671
106627,1.649221002,-1.298145634,1,0,1,7.794320813
106628,3.123606513,-1.398991782,0,1,0,4.160539199
106629,-0.836611808,0.688467713,0,1,0,3.416482067
106630,-1.013086362,-1.890173213,0,1,1,2.936078432
106631,0.619782152,0.160321515,0,1,0,3.959707477
106632,-0.106956503,-1.002976097,0,1,1,4.272254014
106633,-1.365485694,-0.499454142,0,1,1,6.217945314
106634,0.446048933,0.195032213,0,0,0,3.784834063
106635,0.681649326,0.400502136,0,1,0,4.068648351
106636,-0.98241755,-0.071595053,0,1,1,5.910312863
106637,-1.529058045,0.379679321,1,0,0,1.615548576
106638,0.192902127,0.747431431,0,1,0,4.530761885
106639,-0.800365098,0.93794037,0,1,1,6.452762699
106640,-1.396893836,1.085485465,0,1,1,7.451003915
106641,-0.093825243,-0.047729324,0,1,1,6.174844673
106642,-0.25589808,1.814597341,0,1,0,4.550568863
106643,1.362888123,2.100793309,0,1,1,10.21575376
106644,0.501047963,1.398235695,0,0,1,7.462241668
106645,-0.098308566,0.647253342,0,1,0,2.807262286
106646,0.917391053,-0.428852775,1,0,1,7.647128975
106647,1.51224881,-0.600949444,0,1,1,8.160833921
106648,0.954342989,-1.612266545,0,1,0,3.272704263
106649,0.211192354,-0.092587618,0,0,1,6.181004052
106650,0.666825044,0.240845492,1,1,1,7.027887832
106651,0.211937671,-1.305382605,0,0,0,2.257171242
106652,-0.203426354,0.02143089,0,1,1,5.372767172
106653,-1.800418545,-0.0118299,0,1,0,0.585548254
106654,0.776970229,0.261240339,0,1,1,7.985490452
106655,-0.74579124,1.067370727,0,1,1,7.113861802
106656,3.525945491,1.020559082,0,1,0,7.723907743
106657,0.651604257,-1.247384951,0,1,0,2.256516835
106658,0.694283603,-1.03175909,0,1,0,2.802871404
106659,0.696391953,-0.19111893,0,0,1,7.479825488
106660,0.153933581,-0.908226012,0,1,1,4.966034906
106661,0.195888907,-0.396602489,0,0,0,2.297934697
106662,1.948070553,-0.490576509,1,0,0,5.358474294
106663,2.307245463,-0.145046462,0,0,0,5.050110777
106664,1.649823543,-0.796753986,1,1,0,3.673965037
106665,1.749232291,1.61489191,0,1,0,5.694677136
106666,0.990490707,0.168636228,0,1,1,7.991541353
106667,-0.539897177,-0.452990729,1,1,1,4.821524184
106668,-1.087859381,-2.349521367,0,1,1,1.554341434
106669,-0.161011213,1.078745982,0,1,1,5.679248816
106670,-0.855398639,-0.28221917,1,1,1,6.428064379
106671,-0.103226293,1.553708447,1,0,1,6.970280499
106672,-0.718759032,-2.783667092,0,0,1,0.548196381
106673,-1.034202765,-1.018659257,0,0,1,4.889099152
106674,0.841649909,-1.694180269,0,0,0,2.224808895
106675,0.664436189,1.68415998,0,1,1,8.034630972
106676,0.432181264,-0.044497569,0,0,0,3.567183672
106677,0.304901208,0.296975818,1,0,1,5.743706353
106678,1.303213566,-0.207908741,1,1,0,5.065664209
106679,-0.800991024,0.631628898,0,1,0,1.491970872
106680,0.4813832,-0.276222315,1,1,0,2.778026968
106681,-1.781958137,-0.234231764,0,0,0,1.261223862
106682,1.47543168,-0.062983023,1,0,0,4.606121086
106683,0.324344955,-0.512555089,1,0,0,2.672562498
106684,0.617134029,-0.002886801,1,1,0,3.915538926
106685,-0.568390332,2.002582833,0,1,0,4.779398404
106686,0.525695388,0.407947786,0,0,1,7.07180193
106687,1.441291144,0.414710794,1,1,1,9.40528281
106688,0.350419938,-0.64391858,0,1,1,5.706927659
106689,-2.350342743,1.128070102,0,1,0,1.80178955
106690,0.560363679,-0.370059841,0,0,1,6.900782372
106691,1.081957912,-0.081639381,1,0,1,8.201935045
106692,0.672779795,0.358421044,0,1,1,7.793912416
106693,0.675094163,-0.110548558,1,1,1,7.164868884
106694,-0.238759025,-0.584576465,0,1,1,4.238165332
106695,-0.656487472,0.551373702,0,0,0,3.029242731
106696,-0.142102477,0.486385509,0,1,1,5.498051262
106697,-1.32343298,0.450511685,0,1,1,6.072809668
106698,0.246128848,0.178378185,0,1,1,6.710950608
106699,1.097540294,-0.116575975,1,0,0,3.771348888
106700,-0.259010595,0.08934197,0,1,1,5.293537484
106701,0.722689174,-0.588115957,1,1,0,3.549623529
106702,-0.389312563,0.75475168,0,1,0,3.629235326
106703,0.625413529,0.084661568,1,0,0,3.872697951
106704,-1.836013132,-0.408662224,1,1,0,1.244160615
106705,0.021390931,-0.239683573,1,0,1,5.121509098
106706,-1.328332496,-0.809881347,1,0,1,4.704418515
106707,-1.119501091,1.208831862,0,0,0,3.15376755
106708,0.900097372,0.577752741,0,0,0,4.853767448
106709,0.429623315,-0.513155944,0,1,0,3.676675609
106710,-2.242371771,0.252352604,0,1,1,8.789572428
106711,0.402660939,-0.650336764,0,1,0,2.52604061
106712,-2.359929011,-1.143637834,0,1,1,8.398675882
106713,-1.502768889,0.470314992,1,1,1,6.974836836
106714,2.507709112,-1.938730708,0,1,0,3.47576325
106715,-0.715255508,-0.590663128,1,1,0,1.771521424
106716,0.138867494,0.790293134,0,0,0,4.034653539
106717,0.326466028,-0.575168864,0,1,0,2.536162283
106718,-0.170598695,-0.018133775,0,0,0,2.875276099
106719,-0.573810552,-0.97991053,0,1,1,4.841346725
106720,-0.730709969,-0.47488877,0,1,1,4.628819045
106721,-0.176813668,0.267012801,0,0,0,3.771346986
106722,1.793083239,1.645139889,0,1,1,11.61943947
106723,-0.527129282,-0.757869321,0,1,0,2.894323458
106724,-0.44733977,-1.000684503,0,1,1,4.852960304
106725,1.069285781,-0.008893349,0,1,0,3.830739508
106726,-0.754753385,-1.053819872,0,1,1,4.649862177
106727,1.61226294,2.007203257,0,1,0,7.142901757
106728,0.655188324,-1.416453256,0,1,0,2.432608293
106729,-0.619055473,0.34991059,0,1,1,5.731344305
106730,-0.073341042,0.640427901,0,1,1,6.351634246
106731,-0.595689298,0.046496816,1,1,1,5.505730447
106732,0.36296826,-1.663346659,0,0,0,1.705810498
106733,0.422628252,1.076100871,1,0,0,3.710600541
106734,0.707280672,0.076501125,1,1,0,3.124079298
106735,-1.028795002,-0.161567957,0,1,1,6.392455658
106736,-1.733338522,0.70913994,0,1,0,2.380190818
106737,1.734067059,-1.280260303,0,0,0,3.816786362
106738,-0.670902702,-0.362689473,0,1,0,1.071960083
106739,1.519641889,0.389338353,1,1,0,5.532169512
106740,1.334199843,-0.238644412,0,1,1,8.191815462
106741,0.947215948,0.426707862,0,1,1,8.330227977
106742,0.227723892,-0.232206654,0,1,1,6.149505091
106743,-0.595131129,-1.162701944,0,1,0,1.952197079
106744,1.031279407,-0.951749006,0,1,1,7.062492856
106745,-1.317379298,0.603021816,0,1,1,6.288849143
106746,-0.179096083,-2.507570217,0,1,0,0.789299753
106747,0.814082635,-0.932455038,0,1,1,6.802643479
106748,-0.497702959,0.924084923,0,1,0,3.694885903
106749,-1.230084094,-0.455066022,0,1,1,6.251405542
106750,-1.045312452,2.034626824,0,1,0,4.077307463
106751,-0.162070227,1.032570152,0,1,0,3.505459584
106752,1.04768242,2.083659908,0,0,1,8.966697861
106753,-1.537937828,0.64230658,0,0,0,1.495393952
106754,0.193044112,2.215955839,1,1,0,7.041991518
106755,-0.853778027,1.555873913,0,1,0,3.143214672
106756,-0.61531217,-0.37893369,0,0,1,6.357752131
106757,0.379812207,0.00788486,0,0,0,3.544983182
106758,-0.006593307,0.152100744,1,1,1,6.748713642
106759,0.444002011,0.002405013,0,1,1,6.764816316
106760,-0.05298191,0.192216223,0,1,1,5.761339533
106761,0.710942956,0.307058744,0,1,1,8.553156137
106762,0.734196924,-0.656084738,0,1,0,2.834053108
106763,-0.249473614,-1.755921987,1,0,0,0.788689663
106764,0.028177027,1.749486292,0,0,1,7.190218681
106765,1.171817232,-0.618839593,0,1,1,7.554686982
106766,-0.159170891,1.283434379,0,0,0,3.788480162
106767,-1.038732749,0.632434534,0,1,0,2.596225808
106768,-0.817186087,0.707276087,0,0,1,6.871408702
106769,0.020653819,0.973477235,0,1,1,7.220936637
106770,1.142172194,0.064920307,0,1,0,4.671400074
106771,0.010370632,-0.7358806,0,1,1,4.460120766
106772,-0.761304742,0.180357266,1,0,1,6.796722629
106773,-0.071980284,-0.474600159,1,0,1,4.928529995
106774,-0.42244312,0.997159883,0,1,0,2.833749797
106775,0.580975921,0.332500927,0,1,1,6.802930367
106776,-0.402004466,0.407162387,1,1,1,5.754563046
106777,-0.854816248,0.477758343,1,1,0,2.417507221
106778,0.734490065,1.374911183,0,1,1,7.675040608
106779,0.098217207,0.537120093,1,1,0,2.877716409
106780,-2.405549176,-0.779270699,1,1,0,0.520354195
106781,1.025787551,-0.136286795,1,1,1,7.779813343
106782,-0.972607752,-0.062483215,0,0,0,1.891145297
106783,-0.232888543,1.034440682,0,0,1,6.176364933
106784,-1.451639011,1.624700601,0,1,0,3.599655248
106785,-1.840390088,1.383511942,0,0,1,7.290885729
106786,0.03643053,-0.614402155,0,0,0,1.883200527
106787,-0.250959756,1.224698519,0,1,0,3.765557644
106788,0.494000185,-0.539146021,0,1,0,2.95743423
106789,1.383180496,0.608177841,0,1,0,5.145713151
106790,-0.2011999,-0.482897837,1,1,0,2.063239081
106791,1.857296432,1.944142544,0,1,1,12.28148862
106792,0.389243695,-0.408314743,0,0,0,3.12548072
106793,-0.840170317,1.970031245,0,0,0,4.320055167
106794,-1.289752702,0.216708978,1,1,0,1.321212661
106795,-0.267348602,0.702042249,1,1,0,3.077211483
106796,0.940580353,-0.416648781,0,0,0,4.517471469
106797,-0.149528655,1.198005419,0,0,0,4.362770335
106798,-0.391233587,-0.158192553,1,1,1,6.549092583
106799,0.565987252,1.45014477,0,1,0,3.833166915
106800,-0.861858234,0.231889718,0,0,1,7.205139949
106801,0.056332236,-0.790055177,1,1,1,5.321023081
106802,0.237915481,0.56604435,1,0,0,3.815973842
106803,-0.071772345,0.58525882,0,0,0,4.407089756
106804,-0.220809585,-0.951581228,0,0,0,1.939676233
106805,0.608308708,0.254470033,1,0,0,4.314667163
106806,-1.199896466,0.353100033,1,0,1,6.414376448
106807,0.744719486,0.711139016,1,1,1,7.801219694
106808,1.590166528,1.454598861,1,0,0,6.647603356
106809,-0.882541103,1.385617025,1,1,1,6.501690417
106810,-0.31194054,0.864325174,0,0,1,5.206315294
106811,-0.047901228,0.066075054,0,1,0,3.065394348
106812,1.247186823,0.300101199,1,1,1,9.695588501
106813,-0.336758957,0.734731932,0,0,1,6.254056626
106814,-0.236055669,-0.346978764,0,0,1,4.859274674
106815,1.931223633,0.389186795,0,0,0,5.496973323
106816,0.129049226,-1.211954365,0,1,1,4.247115851
106817,-0.530489292,-0.24669291,0,0,0,2.379491346
106818,2.469584176,0.559312764,0,1,1,15.67525574
106819,-1.144293404,1.501623095,0,1,0,2.983662558
106820,0.995766411,0.330236703,0,1,0,4.346969947
106821,-1.66665516,0.831864814,1,0,1,7.366170408
106822,-1.699436291,-0.759199426,1,1,1,6.21567772
106823,0.07685689,0.094636156,1,1,1,6.539280873
106824,0.453715098,-1.021431587,1,0,1,5.17398636
106825,-0.766852565,0.411361012,1,1,0,3.493922245
106826,-1.819290582,0.198317073,0,0,0,2.127676606
106827,-0.830349769,0.297118315,0,1,0,2.924137479
106828,-0.622701968,1.34760434,1,0,0,3.039347754
106829,-0.415128447,-0.183343058,0,1,0,2.728577775
106830,-0.856652348,-0.347305049,0,1,1,5.418336516
106831,1.62082976,-0.536034149,0,1,0,4.742166695
106832,1.765093259,1.406423469,0,1,1,11.60022869
106833,0.440147091,1.165004638,0,1,0,5.096442155
106834,0.041338953,-0.155975801,1,1,1,6.006105798
106835,-0.066362013,0.048021116,0,1,1,6.618156617
106836,0.407912861,0.35884852,0,1,1,6.29149616
106837,1.821803134,-0.199330066,0,0,1,11.6338103
106838,-0.121398219,0.633114961,0,0,0,3.663427495
106839,-0.150059497,-0.916168899,1,1,0,2.787046147
106840,-0.228596219,-0.242191892,0,0,0,2.345664993
106841,-0.382069758,0.854928212,1,0,0,3.495943152
106842,-0.030076365,0.65787841,1,1,1,6.313721291
106843,-1.005516404,-1.00006774,1,1,0,0.281027695
106844,1.394188974,1.11565225,0,0,1,9.90394622
106845,0.031472252,1.836969408,0,1,0,5.346392682
106846,0.535132436,-0.594046473,0,1,0,2.946077337
106847,1.167302476,-1.049751151,1,1,0,2.511256182
106848,-0.975584492,0.287688439,0,0,0,1.7754822
106849,0.3462295,-1.636285043,0,1,1,4.090963608
106850,-0.656985592,-1.170205958,1,1,0,1.323432236
106851,-0.295370879,-0.891206579,0,1,1,4.52865421
106852,0.801006763,1.139247795,1,1,0,4.819976874
106853,0.627136328,0.477271083,1,1,0,4.091378906
106854,-0.31492769,1.342730434,0,1,0,4.138796915
106855,-1.117043443,0.178986666,0,1,0,1.935291928
106856,1.990489456,-0.342350322,0,0,0,5.152768685
106857,-0.531959917,0.225404816,0,1,1,5.797862185
106858,-0.074621967,0.556540861,0,1,0,3.556960039
106859,-0.665879454,-0.410972436,0,1,1,5.1696449
106860,0.017723026,-1.032352107,0,1,1,5.191527371
106861,0.111054485,0.562694511,1,0,0,3.639613163
106862,-1.324159134,-0.179147596,0,0,1,6.304613287
106863,0.025807113,-0.064939739,0,1,1,5.622407074
106864,-0.726571979,0.876057041,0,1,1,6.878905936
106865,-0.398971503,-0.303297861,1,1,1,5.600938937
106866,0.30102355,0.905277936,1,0,0,4.111090234
106867,0.000275264,0.449963742,0,1,1,5.996234495
106868,-0.455555202,-0.804142287,0,1,1,4.430778654
106869,-0.824300315,0.218419811,0,0,0,2.381192717
106870,1.81426972,-0.609898518,0,0,1,10.71410362
106871,0.428284671,0.813743399,0,1,0,4.12869053
106872,0.416254032,1.20960886,0,0,1,7.437666217
106873,-1.118691525,-0.904654535,0,1,0,1.490400342
106874,-1.081274592,0.367793591,1,1,1,6.588331996
106875,-0.404296584,-1.263397441,1,0,0,1.430580994
106876,0.790906422,1.811075662,1,0,0,5.602219092
106877,1.133014612,-0.049965335,1,0,1,8.732710961
106878,0.964827498,0.080938667,0,1,0,3.717114164
106879,0.2373622,1.624225373,1,1,0,5.012163621
106880,1.117285698,1.370302308,0,0,1,8.95771703
106881,0.481134223,0.567674149,0,0,0,3.32424131
106882,-1.772405065,-1.671037896,1,1,0,-1.114829401
106883,-1.211262662,-1.060880003,0,1,0,-0.076592205
106884,-0.501419348,0.088327597,1,1,1,6.645264114
106885,-1.257533066,0.465709749,1,1,0,1.789615543
106886,1.50422115,-0.470036058,0,1,1,9.140339124
106887,0.698804735,-1.068136532,0,0,1,5.177745578
106888,0.55515296,-0.127509608,0,0,0,2.957378593
106889,-0.47400417,-1.406300734,0,0,1,3.243547279
106890,-0.417430943,-0.709086225,0,0,1,5.368323981
106891,-0.136024205,-1.105701946,0,1,1,4.137201788
106892,-0.971806935,0.240702342,0,1,1,5.457739158
106893,0.389651886,0.077091378,0,1,0,4.871143078
106894,-0.473787142,-0.55666813,0,0,0,2.016720342
106895,-0.338267561,-0.939404182,0,1,1,4.184927331
106896,1.718508991,-0.0447626,1,0,0,4.209551094
106897,-1.356492928,-0.470406604,1,1,1,5.719135503
106898,-0.229545176,-1.33363415,1,1,0,0.6386009
106899,-1.277168699,-0.848044848,0,0,0,1.616005859
106900,-0.350352885,-1.124340361,1,1,1,4.005153505
106901,-1.087465504,2.126381723,0,0,0,3.21071432
106902,1.707447354,1.831519878,0,1,1,11.83330738
106903,0.92809337,0.500070474,0,0,1,7.550764917
106904,-1.550606227,-1.374091724,0,1,1,4.134431581
106905,-0.020639779,0.333170413,0,0,0,3.288099386
106906,-0.801392526,-1.07021266,1,0,0,1.028441942
106907,0.279585407,-0.191663471,0,1,1,5.763166063
106908,0.409591904,1.361469382,1,1,1,6.555563664
106909,-0.540048736,0.896451466,0,1,0,3.485266177
106910,0.286615924,-0.605369478,1,1,1,4.919248324
106911,-0.115785875,-1.61261755,1,0,1,2.900716513
106912,0.206165899,-0.228017813,0,1,0,3.407570015
106913,1.499700845,-0.326685568,0,0,0,4.661455283
106914,0.843397503,-0.161133487,0,1,1,7.533932122
106915,-1.12238113,-0.164459165,1,1,0,1.890495993
106916,0.826166468,1.257734807,1,1,1,7.360819174
106917,-0.027470749,1.116075602,0,1,0,3.78433848
106918,-1.327271216,0.238028671,0,1,1,7.7344042
106919,0.587885264,0.753525127,1,1,0,4.524859319
106920,-0.580232963,-0.806953477,1,1,1,4.717044808
106921,1.653852981,0.597780418,0,1,1,11.79819133
106922,1.279918425,-0.805309357,1,0,1,7.96600084
106923,-0.314058642,-0.647432788,0,0,1,4.926303881
106924,-0.374508677,0.444086467,0,0,0,3.347146878
106925,0.864371225,0.073217561,0,0,1,7.476188659
106926,-0.648984616,1.023665831,0,0,1,6.532771323
106927,-1.737543593,-1.283556989,0,1,1,5.806127667
106928,0.729631198,0.001364195,0,1,0,3.593635416
106929,-0.103788895,0.22468965,0,0,1,6.018136595
106930,-0.757625507,-1.084266467,0,0,1,4.460151144
106931,0.061194516,0.015843743,0,0,0,2.707711552
106932,-0.232365717,0.001840618,1,0,1,5.790851659
106933,-1.090600456,0.420233437,0,1,0,1.974674057
106934,0.349178526,2.210778365,0,0,0,5.656804001
106935,0.394775751,-0.842612004,0,0,1,5.676911705
106936,-0.001826026,0.048819683,1,1,1,5.914710568
106937,0.67083172,0.569587776,0,1,0,4.348128709
106938,3.153396062,-0.857726775,0,0,0,5.047087717
106939,-2.212730576,-1.31673394,0,0,0,-0.396965496
106940,0.126674681,-1.339439553,0,1,0,1.375263306
106941,0.097482479,1.664864193,1,1,0,4.613586187
106942,-0.316392168,1.495433288,0,0,1,5.982237495
106943,0.440335031,0.572330298,0,0,1,7.582257994
106944,0.572543446,-1.16552859,0,1,0,3.214077938
106945,-0.102809971,1.670484996,1,0,1,6.34614158
106946,0.213124547,0.767808996,0,1,1,6.473373153
106947,0.64432472,-0.94937892,0,1,0,2.271238338
106948,-0.007192134,-1.051352642,1,0,0,3.0700048
106949,-0.044307345,0.415230843,0,0,1,6.874888248
106950,0.576171289,1.159831967,1,1,0,5.249569443
106951,0.478137111,-0.466600565,1,0,0,2.517456026
106952,-0.344819996,-1.12230647,1,0,0,2.012952196
106953,0.691782861,-1.320520844,0,0,1,4.28030016
106954,0.447834879,0.901627309,0,0,0,5.102541724
106955,-0.632798427,-1.533724937,0,1,1,3.734910357
106956,-0.374316337,-0.022006354,0,1,1,6.074534712
106957,-0.534670002,-0.979083911,0,1,1,5.226708405
106958,1.319787631,0.919232531,0,0,1,9.336774988
106959,0.667806352,0.406472268,0,0,1,6.766090557
106960,0.732906537,-1.162271464,0,1,0,2.471338306
106961,0.786430135,0.167956258,0,0,0,3.993971323
106962,-0.738293163,-1.152582483,0,0,1,3.767267732
106963,0.731283041,-1.086205931,0,0,1,5.790147472
106964,-0.696344987,0.715358001,0,1,1,6.370270181
106965,1.017220609,-0.270439557,1,0,0,4.362486348
106966,-0.030921043,-0.977612853,0,1,0,2.665731902
106967,-1.536916171,-1.813118029,0,1,1,3.776898834
106968,0.517711903,0.659962698,1,1,0,4.94272429
106969,-0.717734725,1.784853399,0,1,1,6.350869788
106970,1.081823072,1.011668165,0,1,0,5.428500548
106971,0.543392004,-0.920279865,0,0,0,2.459706953
106972,-0.176082966,-0.14364221,1,0,0,2.335847432
106973,-2.610188645,0.594080185,0,1,1,11.30911923
106974,0.472485826,2.641897687,0,0,1,7.076572286
106975,-0.145354888,-1.54294635,0,1,1,4.23757466
106976,1.644823352,0.942419553,0,1,1,9.913222335
106977,-0.265375622,-0.407305602,0,1,0,3.245103666
106978,0.418733526,-0.548391365,0,0,0,3.193174488
106979,0.038320444,-0.186904492,0,1,0,2.991807451
106980,-0.01275289,1.539200634,0,0,0,4.240418729
106981,-0.042093902,0.271239956,0,1,1,6.030904725
106982,0.688100143,-2.083235523,0,0,1,4.161010051
106983,0.521221281,-2.185997622,0,0,1,3.804861346
106984,-0.850232098,1.758937015,0,0,1,6.130369048
106985,0.744326486,-1.107496094,1,1,0,2.480299413
106986,-0.623839837,0.6237229,0,0,1,5.56959532
106987,1.477052341,0.882876238,0,0,1,9.898202741
106988,-0.30920086,-2.000616301,1,1,0,1.228576996
106989,-0.454901161,-0.482258132,0,1,0,1.68620668
106990,1.268604928,-0.578498766,0,0,1,7.203784275
106991,-0.993621587,1.332319349,0,0,1,6.745275597
106992,-0.881944679,1.24043516,1,1,0,3.080376154
106993,0.584911405,-1.101262435,0,1,1,6.151771761
106994,0.380086146,-1.218585994,0,0,1,4.178990631
106995,-1.475321679,0.796247343,0,0,1,6.957596504
106996,0.097271713,-0.208324992,0,0,0,3.152127975
106997,0.239693329,0.164747265,0,0,1,6.54045173
106998,0.308003783,-0.048143941,0,1,1,5.993562459
106999,1.157310185,0.721948002,1,0,1,8.821924819
107000,-0.258017142,-0.030057673,0,0,1,6.195281031
107001,0.101160092,0.622772829,1,0,1,5.821257171
107002,-0.796027921,-0.384673105,1,0,0,2.097621948
107003,-0.683065949,-0.26959669,1,0,1,5.851407562
107004,-0.508761124,-0.940806305,0,1,1,3.80966926
107005,1.207568003,0.638147107,0,1,0,5.103289022
107006,0.123933768,-0.883924645,0,1,0,2.582552708
107007,0.317284088,1.492681592,0,1,1,7.083528387
107008,1.090467134,-0.193964277,0,1,1,8.207062877
107009,0.194827625,0.817587875,0,0,1,7.215326138
107010,0.555560206,-0.224920861,1,0,0,3.117594436
107011,-0.10404414,0.742725866,1,0,0,4.155223819
107012,-1.053340831,-0.220358792,1,0,1,5.912292059
107013,0.745059556,-2.149591601,0,1,0,2.342437432
107014,0.544022483,-0.282556724,0,0,1,6.802685908
107015,-0.018827533,-0.750022927,1,0,1,5.341434176
107016,-0.696583872,-0.65890817,1,0,1,5.158113511
107017,-0.058320998,-1.648874692,1,0,0,1.722454608
107018,-1.235568489,-0.316937878,0,0,0,1.322311156
107019,1.076814267,-0.485880755,0,0,1,8.479663075
107020,-0.127155541,-0.245225727,0,1,0,2.539683281
107021,-1.696391759,0.55631049,0,1,0,1.712572353
107022,0.288975793,-0.556666954,1,0,0,2.229482433
107023,-0.235210462,0.139783665,1,1,1,5.939103036
107024,0.377502987,-0.662933243,0,1,0,3.100115575
107025,-0.607594125,-0.958955105,0,0,0,2.352664075
107026,-1.177719802,-0.30622078,0,0,1,6.052085166
107027,-0.380403948,0.556821235,1,1,1,5.964569545
107028,-0.773250802,-0.411115845,0,1,1,5.662755745
107029,0.687905211,1.194412641,0,1,0,4.246858172
107030,-0.353661829,1.361557392,0,1,1,4.842169127
107031,-0.377192223,0.559297151,0,1,1,6.185823523
107032,0.681297279,-1.204813866,0,1,1,4.968498379
107033,1.370727806,-0.691956602,0,1,1,8.554975653
107034,-0.192411845,-1.041351995,1,0,1,4.420366798
107035,0.942278377,-0.04342043,0,1,0,4.251875063
107036,-0.3126869,1.041180457,0,1,0,3.904328506
107037,-1.787695399,0.944112382,0,1,1,8.285560598
107038,0.474757559,0.042984284,0,1,0,3.421753333
107039,0.032229248,-0.313068291,0,0,0,3.068532871
107040,-1.258571667,-0.042636298,0,0,1,5.468606517
107041,-0.651133417,1.004637237,0,1,0,3.02573376
107042,-0.453602985,0.85555915,0,0,0,3.761937472
107043,-0.950932619,-0.962092289,1,0,1,5.101269699
107044,-1.554841467,-0.735767577,0,0,0,1.408566115
107045,-0.479694168,-0.098214665,0,1,0,1.92817399
107046,-1.282293396,0.981906319,0,1,1,6.87443087
107047,-1.681464479,-0.517738047,0,1,0,0.212117459
107048,0.254967076,0.053089556,0,0,1,6.436734095
107049,-1.870762331,0.695539373,0,0,0,2.474660372
107050,1.880276014,0.216033584,0,1,0,4.694089559
107051,-0.592735195,0.046088488,1,1,0,2.777982174
107052,-1.010687446,-1.039017406,1,0,0,1.030862446
107053,0.653210481,1.232143606,1,1,0,5.022695181
107054,-0.605588949,0.395656402,0,0,0,2.737121899
107055,-0.169627867,0.780796516,0,1,0,3.389881018
107056,-0.804912423,-1.78398217,0,1,0,-0.222856201
107057,0.091297511,1.27557214,0,1,0,4.494590313
107058,-1.638063684,-0.973853172,0,1,1,5.808392415
107059,-0.261367417,0.492940926,0,1,1,5.723050758
107060,-0.032005415,0.589400928,1,1,1,6.29822518
107061,-0.95645956,0.016242648,0,0,1,6.056376096
107062,-1.171108917,-0.981378235,1,0,0,0.505016046
107063,-1.764648629,1.452075393,0,1,1,7.777354508
107064,0.825799633,-0.820929849,0,0,0,3.039584797
107065,-1.210471727,1.37678878,0,1,0,2.301825384
107066,-0.671085856,-0.115255445,1,1,1,6.023884843
107067,2.132564358,2.444379945,0,1,1,13.1217773
107068,0.818420031,-1.229558804,0,1,1,5.389137405
107069,-1.541051809,-1.094792297,0,1,0,0.095539228
107070,-0.547246175,0.089868148,0,0,0,2.57101793
107071,1.352025511,-0.961371061,0,0,1,7.786679693
107072,-0.022115231,-0.006507368,0,1,1,5.372473189
107073,-0.492871622,0.572446664,0,1,1,5.977298849
107074,-0.634474885,-1.74154304,0,1,1,2.36436748
107075,-0.574530053,-0.177276595,0,1,0,1.11655839
107076,1.14384932,0.596366849,0,1,1,9.478223457
107077,0.573087144,0.424259338,0,0,0,4.232816783
107078,-0.750630252,-0.061981224,0,1,0,2.792658288
107079,-0.098870031,-2.030771574,1,1,0,0.726328028
107080,-0.174512882,0.404034997,1,1,1,6.803663471
107081,0.187688548,1.414762731,0,0,0,4.377917183
107082,0.625639041,1.53461124,1,1,1,8.137295959
107083,-1.479525861,0.713940683,0,0,1,7.206172532
107084,0.055840807,-0.060482571,0,1,0,3.568201648
107085,-0.238685667,-0.154154082,1,0,0,3.256111946
107086,-0.548924809,0.324915518,0,0,0,3.382288303
107087,0.291998413,-1.947495768,0,1,1,3.164797818
107088,-2.254416185,0.538532148,1,0,0,1.072190068
107089,-0.682012625,-0.258299167,1,1,1,4.286457779
107090,-0.288665122,0.856495261,0,0,0,4.443263028
107091,1.29844195,-1.106609072,0,1,0,2.375527241
107092,0.702497333,-0.992308088,0,1,1,4.911145882
107093,1.702584245,0.63193285,0,0,0,4.959745857
107094,-1.250182488,-1.024023512,0,0,1,5.438067834
107095,-1.215681833,-0.724157685,0,1,0,0.959615293
107096,0.05166291,0.661540129,0,1,1,6.216717513
107097,0.894186891,-0.141260055,0,1,0,3.709302346
107098,-0.296884869,-1.244157396,0,1,0,1.468663011
107099,-0.052430474,-0.941429682,0,1,0,1.796450419
107100,0.836266795,1.214776211,1,0,1,8.336913953
107101,0.91044171,-0.113113716,1,0,0,4.251724349
107102,1.057439065,-0.773072549,1,0,0,3.438365108
107103,1.80634476,0.425903459,1,0,1,11.93484373
107104,-0.040007495,-0.22539723,0,0,1,5.980180972
107105,0.578584568,0.82747161,0,0,1,7.106523877
107106,-1.433552581,1.409313659,0,1,1,7.299314374
107107,-1.795853253,0.319287178,0,1,0,1.605694477
107108,-1.348161331,0.733918935,0,1,0,1.640367107
107109,0.02772375,1.93700385,0,1,0,5.586549127
107110,0.990879162,-1.328413307,1,0,0,2.306641531
107111,0.881036919,-0.180795506,0,1,0,3.730817094
107112,-0.353701102,-0.094919538,0,1,0,2.605421974
107113,-0.354634627,-1.477740852,1,1,0,1.039259826
107114,0.124346314,-1.391592228,0,0,1,4.003279485
107115,1.141439816,1.031100172,0,0,0,4.815729109
107116,-0.922334251,-2.143543053,0,1,1,2.500423405
107117,-0.350517691,-0.624581144,0,1,1,4.759468644
107118,-1.793978168,0.414921611,0,1,0,0.971886999
107119,-0.684449491,0.601344972,0,1,0,2.782099758
107120,-1.072048861,0.322393903,0,1,0,1.653851146
107121,0.743959021,-0.133930576,0,1,0,3.74087191
107122,-0.071357936,-0.27592506,0,0,1,5.204811225
107123,-0.626487527,1.691484755,1,0,1,6.686592277
107124,0.694568775,0.242820122,0,1,1,7.16015096
107125,1.854678739,-0.780469263,1,1,0,4.323516242
107126,0.173813999,-0.937541227,0,1,0,2.593975734
107127,0.425078512,0.036402596,0,1,1,6.361784962
107128,-0.080150568,-1.223679195,0,0,1,3.464174705
107129,-0.787822206,-0.648716715,0,1,0,0.760380819
107130,-2.31595832,-0.271991139,0,0,0,0.564093172
107131,-0.0681838,-0.705587747,1,0,0,2.288427416
107132,0.280604081,1.716632168,0,0,0,5.09023998
107133,-0.913953615,0.180829171,1,1,1,5.455815623
107134,-1.047040184,-1.752935829,0,1,1,2.990895121
107135,-0.434817973,0.316188763,1,0,1,5.438206592
107136,2.502942546,-0.818638665,0,0,1,13.88146597
107137,-0.260452038,-0.729921745,0,1,0,2.039337455
107138,2.124441515,0.855383709,0,0,1,13.67586262
107139,0.093216151,-0.534033845,0,0,1,5.414145503
107140,1.879564778,-1.088919512,1,1,0,4.104125564
107141,-1.132771716,-1.134336632,1,0,1,3.28726673
107142,-2.846906123,0.029039635,0,1,0,0.542006704
107143,-0.56565528,-1.004024177,0,0,1,3.983658733
107144,1.468439297,-0.533340613,1,1,0,2.692007004
107145,0.498116932,0.191216922,1,1,0,3.715287181
107146,-0.106706038,1.684107151,0,1,1,6.038469862
107147,-0.130258008,-1.148869941,1,0,1,4.086245885
107148,0.411825899,0.559119001,0,1,0,4.04242274
107149,1.176012724,1.385894595,0,0,0,6.234423059
107150,0.196688876,-0.910980501,0,1,1,5.317433703
107151,1.065253853,-1.348681736,1,0,0,3.08098463
107152,0.908149916,0.116646792,0,1,0,3.898058112
107153,1.145298251,-0.887478472,0,1,1,7.173390055
107154,0.497186206,-0.491874132,0,0,1,7.129043435
107155,-0.077547743,2.366087526,0,0,0,7.370272114
107156,1.410355467,0.023635313,1,1,0,4.112491048
107157,0.797305465,-0.590195266,1,1,0,2.550821054
107158,0.181758651,-2.082624418,0,0,0,1.101058168
107159,-0.956384747,-0.227389959,0,0,0,1.615292344
107160,-1.086612639,-1.289912363,0,1,1,3.494331199
107161,2.367538086,0.321193027,0,1,0,5.565550769
107162,-0.258172269,-0.12799155,0,0,1,5.538181802
107163,0.895451376,-0.015900964,0,0,0,3.955377083
107164,-0.145420456,-0.886333153,0,0,0,1.880399336
107165,-0.352104958,-0.213754049,0,1,1,4.65946875
107166,1.685087093,1.387394178,0,1,1,11.83628208
107167,1.607961285,-0.335761929,0,0,0,4.253214652
107168,0.195580495,-2.132374748,0,1,1,3.363103064
107169,0.35832781,0.84364417,1,1,0,4.102721967
107170,-0.117451869,-0.829854134,0,1,1,5.360700674
107171,-0.269727888,1.722800518,0,1,0,3.978969504
107172,-0.045818036,-0.179013698,0,0,0,2.880467844
107173,-0.705680395,-1.86249046,1,1,1,2.177859181
107174,0.817939567,-0.108295294,1,0,1,7.182147543
107175,-1.228024857,0.07999869,0,0,1,6.05744377
107176,-1.550816313,-1.953776245,0,0,0,-1.023556335
107177,-0.714715234,-0.352523387,0,1,0,2.724410042
107178,-0.95269917,-0.803257568,0,0,1,4.528615856
107179,-0.287679824,-0.657894877,1,0,1,4.941835308
107180,-0.306905563,-0.108053699,1,1,0,2.914263641
107181,-1.096524325,-0.786000847,1,0,1,5.290510398
107182,0.472163755,-1.231855005,0,1,0,2.03745743
107183,0.29003639,-1.013638641,0,1,1,5.635210076
107184,-0.899833047,0.592057758,0,1,1,6.741411046
107185,-1.000537196,0.672139682,0,0,0,1.87454035
107186,1.287230441,-0.502358673,0,1,0,4.486661526
107187,2.206698412,-0.03154853,0,1,1,12.97722153
107188,0.947958201,-0.519714514,0,0,0,2.775304638
107189,-0.245831727,1.182710904,1,0,0,3.372133155
107190,0.506877568,-1.874676484,0,1,0,1.421580557
107191,0.261342311,2.131355066,0,1,1,7.802887184
107192,-1.373205745,1.602746143,0,1,1,6.943068275
107193,0.420403723,-0.792345664,0,0,1,5.352354672
107194,0.454539389,1.323736247,0,1,0,5.194110692
107195,0.285639351,2.1254583,0,0,0,5.011211042
107196,0.913284397,-2.236189962,0,1,0,2.175837781
107197,1.479967291,1.241122849,0,1,1,10.03227421
107198,-0.535482527,1.809963022,1,1,0,4.611488999
107199,-0.290109546,0.531155335,0,0,0,3.518874037
107200,0.296529788,-1.109755962,0,1,0,1.874048205
107201,-1.217029997,-0.833048014,0,1,1,5.322081755
107202,-1.599923916,-0.721359097,0,0,1,7.650415986
107203,-0.457533924,-1.195857629,0,0,0,1.911983459
107204,-1.649997362,1.550875156,0,1,1,7.940287685
107205,0.288794832,1.217859456,0,0,1,7.097545588
107206,0.544184569,-0.073082845,1,1,0,3.245954364
107207,0.544250314,0.367543493,1,1,0,4.13247045
107208,1.472083577,0.433364654,1,0,0,5.029579182
107209,-0.534237028,-1.071037575,0,0,0,1.778843382
107210,0.145929475,1.851876768,0,1,1,6.778719579
107211,-1.324046944,-1.448788717,0,1,1,3.015254949
107212,-0.871258679,0.539281918,1,0,0,2.699723377
107213,0.6583131,0.151859768,0,0,1,7.693353528
107214,0.769945033,0.798004615,0,1,1,7.774706233
107215,0.796175294,-0.10428525,0,0,1,6.924144162
107216,1.147895653,0.70674755,1,1,1,9.431656095
107217,1.633419509,-3.033116992,0,1,0,1.596769007
107218,0.097457264,-0.659650755,1,0,0,2.634273972
107219,-1.185978808,-0.69580564,1,1,0,1.825203276
107220,0.147630008,-0.090026115,0,0,0,3.004315486
107221,-1.900422022,-0.577651148,0,1,1,7.092928176
107222,0.186675615,0.728710093,0,1,1,5.948631703
107223,0.512448174,0.330382426,0,1,1,6.534400394
107224,0.597858886,0.036268859,0,1,1,6.06269903
107225,1.336755152,0.267213957,0,1,0,4.945584266
107226,-0.461439386,1.408143707,0,1,0,3.281771666
107227,-0.512657864,0.645137927,0,1,1,6.031602976
107228,-0.030093818,-0.837542733,1,0,1,4.357316409
107229,-1.43345344,0.551458745,0,0,0,2.457393857
107230,-0.575157277,-0.018758282,0,0,1,5.699537835
107231,0.333967642,0.072437198,0,0,0,3.801487875
107232,-1.902974113,0.241428717,0,1,1,7.279184452
107233,0.228731534,-0.150255714,0,1,0,3.868733804
107234,0.278857171,-0.451537267,1,1,0,2.792380456
107235,0.020203006,1.189376757,0,1,0,3.268189394
107236,0.571454379,-0.452241048,0,1,0,3.172636339
107237,-1.026486009,-0.225792544,0,0,0,2.776851146
107238,-0.710751021,0.364200469,1,0,0,2.490263282
107239,-0.629894984,-0.147833938,0,1,1,5.82689719
107240,-1.281369267,-1.115214222,0,1,1,4.811067635
107241,-0.651849531,-0.191409274,0,1,0,2.982317362
107242,-1.457845236,-0.830230573,0,1,0,1.255711954
107243,1.652967494,1.196747024,1,1,1,11.04916617
107244,1.09301426,-0.416344163,0,0,1,7.028850185
107245,0.330217671,0.993723351,1,0,0,4.253184894
107246,1.334310169,0.629973494,0,0,0,5.242790136
107247,0.226868367,-2.336389398,0,0,0,1.470852455
107248,-0.444936871,-1.570827499,0,0,1,3.796924095
107249,0.721692211,1.331484664,0,0,1,7.491405725
107250,0.931048419,-1.100068328,0,1,0,2.362284923
107251,-2.388657421,-0.186649854,1,1,1,8.912546562
107252,-0.649314946,0.974487784,0,0,1,6.755631149
107253,-1.734806901,0.143715034,0,1,1,8.351975381
107254,1.991949267,-0.875774223,0,1,1,10.14504473
107255,-1.422851701,-0.316916057,0,0,1,6.805452975
107256,1.168711334,-0.523997118,0,0,1,8.525904738
107257,-0.064313643,-0.788010217,0,1,1,4.669193978
107258,-1.225779089,-1.40577332,0,0,0,-0.519972128
107259,0.648393083,-1.106534649,0,1,0,2.160302318
107260,-0.460143806,-0.870674209,1,0,1,4.70312988
107261,-0.455033558,0.418375439,1,0,1,6.185325732
107262,-0.89810395,-0.462774434,0,1,1,5.638028935
107263,0.854074232,0.494528418,0,1,1,7.761878422
107264,0.69962814,0.430182763,1,0,1,8.413077127
107265,0.60218783,-0.152227317,1,1,0,3.781442235
107266,-1.204265637,-0.559836148,0,1,0,1.587717051
107267,0.470127722,0.218362039,0,0,1,6.880559168
107268,-0.163437229,0.163509102,0,1,1,5.983868906
107269,1.259706767,0.209467927,0,1,0,5.428814009
107270,1.344550341,-0.936324501,0,1,0,3.192560288
107271,-1.117510923,1.250635036,0,1,0,3.155588477
107272,0.431365316,0.891886183,1,0,0,4.802227375
107273,0.542542698,-1.718902124,0,0,1,3.380455102
107274,-0.820781453,-0.110865385,1,1,1,4.989422265
107275,-1.579266751,-0.375035764,0,1,1,6.513944211
107276,0.376757979,-0.314217349,1,1,1,6.053473535
107277,0.705573287,-1.10073636,0,0,0,3.675008694
107278,0.227855988,-0.896943473,0,1,0,1.980243696
107279,-1.28438006,0.682931442,0,1,1,7.480346847
107280,0.642086428,1.621691826,1,0,0,4.934063986
107281,1.218949228,-1.781894494,0,1,1,5.965972529
107282,1.109979009,-0.371366544,0,1,1,8.139136868
107283,-0.333418775,-1.121057087,0,0,1,3.105124007
107284,-1.755302816,-1.739958571,0,1,1,4.253033151
107285,-0.892795616,1.2455871,0,0,0,2.997095182
107286,-1.472775766,1.045161589,1,0,1,6.915332714
107287,0.452058164,-0.379237996,0,0,0,2.869816193
107288,-0.369729539,-1.020955229,0,1,0,1.068072656
107289,-1.32002541,0.186371196,0,0,1,6.245511764
107290,0.790140771,1.67644901,0,1,0,5.261334121
107291,-0.07263597,-1.449590212,1,1,0,1.104258614
107292,0.042574658,-0.459773089,0,0,0,2.323244161
107293,0.309769165,-0.127258849,1,0,1,6.09535564
107294,-0.899233826,-0.261535836,0,0,0,2.766303902
107295,-1.62940385,-1.681156383,1,1,1,4.189074787
107296,0.924594167,-0.867566311,0,0,0,4.384994267
107297,-0.211325726,1.224709881,0,0,0,5.420106912
107298,-0.878124435,1.46593706,0,1,0,3.718497489
107299,-0.628347653,-1.115388931,1,0,0,0.99129715
107300,1.462307762,0.03291182,0,1,1,10.09304504
107301,-1.710543438,-1.132195611,0,0,1,5.739237762
107302,0.517940489,0.746765825,0,1,0,4.472415079
107303,0.467272045,-0.467488503,1,1,1,5.661568513
107304,-0.142702476,-0.058178415,0,0,0,3.153225372
107305,-0.704350735,-1.137966815,0,0,0,1.17049453
107306,0.659777916,0.358570567,1,0,0,4.319193135
107307,-0.531827592,0.467523098,0,1,0,3.307261449
107308,2.09816078,-0.268701681,0,0,1,11.6218525
107309,-0.916062936,-2.090697904,1,1,0,-0.708084686
107310,-1.259904405,-0.755195924,0,1,1,5.05317872
107311,1.559984429,-1.40114398,0,1,1,8.33081265
107312,-0.51229678,-0.445732669,0,0,1,4.806839765
107313,-0.927293788,-0.949025667,0,1,0,1.969827881
107314,-0.919154995,0.743180083,0,0,0,3.407597148
107315,-0.659575679,1.688511853,0,0,0,4.653515768
107316,-0.089076001,-0.882221582,1,1,1,4.941871761
107317,0.956398171,-0.491990998,1,0,1,7.867798159
107318,-1.441695553,-0.861435663,0,1,0,1.020063824
107319,1.055835046,0.004712989,1,1,0,3.453897276
107320,-0.157677573,-1.207167392,0,0,0,1.577571633
107321,-0.977974293,-0.360347425,0,1,1,5.610389547
107322,-0.287946957,-0.418107402,1,1,1,4.845074252
107323,-0.708053556,-2.341370801,1,0,0,-1.37827031
107324,1.848427863,-0.778843804,0,1,1,9.986492727
107325,0.850780477,0.143189897,0,0,1,7.164727465
107326,-0.448628001,-1.521378154,0,1,1,3.25319982
107327,-0.236118548,1.744865922,1,1,1,5.864352737
107328,1.196889076,-0.03192437,0,1,1,8.905555731
107329,2.16604655,0.759154258,0,0,1,13.65220431
107330,-0.026182038,0.325554191,1,1,0,3.178497922
107331,0.282683383,1.226274447,1,1,0,4.624126581
107332,0.210926728,-0.02112386,1,0,0,3.202915414
107333,-0.182813982,-0.874140317,0,1,0,1.728566884
107334,0.603695985,-0.635517056,0,1,0,2.691229769
107335,-1.488931422,-0.426366204,1,1,1,6.128661546
107336,0.984920369,-0.623260985,1,0,1,6.626426034
107337,-0.844754359,0.105266744,1,1,0,2.076997516
107338,-0.386440199,0.267285017,0,0,1,5.910021974
107339,0.840596024,0.80627552,1,1,0,4.582551921
107340,-0.383886045,0.119451389,0,0,0,2.959417987
107341,1.308484753,0.263085582,1,0,1,8.583219823
107342,-1.655172637,0.645285917,1,0,1,7.376377298
107343,-0.96543409,0.25856726,1,1,0,3.123945077
107344,-1.41678504,-0.091715444,0,1,1,5.891649442
107345,-0.066911297,-0.938206098,0,1,0,2.648293782
107346,1.30912386,-0.433927661,0,0,0,3.81100978
107347,1.832658674,-0.303801998,1,0,1,11.47886378
107348,-1.265167154,-1.226394531,0,0,0,0.628659527
107349,-0.319193176,0.203956875,0,1,1,6.469030247
107350,-2.175133593,1.031454894,1,1,0,1.51933154
107351,0.726208032,-0.278315688,0,1,0,2.611267486
107352,1.012322494,-1.284629823,0,1,0,3.773910161
107353,0.762473246,-1.344890075,1,1,1,5.968415114
107354,-0.751707678,0.206173806,0,1,1,5.634040057
107355,-0.384844812,0.229697444,0,0,1,6.943305021
107356,-0.168749713,0.475492488,0,0,1,6.355692417
107357,-0.757476803,-0.44428408,1,0,1,5.717000493
107358,0.67327133,-0.707967945,0,0,0,2.411486553
107359,-1.787141044,-0.628812937,0,0,0,1.278729173
107360,0.135033341,0.72920675,1,1,1,6.898345118
107361,-1.081164344,0.913336297,0,0,1,6.785026543
107362,1.126939544,-0.098604848,1,1,1,8.829933176
107363,0.154653315,-0.594757358,0,1,1,5.419726694
107364,0.292842302,-2.40050709,0,0,0,1.409192149
107365,0.393080962,0.366318803,0,0,0,3.596119654
107366,-1.014975872,-0.960194702,1,0,1,4.108143481
107367,-0.220222613,0.226498634,0,0,0,2.867511262
107368,0.455535631,0.833974513,0,1,0,4.634629481
107369,0.117701298,0.722756765,0,1,0,3.34560611
107370,0.392357906,-1.104304257,1,0,1,5.316811365
107371,-1.172353504,-0.932908237,0,0,1,3.948863679
107372,-0.315855606,1.213766598,0,1,1,6.585092529
107373,0.571261117,2.085989676,0,1,1,8.061861578
107374,-0.264599274,-1.530501454,0,0,1,3.753760318
107375,0.187655208,-0.877596174,0,1,1,5.471030192
107376,0.213439474,-0.045524883,1,1,0,2.659517189
107377,-0.868714613,0.030953861,1,1,0,2.067829527
107378,-1.471292811,-0.242242675,0,0,0,1.517429496
107379,-0.605166608,-1.077915005,0,0,0,1.418545336
107380,-0.446667279,-0.269335876,0,0,1,5.158842588
107381,0.524200664,0.742986995,0,1,0,3.915321394
107382,0.147814519,0.567379607,0,1,1,7.000582942
107383,-0.048022504,-0.666430194,0,1,1,4.296960731
107384,1.660647472,0.804158171,1,1,1,10.96578858
107385,-1.498779138,0.642437228,1,1,0,2.331564217
107386,0.614528659,-0.222301501,0,0,1,6.567014079
107387,-0.402788247,0.561115668,0,1,0,3.454630743
107388,1.186904217,0.443963828,1,1,1,9.289750837
107389,0.462569695,1.7226323,0,1,0,5.132056864
107390,0.747306313,1.810987787,0,1,0,5.223572035
107391,-2.262492282,0.472620462,1,0,0,1.446688482
107392,-1.06550261,-0.314188224,1,1,1,5.101067366
107393,0.629178641,0.518896792,0,1,0,3.762753361
107394,-0.200997125,0.222661844,0,0,1,5.731961018
107395,0.842729676,-0.630150331,0,0,0,3.079253158
107396,1.768565088,1.27168387,1,0,1,11.05430306
107397,-0.317644322,-0.326052277,0,1,0,2.109483362
107398,-0.856721161,1.335129373,1,1,1,6.319880229
107399,-0.300809199,1.153245134,0,1,0,4.572262914
107400,1.913308915,-0.577552033,1,1,0,4.418911637
107401,-0.106970308,-1.101963511,1,1,0,1.203146159
107402,0.47385358,-0.126155272,0,1,1,6.88410053
107403,-0.257278303,-0.286378896,1,1,0,2.964630342
107404,-0.872087256,1.807492925,0,1,1,6.646434823
107405,1.450973718,-0.263187957,0,1,1,8.429349175
107406,2.025690158,1.05839173,0,1,1,12.96882384
107407,0.783021687,-1.980092641,1,1,1,3.698232419
107408,0.485636732,0.686960158,0,1,0,3.84523635
107409,-1.090420652,1.556953548,0,1,0,3.963366044
107410,0.88861473,0.684472442,0,1,1,7.772690433
107411,0.878605664,0.20017811,0,1,1,7.771706743
107412,0.075345954,0.235524734,0,1,1,6.643848423
107413,1.490868928,-0.824491404,0,1,0,3.347032262
107414,-0.188329467,0.243710422,0,0,0,3.138767591
107415,0.34575715,0.683759451,0,1,1,6.550059435
107416,-0.681524095,0.058953734,0,1,1,4.922938133
107417,0.426408885,-0.38428536,0,1,1,5.814245218
107418,0.409267042,-1.460729307,0,0,0,1.86522561
107419,-1.022781502,0.568995635,0,0,0,2.566426863
107420,-0.981220949,0.121124996,0,1,0,2.499328028
107421,-0.994482575,-0.576921031,0,1,1,5.413409561
107422,-0.821814427,-0.180275284,0,0,0,3.148886705
107423,-0.655507575,1.502254338,0,1,1,7.247531838
107424,-0.527609182,-1.296505166,0,1,0,0.661374921
107425,1.548267511,-0.490063666,0,1,1,9.067794318
107426,1.698965078,1.348831012,0,0,1,10.86725741
107427,-0.131417435,0.279387172,0,1,1,5.918673611
107428,0.306107406,1.277152415,0,0,0,4.430505454
107429,-0.50493257,0.332158588,0,0,0,2.106752405
107430,0.329895334,0.397559233,1,0,1,6.615390824
107431,0.165317078,-0.210651069,0,0,0,3.015509631
107432,-0.420363372,0.231516673,0,0,0,3.646956021
107433,0.043877089,-0.824009404,1,1,1,5.913928057
107434,0.275163658,1.526359524,0,1,0,4.770027486
107435,-1.175779161,-2.224942631,0,1,0,-0.829214593
107436,-0.376229003,0.285241285,0,0,0,3.033211277
107437,1.921532856,-1.845138003,0,0,1,8.592857228
107438,0.307518456,1.264418791,0,0,0,5.490256302
107439,2.765210761,0.772628465,0,1,1,16.9370544
107440,0.266920562,1.42060339,0,1,0,4.933574001
107441,1.710228088,0.031644246,1,1,0,4.798633751
107442,-0.116882635,0.339591379,1,1,1,6.520426147
107443,1.501079161,0.986563221,0,0,0,5.233864403
107444,1.103998959,-0.248508204,0,1,0,3.887628082
107445,0.194659156,0.852923338,1,0,1,6.81728828
107446,0.542930471,0.036359848,0,1,1,7.174581724
107447,-1.426925285,0.294916934,1,1,0,2.485251909
107448,0.786198113,0.917654294,0,1,0,4.427223845
107449,1.201353828,-1.377229153,1,1,0,3.470841101
107450,0.205942455,1.449179568,0,0,0,4.310683423
107451,0.549836657,0.238325008,0,1,0,3.417887389
107452,-0.179224379,-0.141946947,0,0,1,6.151482259
107453,0.918556377,0.597201063,0,1,1,8.35531513
107454,0.062113518,1.121969377,0,1,0,4.534886436
107455,1.028942124,0.396104136,0,1,0,4.076213811
107456,0.208028608,-1.913266514,1,0,0,1.581974244
107457,0.409693362,0.12854805,0,0,0,3.82276346
107458,0.226812046,-0.046361378,0,1,0,2.894191798
107459,0.409039921,0.149914904,0,1,0,3.709469232
107460,0.24251331,0.352598274,0,1,1,6.424675107
107461,-0.438911788,-0.012321311,0,0,1,5.719520111
107462,0.051636413,-1.244802735,0,0,0,1.356710069
107463,0.574277114,-0.45441246,0,0,0,3.781779076
107464,0.77222191,1.100990933,1,1,1,7.575742042
107465,-0.445776922,-0.811917822,1,1,1,4.730395073
107466,1.907873258,0.226435315,0,0,0,4.938524237
107467,0.072164884,0.956368675,0,1,0,4.056002072
107468,-0.932362688,0.00527048,0,0,1,6.568730598
107469,-0.467220398,-0.086617955,0,1,1,5.300660364
107470,0.554705786,-0.331267405,0,0,0,3.87342459
107471,-0.250288429,0.11236973,1,1,0,2.625981369
107472,1.34302272,0.916920065,0,1,1,10.80340508
107473,0.882444237,0.713445553,0,1,1,8.519317631
107474,0.456756782,-1.774141336,0,1,0,1.316219125
107475,0.574869284,1.004632589,0,0,0,4.16969896
107476,0.579953296,-0.507075965,0,0,0,2.382536838
107477,0.98567844,-1.246997161,0,0,1,6.06506865
107478,0.379373757,1.054868332,0,0,0,3.996273886
107479,0.230389011,-0.084060724,1,1,0,2.374072378
107480,-0.749247563,0.409423342,0,1,1,5.841618571
107481,1.66703909,-0.740909187,0,0,1,10.0821348
107482,1.050342858,-1.347532678,1,0,0,2.878846442
107483,1.863654995,1.218202722,0,1,0,6.217287699
107484,0.033847236,-0.546477046,0,0,0,2.056911872
107485,0.728193316,-0.614874217,0,0,1,6.736550796
107486,-2.092639986,-0.207643388,0,1,1,8.068935523
107487,-1.271175297,-1.676851638,1,0,1,4.631234241
107488,-1.432977804,0.257763053,0,0,1,6.109710866
107489,0.566670815,-1.360465402,1,1,1,5.026695285
107490,-0.356887262,1.030984431,1,1,0,3.959271017
107491,0.684303128,-0.478552518,1,1,0,2.800693335
107492,-1.758943661,1.323502339,1,1,0,2.909457361
107493,-1.339059112,-0.367059656,0,1,0,1.533593113
107494,-2.155200541,-1.137252262,0,1,0,-0.060339783
107495,-0.186687479,0.288967209,0,0,1,5.744906174
107496,2.032514095,1.07777988,0,1,1,12.60454296
107497,0.425431666,-1.22607827,0,1,0,2.833221667
107498,-1.820795446,1.380950962,0,1,1,8.067141229
107499,2.602620667,-1.829346417,0,0,0,3.301788613
107500,0.974179096,-0.693326505,0,1,1,7.048899846
107501,0.907564176,1.685217185,0,0,0,6.322812675
107502,-1.1163093,0.153573727,0,0,0,2.820437737
107503,0.05575302,-0.508546625,0,1,0,1.879054231
107504,-0.408820944,-0.066391707,1,0,0,1.484367203
107505,0.814451041,0.070296047,0,0,0,3.272646997
107506,-0.000993937,1.090759654,0,1,1,7.130743873
107507,2.589965564,-1.001725675,0,0,1,13.42743116
107508,-0.18027083,-0.504602723,0,1,0,2.52901172
107509,-0.44226943,0.754877754,0,1,1,6.764969617
107510,-2.763171093,-0.011853486,0,1,1,10.15228727
107511,-0.272200614,-0.883145223,0,1,1,5.034946338
107512,0.550554365,-1.157087778,1,0,0,2.641056791
107513,-0.539423678,-1.155529658,0,1,0,2.179564467
107514,-0.894533082,0.506735367,1,0,0,3.564299333
107515,0.681895664,1.864998195,0,1,0,4.847146523
107516,0.440644604,-2.079899663,0,1,1,2.565326867
107517,-1.898629271,-1.110488131,0,0,0,-0.876416982
107518,0.246643995,1.229830094,1,1,0,4.680883091
107519,1.344527931,-0.109827705,1,1,0,4.210751545
107520,-0.027134805,1.589822115,1,1,0,3.960648116
107521,-0.505608974,0.964053206,1,1,1,6.434248304
107522,1.046736282,-0.447576701,0,0,1,7.420788313
107523,-0.417512123,1.399090109,1,1,1,6.184355561
107524,-0.314242938,-0.364250148,0,1,0,2.369398376
107525,-0.512853452,-0.005177266,0,0,0,3.190193826
107526,-0.48427506,1.569709208,0,0,1,6.878739959
107527,0.236675144,0.513066486,0,1,0,3.822894225
107528,-1.706994977,0.308633761,0,0,0,1.396050592
107529,-1.753875131,0.839732122,1,1,1,7.676509995
107530,-0.186991809,-1.028050732,0,1,1,3.718874611
107531,1.218696891,0.215243168,1,1,1,7.996520651
107532,-0.27303946,0.561617354,0,0,0,3.684575134
107533,-0.659972344,-1.754860644,0,1,0,0.471144598
107534,-1.098427267,-0.071413581,0,1,0,1.966784441
107535,0.288518785,-1.127978601,1,0,1,5.18482344
107536,-0.494782465,-0.409823689,0,0,1,5.459827015
107537,-0.504482366,-1.010757587,1,0,1,4.559650007
107538,-0.211761252,1.9620909,0,1,0,5.171835802
107539,-0.124387438,0.062285798,0,0,1,6.494456321
107540,-0.669944177,-0.86366092,0,0,1,4.686960444
107541,-0.233944101,0.420142876,1,0,1,6.665134155
107542,1.064634491,-0.027308981,0,0,0,3.806467267
107543,1.213329319,-0.749957314,1,1,0,3.539770875
107544,0.800237346,-0.756887751,0,0,1,6.245915096
107545,0.314285355,-0.13659497,1,0,0,2.628692541
107546,0.487439048,0.120951322,0,0,1,6.689781535
107547,-1.206429879,-0.966148343,0,1,0,1.31435451
107548,0.882345259,-0.150732586,1,1,1,7.331317983
107549,-0.069896162,0.438484327,0,1,0,4.004829231
107550,0.358459794,-0.139602822,1,1,1,6.56171651
107551,-0.385978409,0.4354106,1,1,1,6.142534136
107552,-0.431055063,-1.066601533,0,1,1,4.379936409
107553,-2.605805291,-0.54871648,0,0,1,9.221061836
107554,-0.002468335,-1.726269216,0,1,1,2.865199558
107555,2.413696228,1.831175743,0,0,1,14.52829863
107556,0.069225286,0.178408353,0,0,1,6.749394855
107557,-1.561813318,1.827088649,1,1,1,6.546662965
107558,-0.546955729,1.411353338,0,1,1,4.77749846
107559,1.226813946,-1.051806146,0,1,1,6.913320212
107560,0.063797612,-0.280690862,0,0,1,6.181403618
107561,-1.170120996,-0.228514278,0,0,0,1.726088183
107562,0.007244385,0.183133388,0,0,1,5.917565956
107563,0.586776242,-0.944909853,0,0,0,2.255027331
107564,-0.095481901,-0.380024791,0,0,1,4.849203457
107565,-0.438271346,-1.361213038,0,0,0,1.06185479
107566,-1.184106031,-0.981957479,1,1,0,0.787668822
107567,0.09446387,-0.091605386,1,1,0,3.043442895
107568,-0.128326719,-0.215236702,0,1,0,2.840167571
107569,-0.290715083,-1.954114308,0,0,1,2.880187497
107570,0.315936883,1.119286182,1,1,1,7.483942185
107571,-0.620033814,-0.88845911,1,1,0,1.056953949
107572,0.485544555,1.333502215,0,0,0,5.651909597
107573,0.142526362,1.490829804,0,0,1,7.14862471
107574,1.578402908,0.703425368,0,0,1,10.09582571
107575,-0.414916803,-1.362188804,0,1,0,1.548435738
107576,-1.083436141,-0.592583497,1,0,1,4.915638841
107577,0.48120732,0.495194546,0,0,0,4.222042322
107578,-1.02741432,0.675506962,1,0,0,3.015486476
107579,-0.816460842,-0.935657962,0,0,1,4.464345859
107580,-1.478017291,-1.268611421,0,1,1,4.403822994
107581,0.699128284,-0.750007657,0,1,1,5.136049298
107582,-1.967697566,-0.976484669,0,0,0,0.478720756
107583,0.331107918,-1.688245232,0,0,0,0.739709238
107584,-1.000614469,-0.538038153,0,1,0,1.872989697
107585,0.382393535,-0.699294738,0,1,1,6.664222287
107586,-0.831605257,0.008321157,0,0,1,6.201654371
107587,2.261726165,0.579208885,1,0,1,13.05138288
107588,-0.732621784,-0.065231363,0,0,0,1.991592721
107589,0.427566718,-0.754933432,1,0,1,5.050123387
107590,-0.15922543,0.732350053,1,0,1,5.46775765
107591,-1.729926979,0.080144598,0,1,1,6.80426044
107592,-1.761157813,-0.026895981,1,1,0,1.084985179
107593,-1.332435428,-0.661932319,0,1,0,0.569282217
107594,0.553280649,0.304377517,0,0,0,3.119021691
107595,-0.951114819,-1.767722296,0,0,0,0.325602383
107596,0.080206531,-0.92716369,0,0,1,5.272411802
107597,0.279475204,-0.406576582,0,0,1,5.168559999
107598,1.77357343,-0.347999717,1,1,0,3.95423579
107599,-0.443629309,1.048174103,1,0,0,3.342075491
107600,0.14290895,-0.254307091,1,1,1,5.572441756
107601,-1.516766696,-0.165865579,0,1,1,6.492620535
107602,-0.354047727,-0.365064029,0,1,0,2.798391196
107603,-0.235987999,0.703648633,0,1,0,3.937843457
107604,0.353862544,-1.568502797,0,1,0,1.936633611
107605,-0.82964426,0.251041586,0,1,0,2.927583525
107606,-0.168618148,0.092044063,1,0,0,3.329952897
107607,-1.0347334,1.247943536,0,0,0,2.462427682
107608,0.349321833,1.574545255,1,0,0,5.693809967
107609,1.602861394,-0.387200452,0,1,1,9.946587681
107610,-1.156856532,0.416176913,0,0,0,2.43966995
107611,0.987109925,1.201825662,0,1,1,8.056155202
107612,0.756603035,0.993661969,0,0,0,5.286461286
107613,-0.525583472,0.762203895,0,1,1,6.811447563
107614,-0.243626579,-0.009230701,0,0,0,2.719241564
107615,1.18601767,0.603796475,0,1,1,8.356340618
107616,-1.063127053,1.296588505,0,1,0,3.384348493
107617,0.270680087,-0.171816506,0,0,0,2.612495667
107618,-1.505639814,-0.445307398,0,0,1,6.108160419
107619,0.617148251,0.032610053,1,0,1,7.347532317
107620,-0.541294945,0.197649629,1,1,0,3.141392794
107621,-0.117328663,1.912583725,0,1,0,4.281545873
107622,-0.522012472,-0.055922641,1,0,1,5.266632053
107623,-0.079866476,0.24769633,0,0,0,4.018594802
107624,-0.208989292,0.246266385,0,1,0,2.906717157
107625,0.365262317,1.118839343,1,0,1,7.38403428
107626,-2.705961002,-1.825358122,0,0,0,-2.487808461
107627,-1.286875791,0.620441636,0,0,1,7.323980543
107628,0.091400874,0.47977422,0,0,1,7.01299858
107629,0.501749635,-0.633771009,0,0,1,6.592815444
107630,0.975931115,0.45852422,0,1,1,8.237839551
107631,0.833863473,-0.796844709,1,1,0,2.985938971
107632,-1.256662465,-0.935774028,0,1,1,5.224657646
107633,0.091452816,-1.673777445,1,1,1,3.604220828
107634,0.28295849,1.674588275,0,1,1,6.47173237
107635,0.209425751,0.249352054,0,0,1,6.240680287
107636,-0.210268656,-0.16441339,0,0,1,6.222532365
107637,0.04611526,-0.867041973,0,1,1,3.364955045
107638,-0.815108537,-0.535362192,0,1,1,4.450734069
107639,0.097721402,-1.463799648,0,1,1,4.070128358
107640,-1.327358991,-1.540358609,0,1,0,0.008407636
107641,-1.139014695,0.079886868,0,1,0,1.242525994
107642,-0.988893909,0.247687998,0,1,0,2.872923864
107643,3.363617294,0.880420711,0,1,0,7.060401796
107644,1.437728889,-1.149923865,1,1,0,3.892309429
107645,2.121467846,1.723173615,0,0,1,13.24757515
107646,-1.243041683,-1.233851398,0,1,1,3.990770798
107647,0.648155891,-0.606031679,0,1,1,5.79522866
107648,0.593475471,0.006446035,1,1,0,3.576507395
107649,0.959822175,1.436353016,0,0,0,5.423918412
107650,0.069608942,0.667469848,0,0,0,3.196683851
107651,-0.573843452,0.031899092,0,0,0,2.517103573
107652,0.587745781,-1.454239732,0,0,1,4.623037392
107653,-0.55848404,0.991832118,0,1,0,3.960443447
107654,-0.111840952,-2.895807046,1,0,1,0.747673998
107655,0.321982396,-0.014594562,0,0,0,2.857130367
107656,-0.269022059,0.684812548,1,1,1,5.351881568
107657,2.424393358,0.281559019,1,0,1,14.90656003
107658,-0.709246624,-0.361654529,0,1,0,2.127151502
107659,0.471935287,-1.348550636,0,1,0,3.365171929
107660,1.053795333,-0.923853064,0,1,0,3.951775682
107661,-1.191481325,-0.736829205,0,0,1,4.757365984
107662,0.198619466,-0.32228822,1,1,0,3.583942328
107663,-0.515926789,0.571267132,0,1,0,3.770600785
107664,0.589566519,-0.520682923,1,0,0,3.609801752
107665,-0.637308937,0.461614093,1,1,1,6.910061252
107666,0.634952417,1.02309031,0,1,1,8.344436787
107667,1.448096908,-0.522772788,0,1,1,8.051454558
107668,0.189069957,-0.508586084,0,0,1,5.767362296
107669,-0.015920249,-0.303989704,0,0,1,5.869743484
107670,1.837107451,0.67966671,0,1,0,5.697306166
107671,1.106738362,1.485430059,0,1,1,10.05600564
107672,-0.891495113,0.512907697,1,0,0,2.698731153
107673,0.286078733,-0.042088734,0,1,1,5.879100418
107674,0.422978805,0.356584624,1,0,1,6.829869212
107675,-2.788290318,1.803308949,0,1,1,11.71039935
107676,0.581842007,-1.482667076,1,0,1,4.004234355
107677,0.94757798,0.520050936,1,1,0,4.984236721
107678,0.308477212,1.30689362,0,1,0,5.068073385
107679,-0.077774699,-0.460441363,0,1,1,5.827505832
107680,-0.646830035,-0.728704178,1,1,0,1.760935112
107681,0.421475617,1.117008813,0,1,0,4.513173095
107682,1.223130112,-0.576968988,0,1,0,3.60891632
107683,0.038391601,0.461190653,0,1,0,3.821748089
107684,-0.612678754,-1.414945295,0,0,0,1.577717715
107685,0.977442507,0.505814948,0,1,0,3.825162746
107686,0.188457959,-0.16448071,1,1,1,5.69921432
107687,1.4312693,0.502876145,0,1,1,10.51230318
107688,0.749200579,-0.61922129,1,1,1,7.251465117
107689,-0.001387045,1.243557887,0,1,0,3.236829839
107690,0.458414834,-0.053367887,1,1,1,6.240047077
107691,-1.228913405,1.730442506,0,1,1,6.978255091
107692,-1.269595126,0.715124082,1,0,0,1.509368318
107693,0.41031758,1.742757921,0,1,0,4.716644791
107694,0.252160413,0.464665034,1,1,1,6.169839903
107695,1.133430434,-0.11297304,0,1,1,8.541104071
107696,-2.16553218,1.290730006,1,0,1,9.065359483
107697,0.686312833,0.925369759,1,0,0,4.325507768
107698,-0.420545144,0.273747196,1,1,0,2.82929673
107699,-2.224418783,1.758286579,0,0,0,2.958211904
107700,0.881909737,0.646574796,0,0,1,7.987515006
107701,0.616204882,0.632842461,0,1,0,3.556693747
107702,1.333315903,1.116000784,0,0,0,4.165860847
107703,0.087922098,-0.780391838,1,0,0,2.267175582
107704,0.429315663,-0.477390407,0,0,1,5.781687926
107705,0.79379266,-0.122208753,0,0,1,7.443788925
107706,-0.131764221,-1.636388366,0,1,1,3.216434409
107707,0.440264165,1.013773474,0,1,1,7.033702189
107708,0.666095339,0.250438984,1,0,1,7.399920207
107709,0.459023905,0.502466958,0,1,0,4.528437042
107710,0.182822789,0.251349922,0,0,1,5.951327896
107711,0.821603404,-1.202316244,0,1,0,3.477307506
107712,1.18262224,1.712952159,0,1,1,9.024299217
107713,1.388734212,-3.134540377,1,1,1,4.506000875
107714,-0.308256118,-2.204618791,0,0,1,2.783354312
107715,1.264767283,1.657308075,1,1,1,9.564785578
107716,-1.450842622,0.303955112,0,0,1,6.72726041
107717,1.179609455,-1.152899131,0,1,1,7.135128632
107718,-2.097517849,-0.452355455,1,1,1,7.208699592
107719,-1.278149213,-0.590249639,0,0,1,5.509016267
107720,-1.473921365,-0.519030193,0,1,0,1.06342716
107721,-1.668751802,1.914366368,1,0,1,8.134331831
107722,-1.017334149,-0.17060162,0,1,0,2.503979794
107723,0.241958229,-1.082800067,0,0,1,4.435287965
107724,0.435847604,-0.607806251,1,0,0,3.998546189
107725,1.155464996,-0.775373187,0,0,1,7.72768964
107726,-0.904700145,2.701913596,0,0,0,5.105622643
107727,1.03342438,0.317809853,0,1,0,5.157514586
107728,-0.734750617,-1.39014908,0,1,1,4.476161333
107729,1.017493928,-0.601779855,1,1,0,3.165680194
107730,-1.813618479,1.107017413,1,0,0,1.682694815
107731,-0.199004938,-1.095156597,0,1,1,3.563715657
107732,-0.539143894,-1.081642116,1,0,1,5.195183328
107733,-0.297625466,0.47469267,0,0,1,5.312744527
107734,-1.740847602,0.53700432,1,1,1,8.126497969
107735,1.090919189,-0.456783724,0,1,1,6.978259693
107736,0.590912765,0.344779296,0,0,0,4.361844097
107737,1.077677153,-1.190672262,0,0,1,6.38247662
107738,0.406376362,1.543699048,1,0,1,7.437640669
107739,-1.003104294,-2.123581899,1,1,0,0.509447987
107740,-0.803805667,2.111172816,0,1,0,3.872878054
107741,-0.045689379,-0.317570397,0,0,1,5.10616274
107742,-1.385495582,0.06565663,0,0,0,1.882385446
107743,0.295500752,0.239122229,0,1,1,6.210762823
107744,0.638807704,-0.582394926,1,0,0,3.335741298
107745,0.382466503,0.270437861,1,1,0,2.970516691
107746,1.209671799,0.467425332,1,1,1,8.868965832
107747,0.990934016,1.257068658,1,0,1,8.650591
107748,1.232260947,-1.463251774,0,0,1,6.305089847
107749,1.554460224,-0.186295972,0,1,1,10.3194949
107750,-0.504607318,0.610189379,1,0,1,6.706553037
107751,-0.834178863,0.123077483,0,1,1,5.94915147
107752,-0.189448292,0.476649673,0,1,0,4.016254246
107753,0.725999659,-0.232814535,0,0,0,3.31917982
107754,0.850309622,-1.258200577,1,0,0,1.907957821
107755,0.670903662,-0.418526763,1,1,1,6.170404157
107756,0.496281794,0.272697036,0,1,0,3.203945905
107757,-0.315761032,-0.437927928,1,0,1,4.433034286
107758,3.010777712,0.434936249,0,1,1,18.84224703
107759,-1.977364491,-0.869352098,0,0,0,0.219403059
107760,1.792630278,-0.011902412,1,1,0,4.582138317
107761,-0.616007366,-2.280808014,0,1,1,1.915410295
107762,0.184665971,0.395893399,1,0,1,5.987877192
107763,-0.27608056,-0.448209568,0,1,1,5.83761376
107764,-0.839185099,0.371431369,0,1,0,1.242742522
107765,-1.067092388,0.532216841,0,1,1,6.98886498
107766,-1.28767698,-0.076529876,0,0,1,6.833512619
107767,-0.812074249,2.597864311,0,1,1,6.535070974
107768,0.560524411,-0.273245695,0,1,1,7.061717964
107769,-0.96119376,-1.269197121,1,1,1,3.127172271
107770,0.014487685,0.934434106,0,1,0,3.659110639
107771,0.604847096,-0.076699002,0,1,1,6.718817896
107772,-0.224975858,1.127339553,0,1,1,6.618878282
107773,-0.846781816,2.39485035,0,1,0,5.107644902
107774,-1.069909712,-1.433256935,1,1,1,3.728661424
107775,2.38314857,0.20369407,0,0,1,14.62862966
107776,-0.045867498,0.97161669,1,1,1,6.256418104
107777,-1.141730136,1.214922866,1,1,0,3.272769568
107778,-0.86554651,-0.160367095,0,1,1,6.408993931
107779,-0.233364562,-1.441952255,1,1,1,3.945219056
107780,0.745694724,1.335963864,1,0,1,8.378926015
107781,-0.458520672,-0.937167636,0,0,1,3.708243194
107782,0.256904456,-1.33520768,0,1,1,5.130328644
107783,-1.855277282,-0.113375439,0,0,0,0.88238305
107784,1.042272276,1.666286645,0,1,1,8.309255574
107785,0.333910617,0.130809348,0,1,1,6.800970694
107786,0.420823457,-0.260414295,0,0,0,3.516219976
107787,-1.324930935,-0.799698214,0,0,0,0.864434171
107788,-0.687887787,0.127498422,0,0,1,5.273718196
107789,1.147429912,2.691303845,1,1,1,8.959929276
107790,-1.903463046,-1.133145842,1,0,0,-0.040881644
107791,1.014879465,2.21974853,0,0,0,5.733727502
107792,1.213720559,-0.564369454,1,1,1,7.898894814
107793,0.915714152,0.049279342,0,1,0,3.357538385
107794,-1.54973116,-0.931716712,1,1,1,6.086944602
107795,0.723118732,0.234884942,1,1,0,3.960753322
107796,-0.541739279,-0.325495003,0,1,0,1.625391758
107797,-0.784986415,-0.47236016,0,1,0,1.715856563
107798,-1.15640778,-0.293656772,1,1,0,1.838517894
107799,0.05774153,-0.357349899,0,0,0,2.972583625
107800,-0.584796302,-0.739295644,0,1,1,4.656059771
107801,0.72308701,-1.119715334,0,1,0,2.618499866
107802,-1.683018969,-0.924003347,0,1,0,0.78920317
107803,-1.259761606,0.718514097,0,1,1,6.6808505
107804,0.352084594,-1.735652106,0,0,1,3.407381832
107805,0.912926234,-0.91040447,1,1,1,6.955595005
107806,-1.257214552,-1.308351127,0,0,1,3.628313186
107807,-1.625165516,0.067677277,0,1,1,8.060689283
107808,2.378614081,-0.897736996,1,1,1,13.25626222
107809,0.064866064,-0.038267051,0,0,1,5.615000985
107810,-0.068197294,1.122632045,0,1,0,3.407227286
107811,1.002360758,-1.250433798,1,1,0,2.854676192
107812,0.311927459,-1.253810538,0,0,0,2.009321162
107813,0.334274901,-2.136680262,0,1,0,1.821291002
107814,0.142203085,-0.450300073,1,1,0,2.521035385
107815,1.340813933,-0.600221814,1,1,0,2.810530864
107816,-0.130040604,1.791230522,0,1,0,4.976795628
107817,0.678606617,0.33436853,0,0,1,7.561032598
107818,-0.360331281,-0.14265776,0,0,0,2.14188104
107819,-1.539527404,-1.093379777,1,0,1,5.684254042
107820,-0.349777979,0.774474187,0,1,0,3.70948644
107821,0.950395603,-1.364728981,0,0,1,6.049402087
107822,-1.243375411,-0.131001484,0,1,0,0.764028623
107823,0.130834331,-0.022921311,1,1,0,2.981550053
107824,-0.217298008,-0.601270618,0,0,0,1.984710957
107825,0.213948726,-1.456738691,1,0,0,1.312310333
107826,2.137300428,0.945478292,0,1,0,5.462237383
107827,-0.86497085,-2.147263317,1,0,0,-0.282075272
107828,-0.608982064,0.467805698,0,1,0,3.736850572
107829,1.156839202,0.31981346,1,0,1,8.991185439
107830,0.482939738,-0.123232012,0,0,0,2.922625528
107831,0.141336665,0.551671977,0,0,1,6.405043214
107832,0.044217364,-0.615628511,1,0,1,5.35536832
107833,0.112653489,-0.179225049,1,1,1,6.616546075
107834,-0.556639189,-1.087179031,0,1,0,0.550525997
107835,0.222436156,0.195846058,1,1,1,6.236697085
107836,-0.162957631,0.31095103,1,1,0,2.6701505
107837,-1.32706666,-0.029552958,0,1,1,6.391334839
107838,0.000464772,0.734915452,0,0,1,7.122152392
107839,0.812096079,-0.620197712,0,0,1,7.170065847
107840,-0.988588196,0.252150853,0,1,1,5.487815777
107841,-1.219605732,0.052520696,1,1,0,2.764827057
107842,0.412165546,0.483325952,0,1,1,5.819283932
107843,0.926475412,0.183836848,0,0,0,3.392434793
107844,0.335266913,0.457570473,1,1,0,4.685588809
107845,-2.120475147,0.937709814,1,1,1,9.287859575
107846,-0.537878265,-0.411773533,1,0,0,2.551459971
107847,0.363759057,0.882526679,1,1,0,4.446275682
107848,-0.057875459,0.032239799,0,1,1,6.482071285
107849,-0.837154778,-0.711745798,0,1,1,6.317114226
107850,-1.642057773,0.52678236,1,0,1,7.457077764
107851,-0.810130663,1.310619344,0,0,0,2.790269487
107852,1.819501039,-1.172131864,0,1,0,2.779597974
107853,0.17500802,1.080273943,0,1,0,4.082117854
107854,2.639321028,2.169149432,0,0,1,16.55952681
107855,-0.124578334,-0.982255902,1,0,1,4.896372773
107856,-2.403854073,-1.024846263,1,1,0,-1.25042756
107857,0.724362728,-0.252899415,0,1,1,6.55785115
107858,1.431531807,0.577603841,0,0,0,4.525313969
107859,0.698711593,-0.748211069,0,1,0,2.41531065
107860,-0.414445566,0.485949524,0,1,1,6.687914392
107861,-0.617149187,-0.160567416,1,0,0,1.803231438
107862,1.481464159,-1.186871175,1,0,1,6.798700839
107863,-1.197663599,0.200664897,0,1,1,6.312437225
107864,1.772719163,0.185574506,0,0,0,4.82257458
107865,0.307277796,0.376876687,0,0,0,3.41915147
107866,-0.154941453,-1.051862896,0,1,0,2.390591744
107867,-0.960800653,-0.973303393,0,0,0,0.976061742
107868,0.164270784,-0.80710651,0,0,1,4.911511077
107869,1.874477202,-0.25207414,0,1,0,3.762171754
107870,0.871774797,-0.081436465,1,0,0,3.933001752
107871,-1.866040106,0.010333483,0,1,0,0.276091684
107872,-0.156289471,-0.84142532,0,1,1,4.136500273
107873,0.37390863,-0.115705612,1,0,1,7.19610163
107874,0.987602553,-0.77050196,0,0,0,2.759309186
107875,-0.878123328,-0.833888791,0,1,0,0.414295938
107876,-0.679939206,-0.08550697,1,1,0,2.611385983
107877,0.80922769,0.701085459,0,1,0,5.199830749
107878,2.915255421,0.808149214,1,1,0,7.182312081
107879,1.491294814,0.709955206,0,1,1,9.754228423
107880,-0.774642415,0.178693615,0,1,0,2.165602471
107881,-0.302412185,-0.626388915,0,1,1,4.693430153
107882,0.366925765,0.519753981,1,1,1,7.039432777
107883,0.53284452,0.815281275,1,0,1,7.119646775
107884,0.234418792,0.544394358,0,1,1,6.222460592
107885,0.572598907,0.072899144,0,0,0,4.697197725
107886,0.117143461,-0.097419858,0,1,0,2.982065431
107887,0.727639523,1.081066888,0,1,0,4.443177183
107888,-0.908403571,0.476206404,0,0,1,6.534845562
107889,-2.123312106,0.569068487,0,1,1,9.397232195
107890,1.138203195,0.242527291,0,0,0,4.423027018
107891,1.418166791,0.263937295,0,1,0,4.124011104
107892,-1.866090529,-0.999123999,0,0,0,0.131562798
107893,-0.170612245,1.731446692,0,0,1,6.257034654
107894,-0.900310298,-1.004097781,0,1,1,4.239636784
107895,2.317247,0.08476594,0,1,1,14.0336366
107896,0.220653093,0.906778963,0,0,0,3.514539239
107897,-0.213898491,0.550255731,0,0,0,3.219785554
107898,-0.72581444,0.859388474,1,1,1,6.514735028
107899,0.418769898,-0.419168463,1,1,0,3.960285545
107900,0.641026131,0.959065207,0,0,1,7.315435424
107901,1.601191129,2.247144072,1,0,0,6.665391092
107902,-0.450022216,-0.33352357,0,0,1,4.823949331
107903,-0.831725308,-0.829904791,0,0,1,4.599171015
107904,-0.036233796,0.596221234,0,0,0,3.512482559
107905,-0.418266336,2.209897593,0,1,1,6.456597906
107906,1.101851571,-1.014941296,0,0,0,3.382381548
107907,-0.485275844,-0.842739011,0,0,0,2.095528137
107908,0.218022023,0.49141176,1,0,1,6.450586925
107909,2.618425516,0.076719362,0,1,1,15.49943873
107910,-0.809562609,-0.069543528,1,0,1,5.412283878
107911,0.059416027,0.742981377,0,1,1,6.732679918
107912,1.635122019,0.716493967,0,1,1,10.36338841
107913,-0.118722864,0.445010818,0,0,0,3.759262145
107914,1.156510273,0.358408865,0,1,0,4.564505743
107915,0.162369307,0.258955688,0,1,0,3.441108392
107916,0.426421224,-1.263507512,1,0,0,1.79140711
107917,-0.069683529,-0.508790163,0,1,0,1.882376923
107918,-0.083725774,-1.665017468,0,1,1,3.451954474
107919,1.174462031,-0.283941992,1,0,1,8.79757566
107920,-0.311127317,0.819964314,0,1,0,4.321466434
107921,0.906263757,0.830728837,1,0,0,5.274587431
107922,2.31695829,1.586666054,0,1,0,7.185681705
107923,0.474580402,-0.22947303,1,1,1,6.698080341
107924,0.634668617,1.159218826,0,1,1,7.802537139
107925,1.369437721,1.479251382,1,1,1,10.32202981
107926,-0.256399836,-0.525145789,0,0,1,5.12194146
107927,1.936560404,-0.364416977,1,1,0,4.283408988
107928,0.905787339,1.699408362,0,1,1,8.611103249
107929,0.205627768,0.27217382,0,0,1,6.232044303
107930,-0.019630583,0.329065494,0,1,0,3.247729492
107931,-0.585721547,1.113809612,0,0,0,3.482332603
107932,-1.618065785,1.251479374,0,1,1,8.352332765
107933,0.11601966,1.899751362,0,0,0,5.337689854
107934,-2.326062151,1.19247669,1,0,0,1.972186567
107935,-0.716450981,0.145509995,0,0,0,2.608167822
107936,0.615804489,-0.252947142,0,0,0,2.971259717
107937,0.635162371,0.516467273,0,1,1,7.564718243
107938,-0.101826161,0.689174864,0,1,1,6.461949788
107939,-0.806847765,-0.180648376,0,1,1,5.044108883
107940,-0.328243775,-1.131725173,0,1,0,2.584439826
107941,-0.15239844,1.391328297,0,1,0,4.412860203
107942,-0.850536391,-1.851711692,0,1,0,0.574971315
107943,-1.400369657,-1.415966451,0,1,1,4.132900458
107944,0.546834745,-0.529313788,0,0,0,2.29017443
107945,1.560054348,1.863548503,0,1,0,6.725064147
107946,-0.366488802,-0.051139565,0,1,0,2.777794065
107947,1.062424807,0.23841115,0,0,0,4.715379225
107948,0.340200014,0.810980365,0,1,0,3.611388753
107949,-1.845468609,-1.510161375,0,0,0,-0.388460826
107950,-1.185851549,0.368207706,0,1,1,6.257837096
107951,0.122618367,-0.250724847,1,1,0,2.465407704
107952,1.019877001,-0.910062082,0,1,0,2.700897458
107953,-0.651427641,-0.339752633,0,1,1,5.587089222
107954,0.665301858,2.114152351,0,1,1,7.251475119
107955,-0.444777622,0.900918935,0,1,0,3.122646596
107956,-0.213329758,0.879415996,0,1,0,5.138588604
107957,0.707555388,1.826716953,0,0,0,5.357089655
107958,-1.341057985,-0.026292799,1,0,1,6.934875973
107959,-0.536317204,0.791642868,1,1,0,4.353841801
107960,-0.762974672,0.881735526,1,1,1,5.675435055
107961,-0.237865002,2.027954193,0,1,0,4.614138358
107962,1.633597637,0.096258574,0,1,1,10.49849646
107963,0.011120343,0.257708497,0,0,0,3.866344677
107964,0.529073424,0.761263486,0,1,0,4.197958055
107965,-0.543951641,2.092431508,1,0,0,3.75857157
107966,-0.390751845,-0.325622887,1,0,0,1.886357147
107967,-0.779578181,0.787043417,0,0,1,6.400574142
107968,-0.807106252,-0.293104926,0,1,0,1.871939386
107969,0.521785924,-1.246837795,0,1,0,2.501788605
107970,0.689119449,-0.630675205,1,0,1,6.319912069
107971,2.437489241,0.011890225,1,1,1,14.05465665
107972,-0.702591366,-0.956913419,0,0,1,4.714264255
107973,-0.375347029,-0.598159414,0,0,0,1.618019974
107974,-0.921060642,-0.084774807,0,1,0,1.618102023
107975,0.247307527,-1.35938137,0,1,1,4.36902024
107976,0.037492964,-0.561223876,0,1,1,4.526709241
107977,0.47713544,-0.269914015,1,1,0,3.061441908
107978,-1.601132928,-0.200839458,0,0,0,0.755222905
107979,1.37370773,1.670330068,1,0,0,5.189456723
107980,-0.222848236,-0.138439925,0,1,1,5.40323033
107981,0.979558235,-1.912924369,0,1,0,1.919058388
107982,-0.369722992,-0.439753045,0,1,1,5.157602108
107983,0.502858689,-1.289258308,0,1,1,4.218651533
107984,-0.815664917,-0.519479193,1,1,0,1.754775341
107985,-0.6024206,-1.235963453,0,0,1,3.75615662
107986,0.465164331,1.226355096,0,1,1,6.670603183
107987,1.287502869,0.430115351,0,0,1,9.936700129
107988,1.920801545,1.624638244,0,1,1,12.28269971
107989,-2.22366763,-0.640408749,1,1,1,7.479769959
107990,-0.482806465,0.990078751,0,1,0,2.920276226
107991,-0.23716881,0.325369431,0,0,0,2.311154769
107992,0.255764126,-1.417786182,1,0,0,2.013529818
107993,-1.678643883,0.836522091,1,0,0,1.766191521
107994,-1.006593904,0.143416291,0,1,1,6.190674961
107995,-0.271141763,-1.06233286,0,1,1,4.750525859
107996,0.170558357,1.309671509,1,1,0,3.931096848
107997,-0.833515836,-2.43465808,1,1,0,0.327026153
107998,1.021230689,0.217438033,0,0,1,8.189576181
107999,1.03319938,0.78400653,1,0,1,8.942627878
108000,-0.363090524,-0.272466396,0,1,1,5.801596643
108001,0.291712304,0.260095255,1,0,1,6.200697425
108002,0.00203645,0.767875458,0,1,1,6.763102212
108003,-2.013637148,-1.622215094,0,1,0,-0.631684854
108004,-0.963190604,0.824193895,0,1,0,2.852987518
108005,-0.466198249,0.727987795,0,0,1,6.157734054
108006,-0.970081423,0.480160693,0,1,0,2.463703375
108007,1.672868968,-0.681141537,1,0,0,4.30384206
108008,0.986389634,1.702795901,0,1,1,8.393959659
108009,-0.348081562,-1.830579481,1,0,1,2.34713949
108010,0.227936144,1.226830549,1,1,0,5.238826752
108011,-1.319146448,-0.428486119,0,1,1,5.225729314
108012,-0.553084939,1.938620951,0,0,1,6.329482158
108013,-0.567111628,-1.065559637,0,1,1,4.676375053
108014,0.012417471,-0.510514589,0,0,0,2.338608869
108015,0.418728179,-0.147322681,0,0,0,1.859296604
108016,-2.506712688,2.595257251,1,1,1,10.69035284
108017,1.228711529,0.215831388,0,0,1,8.873742164
108018,0.928928078,-0.878501527,0,1,1,6.570764744
108019,0.467351208,-0.337109154,0,0,1,6.303958799
108020,-0.105172373,1.513998755,0,1,0,5.086184255
108021,-0.440898085,1.374422144,0,1,0,4.073510851
108022,1.652277072,-1.635365722,0,1,0,3.385438356
108023,-1.133903858,1.363654682,0,1,1,6.808526831
108024,-2.221895985,-1.107380245,1,1,0,-0.534858168
108025,1.237879452,0.02692053,0,0,0,4.442594303
108026,0.85999735,-2.010816082,0,1,0,2.134801545
108027,-1.60146538,-0.930337293,1,0,1,5.574145419
108028,0.587080788,0.839593679,1,0,1,7.44395438
108029,-0.232655446,0.423183459,1,0,0,2.733775558
108030,-0.02504149,1.615871399,1,1,0,4.564858748
108031,-0.856612822,-1.162524131,0,1,1,4.868306003
108032,1.560005977,-0.258820496,0,0,0,3.819167528
108033,-0.616549596,1.586643045,0,1,1,6.1513326
108034,0.543571496,0.88406659,0,0,1,7.026029916
108035,-1.19085149,0.519874841,1,0,1,5.739251415
108036,0.106482087,-0.560219754,0,1,0,2.961677959
108037,0.590731411,0.498235081,0,1,1,6.751265427
108038,0.135919271,1.447803516,0,0,1,6.335688596
108039,0.322014786,1.923416557,0,0,0,4.702092609
108040,-0.0535038,-1.364471298,1,0,0,2.167384554
108041,1.608593626,0.958354947,0,1,0,5.05370377
108042,1.40086724,2.157368667,0,1,0,7.071214052
108043,0.347435502,0.491753161,0,0,0,4.080382666
108044,1.831221493,1.306955376,0,0,1,11.68454997
108045,-0.634096733,0.10855974,0,0,1,6.247326767
108046,0.642667551,-0.475891949,0,1,0,3.120163007
108047,-1.585557821,-0.260458397,0,1,0,1.687815017
108048,0.316945809,0.935412659,0,0,0,3.671903117
108049,1.250459615,-0.110945766,0,1,0,3.116121452
108050,-0.927956383,-0.716738264,1,1,0,1.608008337
108051,0.327815382,1.423248389,0,1,1,7.916942618
108052,-1.424934218,-0.079857881,0,1,1,6.909167881
108053,0.719134259,0.924173294,1,1,0,3.966158909
108054,-0.059768455,0.712520922,1,1,0,3.583825039
108055,-0.57129541,0.124401267,1,0,0,2.283003564
108056,-0.234494332,-1.201270528,1,1,1,3.480116358
108057,-1.087486897,2.415580691,0,0,1,7.579877643
108058,1.632171834,-0.806637261,0,1,0,3.189329771
108059,0.655746108,0.980466773,0,1,1,8.223287298
108060,-0.262441384,0.247930671,0,1,0,2.115776228
108061,1.24955877,0.487318708,0,1,1,8.847175779
108062,-0.088042983,-1.245210287,0,0,1,3.215359064
108063,1.535504792,-0.118166236,1,1,1,9.267186767
108064,1.058593279,1.415449122,0,1,1,8.433107311
108065,-1.158349172,-0.115461177,1,1,0,0.970041759
108066,-2.373045948,0.526892896,0,1,0,0.77517577
108067,-2.116940112,-0.663139268,0,1,1,7.002403854
108068,-1.007919145,0.433989024,0,0,1,6.073731528
108069,-0.575191066,0.276721253,1,1,0,3.528708671
108070,-1.768885953,0.443112432,0,1,0,2.099834637
108071,0.866366151,-0.155305836,0,1,1,8.190266992
108072,-0.470609575,-0.725512599,0,0,1,5.101294953
108073,0.738755975,-0.840356057,0,0,1,5.921638216
108074,-0.204427115,-0.769011103,0,0,0,3.02478541
108075,0.872312782,-0.431578349,0,0,1,6.058691907
108076,-1.283157569,0.34632704,0,0,1,7.20139948
108077,-0.156237403,-0.677238538,0,0,0,2.003702903
108078,-0.334977872,-0.041789706,0,1,1,5.494371821
108079,0.004139819,1.116780085,0,1,0,3.827966544
108080,-0.264570329,0.92530566,0,0,0,3.091198052
108081,-1.697011536,1.812996389,0,0,0,2.801521708
108082,0.944446712,-0.397548363,0,1,1,7.618480587
108083,-0.383760528,0.882151833,0,1,1,6.094479379
108084,-1.719075007,-1.21946113,0,1,1,5.772753427
108085,-1.544506141,-0.729652305,0,1,1,5.45208961
108086,-0.305696008,-0.539708015,0,0,0,1.90915122
108087,0.34647128,-1.512920199,0,1,0,0.451745635
108088,0.600015798,-0.923072765,1,1,1,5.512321921
108089,0.482043659,0.838833591,0,0,0,4.217239597
108090,0.140635309,0.723985577,0,1,1,6.461277125
108091,0.783233364,-1.464303654,1,1,0,3.128100003
108092,-0.640593153,0.501927596,1,1,1,5.590600012
108093,1.359688301,1.620294189,1,1,1,10.13935455
108094,1.05183736,0.990386656,0,1,1,8.913362046
108095,0.023390826,0.834343089,1,1,1,5.795885591
108096,-0.55626811,0.140114734,0,0,0,2.180903656
108097,-0.4688519,1.808021425,0,1,0,4.566839549
108098,0.621679389,1.657290228,1,1,0,5.517795485
108099,0.120966547,0.534275773,0,1,0,4.114616366
108100,-1.375940493,1.216543464,0,1,1,7.94426903
108101,-0.222381433,-1.295309728,0,0,1,3.924461465
108102,-0.34035451,0.421394841,0,0,0,2.746510593
108103,-0.145483577,1.249177077,1,1,0,3.727412571
108104,1.33267358,0.900563786,0,0,1,8.679916552
108105,0.941746945,1.038324544,0,1,0,4.824229304
108106,1.142574352,-1.079384048,0,0,1,7.376854617
108107,0.727999534,0.999402554,0,1,0,4.567694967
108108,-0.134265009,-1.192860524,0,0,0,2.551160803
108109,-0.306390163,-0.515545082,0,1,1,4.995745815
108110,0.042235138,-1.946351908,1,0,0,0.645046822
108111,-0.264687739,-0.910697392,0,1,1,4.68212364
108112,1.423390431,-1.558717889,1,0,0,2.142234551
108113,-0.073033772,-0.914108932,0,1,0,1.787759581
108114,-0.219648245,1.10169426,0,1,0,3.007516056
108115,0.855274842,-0.67647539,0,0,1,5.701685337
108116,-0.258440514,-0.266782592,0,1,1,5.890485373
108117,0.133079168,0.649651805,1,1,0,3.780779591
108118,-0.206387401,0.968374726,0,1,0,3.059437586
108119,0.570792672,0.101286647,0,0,1,6.613313001
108120,-1.569781565,-0.171871289,1,1,0,1.164774678
108121,-0.238822711,-0.215904223,0,1,0,2.051603107
108122,-0.907459357,-1.372739831,0,0,0,0.982775661
108123,-0.994094512,-0.957957307,0,0,1,4.935093843
108124,0.055201751,-0.773973645,0,0,0,1.785827266
108125,0.679152059,-0.184325543,0,1,1,6.758146605
108126,0.360993745,1.026121347,1,1,1,6.100869213
108127,-1.226047471,-0.328264556,0,1,1,5.855400604
108128,0.357845939,1.233187641,0,0,1,7.066230859
108129,-0.025357338,-0.433411141,0,1,1,6.139013746
108130,1.040018409,-0.61773339,0,1,0,3.842497594
108131,0.151465569,-0.544147955,1,1,0,1.936487832
108132,0.399055641,0.805596808,1,1,0,4.205429158
108133,-0.819737116,1.36352345,1,1,0,3.09335949
108134,0.286892224,1.273247894,1,1,1,6.685987329
108135,0.269467427,0.40224528,0,0,1,6.99180549
108136,0.795366231,0.282536711,0,1,0,4.075393203
108137,0.059385823,-0.253383594,0,1,0,2.028470094
108138,-0.138853666,0.550210684,1,1,0,4.115260818
108139,-2.504995914,-0.783722906,0,1,0,0.226974771
108140,0.01143309,-0.729801755,0,0,1,5.254100358
108141,-1.27096746,-0.445220691,0,1,0,1.681004851
108142,-0.999856885,-1.572212266,0,0,1,2.863184588
108143,1.004490569,1.132880166,0,1,1,8.459006885
108144,-0.44780604,0.397247228,0,1,0,3.623496634
108145,-0.811715085,-1.214642916,0,1,0,1.073926696
108146,1.168880393,0.415501712,0,1,1,8.888280448
108147,-0.34156075,-0.507696325,1,1,1,5.04731065
108148,-0.203883041,-1.045978929,0,1,0,1.90751389
108149,-0.318906921,0.952870155,1,0,0,2.887501467
108150,1.227154435,-0.287820981,0,0,1,8.374477898
108151,1.165441731,-0.138062656,0,1,1,9.420990904
108152,0.038507558,-0.764783708,0,1,0,3.041025677
108153,-0.656186926,-1.055071903,0,1,1,3.491943933
108154,-0.022391806,-0.482835271,0,1,1,6.036232367
108155,0.236732187,1.168000732,1,1,1,7.35351714
108156,-0.875283978,1.294431144,0,0,0,2.65547411
108157,1.104273987,0.755252471,0,1,1,8.591989265
108158,-0.473113422,-0.115887584,0,0,0,2.880853035
108159,0.879915215,-1.072898111,0,1,0,2.371070083
108160,0.452310373,-0.939994758,0,1,0,2.455459853
108161,0.939025248,-0.717526686,0,1,1,7.556185869
108162,0.125731219,-0.015204122,0,1,0,2.392703132
108163,-0.968813268,-0.272098029,0,0,0,2.464129855
108164,0.500866279,-2.025697607,0,1,1,3.819401167
108165,-0.26409413,-0.719557706,1,1,1,5.173685766
108166,1.568426075,-0.225354795,1,0,0,4.133162927
108167,1.08844701,-0.706839629,1,0,0,3.808084535
108168,-0.677682114,0.484105975,0,1,0,2.999134246
108169,-0.607760245,0.428650379,0,0,1,5.093629376
108170,-0.731397477,1.901908949,1,1,0,3.778265043
108171,-0.636874925,-0.316195607,1,0,0,2.3757883
108172,-0.876214742,-0.478665153,0,1,1,4.785688194
108173,0.15047508,-0.248080135,0,1,0,2.652976974
108174,-0.574938992,0.639151361,0,0,1,7.073813356
108175,0.544213154,-0.728243291,0,0,0,2.639776673
108176,0.592278961,0.666422343,0,0,0,4.243710356
108177,2.555665224,1.460417386,0,1,1,16.14447691
108178,0.983248654,-1.028247521,0,1,0,3.265817554
108179,0.67211689,-1.923141973,0,0,1,3.205902851
108180,0.10755223,-1.516223626,0,0,0,1.806446293
108181,-0.250282612,-0.68261768,0,1,0,1.568030166
108182,0.135663511,1.118035099,0,0,1,6.958312779
108183,-1.901773276,0.443496324,1,1,0,0.65547246
108184,0.673858888,-0.439243112,0,1,1,6.394487596
108185,-0.836806376,0.015485806,0,1,1,6.769678341
108186,-0.001839999,-0.116973451,1,1,1,5.172924265
108187,-0.441361604,-0.184653864,0,1,1,5.093340606
108188,0.299184284,2.18379842,0,0,0,6.237144527
108189,0.935965598,-0.184031377,0,0,1,7.81098913
108190,-1.512010176,1.242167193,0,0,1,7.840758564
108191,0.627473199,1.299539113,1,1,0,5.135343165
108192,1.357982982,-0.547325522,1,1,0,4.234329433
108193,-1.707226928,0.557956206,0,1,0,1.58292157
108194,0.444460109,0.623812348,0,1,1,7.239163184
108195,1.180936526,1.042522335,0,1,1,9.510700406
108196,0.920229181,0.510875486,1,1,0,4.374312468
108197,0.865689093,0.901419183,0,1,0,5.512748021
108198,-0.028553638,-0.135658484,0,1,0,3.256621131
108199,-0.755647007,-1.537586743,0,0,1,4.007590461
108200,-0.372569071,0.896329956,0,1,1,6.019933022
108201,1.91417809,-0.483774074,0,1,1,11.04086027
108202,1.095474974,-0.006840409,0,1,0,4.458944614
108203,0.050334385,0.570838064,1,1,0,2.84819703
108204,-0.826686782,1.263450974,1,0,1,6.146587721
108205,-0.456443097,-0.448409029,0,1,0,2.101602436
108206,-1.55420375,0.181152254,0,0,1,6.390219944
108207,-0.039140551,0.664009852,0,1,1,6.68709739
108208,0.301325696,0.516474171,1,1,0,3.992292833
108209,0.452139836,-0.763561305,0,0,1,5.93428516
108210,0.212517479,0.201109202,0,0,0,3.533788571
108211,-1.505474842,0.111608887,1,1,0,1.609623042
108212,0.655813306,-0.102091212,0,0,1,7.095496133
108213,-0.315770202,-0.608152848,0,1,0,2.592475384
108214,0.488728432,-1.202786899,0,1,1,3.665252988
108215,-0.24128381,1.65730657,1,1,1,6.238197703
108216,0.755737933,-0.543085362,1,1,0,4.020140986
108217,0.635835321,-1.118020884,1,1,0,3.17144143
108218,0.980841112,0.245535183,0,0,0,3.903177956
108219,-0.061528068,-0.970285205,0,0,0,1.795038463
108220,0.200228682,-0.676573223,0,1,0,2.576237256
108221,-0.870892212,-0.970642476,0,0,0,1.615779221
108222,1.455397819,-2.31608255,0,1,1,5.656655912
108223,0.71743544,0.258076856,0,1,1,7.087990055
108224,-1.227345089,-0.796503463,0,0,0,1.273692256
108225,-0.979745886,0.480866209,1,1,0,2.879755927
108226,1.27667503,1.68793783,0,0,1,9.253180601
108227,0.21676347,-0.132920622,0,1,0,3.181844438
108228,0.197250274,0.059056822,0,1,0,2.726084355
108229,0.558107777,0.19235647,0,0,0,4.172000514
108230,1.426503775,2.350947512,0,0,0,6.454762065
108231,-0.246464969,0.592172266,1,1,0,3.208902613
108232,-1.269420274,-0.861926043,1,1,0,2.16925382
108233,1.110060917,-0.336605765,1,1,0,2.879662124
108234,0.522367324,-0.626809034,1,0,0,2.310940364
108235,0.378811516,-0.608047037,0,1,0,2.947330959
108236,0.656198214,0.732113184,0,1,0,4.533278409
108237,1.304252531,-0.692012056,0,1,0,3.292825801
108238,-0.192852294,0.73393078,0,0,0,4.889361032
108239,0.630477477,1.324606385,0,0,0,5.116602367
108240,0.347174976,-1.74764039,1,1,1,3.878144207
108241,0.588829705,-1.254144498,1,0,1,4.011466726
108242,-1.472167211,-0.910553209,0,1,0,1.036583643
108243,1.366675698,0.613984121,0,1,0,5.447070333
108244,0.209909863,-0.477409114,0,0,1,6.51112023
108245,1.583996516,0.089742442,0,1,0,5.325919498
108246,-1.061389448,0.169178527,0,0,0,1.538004861
108247,-0.023084432,-1.285082576,1,1,0,1.813921454
108248,0.276116678,-1.14118815,0,1,0,2.21184771
108249,-1.474031397,0.210034442,0,0,0,2.243600021
108250,0.455386506,1.112062868,1,1,0,4.700306988
108251,0.825892912,0.510045116,1,0,1,7.889700117
108252,-0.95028255,-0.79331527,0,0,0,1.187023752
108253,0.229390115,0.430324198,1,1,0,4.014439043
108254,-0.493749078,-0.878809054,0,1,1,4.504653836
108255,2.191032034,0.885603496,0,1,0,5.594769507
108256,-1.274806263,0.618890667,1,1,0,2.167018589
108257,0.191074262,0.452165825,1,1,1,7.361538678
108258,0.69959536,-1.037044242,0,1,0,2.252640179
108259,0.871764185,-0.030335176,1,1,1,7.630388196
108260,0.621845537,0.153264661,1,1,1,6.846240053
108261,-0.837480644,0.757349766,0,0,1,5.789167979
108262,-0.784007402,0.084112629,0,0,0,2.41925431
108263,0.330749593,1.374882619,0,1,0,4.710626967
108264,-0.764862189,-0.245652575,0,1,0,1.007645387
108265,0.660670191,0.005701758,1,1,1,7.528665747
108266,0.208791209,-1.592136545,0,1,0,2.055317842
108267,-2.064251533,-0.201569737,0,1,1,7.864894953
108268,-0.716884558,-1.325934797,0,1,0,0.165202403
108269,1.14519729,1.47244963,0,1,0,5.718681174
108270,0.319857356,0.527252036,0,1,1,6.920290611
108271,0.115251499,-0.984471347,0,1,1,4.774615955
108272,0.060468344,0.567244721,0,1,1,6.947726503
108273,0.873808216,0.7809251,0,1,1,8.438652953
108274,0.014394698,1.969922022,0,1,0,5.494197176
108275,0.348276208,1.447751814,0,0,1,7.711332266
108276,2.163406994,-1.51556658,0,0,1,11.35364483
108277,-0.7682733,1.375191084,1,0,1,6.677067644
108278,-0.671042329,1.065407287,1,0,0,3.388067011
108279,-0.453653475,-0.949435879,0,1,0,1.368854664
108280,-1.931244019,-0.926972802,0,1,0,0.873515717
108281,1.538141844,0.305367943,1,1,0,5.107491275
108282,0.12868312,0.60555675,0,0,1,6.882141732
108283,0.425587433,1.234849209,0,0,0,5.334683675
108284,0.771002835,-1.973739733,0,0,0,1.21636404
108285,0.112460133,-0.789371641,0,0,1,4.612863019
108286,-0.694187825,-0.099910425,0,0,0,1.516377486
108287,0.882721028,0.475127352,0,1,0,4.442300757
108288,-1.36722701,-0.736995515,0,0,0,1.278970727
108289,0.279037586,0.438478055,0,1,0,3.547642066
108290,0.97088205,-1.515501551,0,1,1,5.354234937
108291,-0.875128096,0.063856924,0,0,1,6.863337674
108292,-0.367740858,0.385811329,1,1,0,3.036428819
108293,-1.313780485,-0.153109595,0,0,1,6.608564544
108294,0.169685036,0.756317956,0,1,1,6.736719713
108295,-2.635223876,-0.163263567,1,1,0,1.088998144
108296,1.474879464,0.049230164,0,1,0,4.876631092
108297,-0.229366318,1.235259055,0,0,0,3.925029212
108298,1.471132022,-0.228265715,0,0,0,4.279562339
108299,0.142554263,0.146778583,0,1,0,3.434625664
108300,-0.8371196,1.277069703,0,0,1,5.760518991
108301,-0.806582269,0.545907924,0,1,0,2.892368582
108302,-0.221914918,0.023622619,1,1,0,2.081619123
108303,0.67291943,-1.029151771,0,1,1,5.580625817
108304,-0.146403383,-0.443815872,0,1,0,2.714702379
108305,-0.518905324,2.119461829,0,1,1,6.369786857
108306,-0.712690581,-0.614241409,0,1,0,1.526278362
108307,0.409666991,0.093084916,0,0,1,6.212813587
108308,-0.827163767,0.548534192,0,1,0,3.228123309
108309,-0.236453716,0.286917661,1,1,0,3.269730995
108310,-0.150349937,-0.072745715,1,1,0,2.909242506
108311,0.424112506,0.503999201,0,1,0,3.414374591
108312,1.28251125,-0.539670149,0,0,0,3.141753308
108313,-1.876822197,-0.152737764,0,0,0,1.17125794
108314,-1.369030455,0.835632519,1,1,1,6.853654305
108315,-0.639659299,0.707687663,1,0,1,6.130517043
108316,-0.795480122,-0.19135852,1,1,1,4.83398573
108317,0.791810428,2.480767849,0,0,0,7.126653787
108318,1.273272387,0.766355538,1,0,1,8.997742626
108319,-0.107950716,-1.655957399,1,1,1,3.140441365
108320,-1.162518511,0.84576315,1,0,0,2.107130432
108321,-0.728351097,-0.665624783,0,1,0,1.994808043
108322,0.56799912,0.481141723,0,1,1,7.416295639
108323,-0.917122852,-1.151795665,0,0,0,0.837276055
108324,0.113232782,-1.205234783,0,1,0,1.33140028
108325,0.388976848,0.215936664,1,1,1,6.381937942
108326,-0.689167401,0.563254472,0,1,0,3.333467845
108327,0.401733772,1.305966508,0,1,1,7.200607969
108328,1.455627359,-0.887178123,0,0,0,3.624761157
108329,-1.346873155,-0.198821801,1,1,1,6.5972675
108330,-0.570252122,-1.466324355,0,0,0,1.116534595
108331,-0.86624293,-0.263127629,0,0,0,1.93295786
108332,-1.534987543,0.812640138,1,0,0,2.853564767
108333,-0.019450578,1.601202401,0,0,1,6.890417997
108334,0.101978806,0.728127963,1,0,0,3.696843974
108335,0.175457783,-0.648578945,0,0,0,2.513012268
108336,0.132240869,1.33010513,0,1,0,4.237148584
108337,-0.17826568,0.768599889,1,0,0,4.010302163
108338,0.737339037,0.861934713,0,0,0,5.418602564
108339,-0.905441545,-1.386661119,0,0,0,0.730964323
108340,-0.702163128,1.797426062,0,0,0,4.094693435
108341,1.60313751,-0.61582289,0,1,1,9.054933281
108342,-1.676627559,-0.582377087,0,0,0,0.929568993
108343,-0.128388268,-0.007912526,1,1,1,6.443307721
108344,0.924069039,-2.179865256,0,1,1,4.158091501
108345,-1.95357372,0.311228346,0,1,1,9.000430639
108346,0.754479008,-0.263276427,1,1,1,7.317184755
108347,-2.120391123,-1.495132264,1,0,0,-0.948650141
108348,-1.747659768,-0.25467858,0,1,0,2.138908947
108349,-1.020018683,-1.042630018,1,1,1,4.067719826
108350,-0.442192039,0.822045413,0,1,1,5.654937768
108351,0.957661547,0.717377585,0,1,0,4.765743248
108352,-0.898881697,0.417063035,0,1,0,3.025937864
108353,-0.612097575,-1.125576126,0,1,1,3.928812143
108354,1.065219981,-1.736847557,0,0,1,5.95321222
108355,1.186452767,-0.02120793,0,0,1,9.319088435
108356,-0.96079333,1.222367566,1,0,1,6.409097544
108357,-2.345420893,-0.81179565,0,1,0,0.372852745
108358,-0.557318499,-1.63542231,0,0,0,1.523279015
108359,1.603166862,0.672219454,0,1,1,11.26211724
108360,0.154191454,0.003006203,0,0,1,5.827150931
108361,-0.581576341,1.318770907,0,0,0,3.978059011
108362,1.080612064,-1.474358876,0,1,0,2.157306249
108363,0.417722192,1.63727929,0,0,1,7.371996329
108364,-0.315637841,0.234420379,0,0,1,6.440908851
108365,1.296611867,-0.721672005,0,0,1,8.998647708
108366,-1.547098864,0.129421901,0,0,0,1.313869094
108367,-0.021374324,-0.93389707,1,1,1,4.460529924
108368,-1.894648527,1.09602713,0,0,1,8.652210462
108369,1.679089657,-0.4301541,0,1,0,4.24379276
108370,1.549446561,-0.836805271,0,1,0,3.223474628
108371,0.520914149,0.668179451,0,1,0,4.373335371
108372,0.086619605,-0.142833474,0,1,1,6.382952273
108373,-2.45802705,1.92259048,0,1,0,2.511595842
108374,-0.022090552,0.011585083,0,1,1,5.995159532
108375,0.364626131,-1.209007118,0,1,1,5.250980068
108376,1.337151062,-0.684092042,1,0,0,3.246123415
108377,0.004867202,-0.595071374,1,0,1,5.274015534
108378,-0.88266264,0.277642568,1,1,0,2.348205985
108379,-0.389627363,0.981302112,1,0,0,3.067707215
108380,-0.167150911,0.120255605,1,1,1,6.298961954
108381,-0.415640019,-0.292081738,0,1,0,2.575825706
108382,1.722762407,1.671400931,0,0,0,6.000373906
108383,-0.861977167,0.814727142,0,1,0,3.304270975
108384,-0.060948348,1.174969022,1,0,0,3.404164489
108385,0.993195844,-1.403779762,0,1,1,6.145090396
108386,-0.401832633,0.746495982,1,1,1,6.384557917
108387,-0.114922707,0.74570593,0,1,1,6.014765584
108388,-0.820782613,-0.50771529,0,0,1,4.918847832
108389,0.803588451,0.475111806,1,1,1,7.825751779
108390,0.37162459,0.433689249,0,1,0,3.563118863
108391,-0.787216491,-0.712266357,1,0,0,1.554522667
108392,1.653109249,0.063108123,0,1,0,5.309338513
108393,1.086618167,-0.371494375,0,1,1,7.579323171
108394,-0.442183163,-0.185155114,0,1,1,5.41493193
108395,1.471891263,0.502593501,1,0,1,10.25865118
108396,-2.140653909,-1.577968301,0,1,0,-1.0904158
108397,1.717829821,-1.11612875,1,1,1,9.379076315
108398,0.009752937,0.903392709,0,1,1,6.964447034
108399,-1.778122799,-1.437693194,0,0,1,4.335759224
108400,-0.290148662,0.031532702,0,0,0,2.524101436
108401,0.959693476,-0.317264524,0,1,0,4.363375877
108402,-0.868380003,-0.651777605,0,1,1,4.856598807
108403,-0.40161256,0.600426045,1,1,0,3.165403572
108404,-0.073182047,0.794381945,0,0,0,3.781099893
108405,1.469739993,1.366361713,0,0,1,11.11347714
108406,0.094968145,-2.121051527,0,1,1,2.701102376
108407,-0.709216186,0.407823491,0,1,1,5.929957062
108408,1.96368544,-0.930372755,0,1,1,10.94693772
108409,-0.226839936,0.562517113,1,0,0,3.744551124
108410,0.348124761,0.45198811,0,1,1,7.020863654
108411,-0.48012847,0.345234282,1,1,1,6.439351013
108412,0.509762148,-0.948415566,0,0,0,2.618294424
108413,-0.093064136,-1.752415897,0,1,0,1.048107192
108414,-0.663890896,0.731131528,1,1,1,5.976122808
108415,0.340357362,0.836748836,0,0,1,7.13787886
108416,-0.311242386,-1.207960357,0,1,0,1.62658093
108417,-0.101679419,1.075662405,0,0,0,3.975449246
108418,-0.457883353,-0.104906353,1,0,0,3.258280255
108419,-0.044434535,-1.033563076,1,0,0,2.061487843
108420,-0.880625267,1.25978234,0,0,1,7.592961905
108421,0.495447736,-1.344916548,0,1,0,2.082580138
108422,-0.844629934,-0.451230508,0,1,1,4.771505421
108423,0.497713913,-0.725868463,1,0,1,6.41593835
108424,0.339699269,0.168516901,1,1,0,3.88152075
108425,-1.430265846,-0.612396541,0,0,0,1.300619377
108426,-0.52681121,-1.018293138,0,0,0,1.725918947
108427,0.148899592,0.589159277,0,0,0,3.628034628
108428,-0.760055364,-0.118313441,1,0,1,5.446836356
108429,-0.04476964,-0.897698409,1,0,0,1.647442942
108430,0.315498892,0.303555256,0,0,0,3.038043428
108431,0.74517099,-0.876724832,1,1,1,6.016837986
108432,0.434660151,0.642611873,1,1,0,4.418288976
108433,0.762016036,1.618358194,0,0,1,7.721707508
108434,-0.594577331,0.008509653,0,0,1,6.146418627
108435,-0.77784702,1.24455387,0,1,1,5.509937586
108436,-0.7609682,-0.307750687,0,0,0,1.912416185
108437,-1.190784042,0.270643002,1,1,0,2.53216324
108438,-0.642267339,0.675547384,0,1,0,3.396481608
108439,0.926192971,3.186933076,0,1,0,7.599724825
108440,-0.589235315,-0.335641696,0,0,1,5.571425275
108441,-0.121795223,0.656979328,0,1,1,6.972155255
108442,2.034298734,-1.045796497,0,0,0,3.622923517
108443,0.451048454,0.097370264,0,1,1,6.612564089
108444,-0.526179192,1.698633199,0,0,0,3.90136663
108445,-0.289047597,-0.854718923,1,1,0,1.959606403
108446,-0.11216025,0.938721059,1,1,1,6.6698694
108447,-0.356682468,-0.503003799,0,1,0,1.728487408
108448,-0.922193679,-0.058618107,0,1,1,5.863058756
108449,0.358966416,0.144678395,1,1,1,6.075029905
108450,0.330920193,-0.606010254,0,1,1,5.448736184
108451,-2.24612058,-1.469095888,1,0,1,5.718836126
108452,1.611046993,0.794036897,0,0,0,5.311529632
108453,2.45561583,0.852846085,0,1,0,5.424938043
108454,-0.58826076,-0.410448659,0,0,0,1.546127158
108455,-0.905154087,0.196881329,1,1,0,3.006506086
108456,0.998821151,0.530907555,0,1,0,5.499564876
108457,0.146444841,0.849755091,1,1,0,3.753966567
108458,-0.989048915,-1.555396948,0,1,0,-0.513370372
108459,-0.885092681,1.546139351,0,1,0,2.99735706
108460,-0.382836929,0.073148572,0,1,0,2.952403039
108461,0.608073428,1.019636083,1,0,0,4.68927654
108462,0.067718996,0.101515275,0,1,1,6.096249484
108463,-2.617360289,-1.137800233,0,0,1,7.903938043
108464,0.035081821,0.135290225,0,1,0,3.831784614
108465,-2.340928889,0.060417993,1,1,0,0.093574444
108466,0.727333304,-0.170588002,0,1,1,7.798261856
108467,-1.100843561,-0.365830254,0,1,0,2.152624196
108468,1.10650202,0.324396017,0,0,1,8.63494572
108469,1.554751078,-0.259792722,0,1,1,10.07143244
108470,0.316902761,0.16442119,0,0,0,4.191448601
108471,-1.020555226,-1.635336011,1,1,1,2.519653125
108472,0.542241873,0.84023922,0,1,0,3.806378423
108473,3.676204538,-0.480385396,1,1,0,6.431061781
108474,-1.369263971,-0.022353428,1,1,1,6.589802576
108475,-1.231003435,-1.746061771,1,1,0,-0.675971204
108476,0.447937854,0.199192834,0,0,1,7.216136909
108477,1.01281353,0.603816369,1,1,1,7.59404008
108478,0.503317769,0.204116301,0,1,1,7.314970219
108479,-0.580605432,0.46448261,0,1,0,2.691345486
108480,-2.272227147,-0.460968319,1,1,0,0.210882523
108481,-0.848192486,1.49213569,1,1,0,3.79917517
108482,0.557332177,-1.236505835,0,1,0,2.452197479
108483,-0.176990827,-1.497608304,0,1,0,1.207243613
108484,1.048065123,-0.696238065,0,0,0,4.057698347
108485,-1.166748549,-1.943430011,1,0,1,2.940269717
108486,-0.162653031,-0.866439116,0,0,1,5.900721338
108487,1.194815162,0.570014783,1,1,0,4.620444374
108488,-0.885615777,1.259982403,0,1,0,3.487261316
108489,-0.342126329,0.180942434,0,1,0,2.962149994
108490,-0.69017269,0.939816207,1,0,0,3.146342707
108491,-0.006969941,2.716493946,0,1,1,7.152897338
108492,0.306706248,1.389837448,0,1,1,6.793695597
108493,1.772395217,-2.679262488,1,1,0,1.839989685
108494,1.255083151,0.401667866,1,0,0,4.747768837
108495,0.215565987,-1.307390687,0,1,0,1.76131874
108496,0.943067376,0.260153695,0,1,1,8.141734642
108497,-0.100995072,0.351730725,1,0,1,5.570623969
108498,-0.99546544,-0.087108084,0,1,1,5.268561991
108499,-0.650696587,0.592635182,1,1,1,6.223656007
108500,0.491910693,0.680774045,1,1,0,3.358690777
108501,-0.871873325,-0.062286502,0,0,1,5.04365145
108502,0.078641069,0.877540323,0,0,0,4.175446876
108503,0.242524507,1.796493475,0,1,0,5.285794703
108504,-0.897122587,-0.736249733,0,0,0,0.781001659
108505,0.052410779,0.374283504,0,1,0,3.877574607
108506,0.95885385,0.58176943,1,1,1,8.130687655
108507,1.645955512,-0.949224061,0,1,1,8.813779078
108508,0.895667109,1.789287001,1,1,0,5.45137943
108509,0.115756103,0.074046039,0,1,0,3.935935871
108510,0.069175328,1.451854958,0,1,1,6.774573528
108511,-0.246955462,-1.504491462,0,1,1,3.35989974
108512,1.33362534,-2.133901602,0,0,0,2.326914589
108513,-0.173178023,0.767553905,1,1,1,5.585611032
108514,-1.569919427,-2.57669078,1,1,1,3.008994375
108515,-0.059069103,-0.796208471,0,1,1,4.30107105
108516,-1.118778345,-0.344063547,0,0,1,5.70841245
108517,0.914837852,1.663885195,0,1,1,8.153289183
108518,1.577720454,1.399422458,0,0,1,10.77406083
108519,-0.110215918,-0.213897553,0,1,1,6.234057491
108520,0.802342831,-1.430943617,0,1,0,3.423815445
108521,-1.624091144,0.583430279,0,0,1,7.60014709
108522,1.513080825,0.720029085,0,1,0,4.954862506
108523,0.614428907,-1.016704041,0,0,1,5.341185182
108524,-1.619941094,1.014408018,1,1,0,2.962010076
108525,-1.602835333,-1.280042615,0,1,1,4.786216297
108526,-0.639872036,-1.451739772,0,1,0,0.507019045
108527,-0.175222751,0.2341602,0,1,1,5.907327438
108528,1.05767004,-1.185077882,0,0,1,6.204173197
108529,0.119227004,-2.426633289,0,0,0,0.895406654
108530,-0.82679764,-0.943598514,0,0,0,1.385485368
108531,-1.385902692,0.600620005,1,1,0,2.838393026
108532,1.273268393,0.171441078,0,1,1,8.920727088
108533,-0.824978711,0.252286704,0,1,1,7.111751009
108534,0.987046732,0.2702048,1,1,0,4.1623252
108535,-0.169448287,0.153466263,1,1,1,6.251794063
108536,0.91120892,-0.640180108,0,1,0,2.430090519
108537,0.634551784,0.023299845,1,1,1,6.266804851
108538,-0.612112606,1.644490213,1,0,0,3.394037912
108539,-0.341547813,-0.234872185,0,0,1,5.797477397
108540,-0.046528611,1.028753675,0,1,1,6.905825055
108541,1.214311647,0.245900949,1,0,0,3.639952668
108542,-1.114531861,-1.96188726,1,0,0,-0.862841943
108543,2.185559975,0.847520561,0,1,0,6.35538006
108544,0.421743506,0.980044017,0,1,0,3.924662676
108545,0.067910321,-0.026461007,1,1,1,5.720430662
108546,-0.271764331,0.607371606,0,1,0,3.477475159
108547,-1.688613881,-0.855489324,0,1,0,0.755123205
108548,-0.864862468,0.212315048,1,1,1,4.821632019
108549,0.597036098,-1.589313229,0,1,1,4.949993768
108550,0.102678164,1.252301174,0,1,0,5.052045717
108551,-1.159450022,-0.196479298,0,1,0,1.158109937
108552,-0.512867683,0.273156465,0,0,1,5.00664144
108553,0.610386787,1.336084081,0,0,0,5.796835959
108554,1.078404633,-0.190662021,0,1,1,8.355118228
108555,-0.39797493,-1.725458756,0,0,0,0.782081447
108556,0.505416705,1.287686764,0,0,0,4.688436035
108557,0.26180277,0.249276261,0,1,0,2.376905815
108558,1.998528109,-0.746346448,0,0,0,4.192992678
108559,-1.007233921,0.900690939,1,0,0,3.757255408
108560,-1.841551026,-1.409671555,0,0,0,-0.427900138
108561,0.472987708,0.387078859,0,1,0,4.04993
108562,0.48579559,-0.657944198,0,0,0,1.91888857
108563,0.873343279,-0.223393387,0,0,0,3.748822765
108564,0.730488009,0.918697691,0,1,0,4.940618161
108565,1.779077689,-0.178642933,0,1,1,11.74555733
108566,-0.276079127,-0.624222442,0,0,0,2.611505855
108567,-1.010872212,0.355638272,0,0,0,2.76923777
108568,-0.039384038,1.14480242,1,0,1,6.640251837
108569,1.020528764,0.197763559,0,1,1,8.385147022
108570,1.418879156,-0.23134555,0,1,0,4.388555947
108571,1.673800788,3.323951896,0,1,1,11.26865531
108572,0.235689952,1.007336888,0,1,1,6.819397704
108573,0.822068857,0.712774223,0,1,0,4.287372171
108574,-1.274580801,0.918771934,0,0,1,6.465142146
108575,-1.523255772,0.969009117,0,1,0,3.142627284
108576,-1.510867058,-0.300905621,0,0,0,1.287026499
108577,0.210367153,-0.668714994,0,1,0,2.394848969
108578,1.565298062,-0.282295714,1,1,1,9.868904129
108579,-1.270172466,-1.671030693,1,1,0,1.016850219
108580,-0.194681255,0.003328585,0,1,1,6.826868811
108581,1.19869537,-0.303204798,0,1,1,8.212613667
108582,-0.558859959,0.025844441,0,1,1,6.192922093
108583,-0.954528139,1.223405513,0,1,0,4.090460757
108584,1.308493393,-1.053647866,0,0,1,7.791699038
108585,1.365911857,0.388213086,1,1,1,9.819302787
108586,0.968410711,-1.815468401,1,0,1,5.351364238
108587,-0.910839545,0.889603557,0,0,0,3.421875556
108588,-0.683226236,0.04130534,0,1,0,2.562435319
108589,-0.116492309,1.662583048,0,1,1,6.419407932
108590,-2.594090052,0.420123016,0,0,1,10.35888083
108591,-0.464082937,-0.656252941,0,1,1,5.171592511
108592,-0.611251154,-0.569314968,0,1,1,4.682286089
108593,1.663909689,-0.801639919,1,0,0,3.612536767
108594,1.397945666,0.597526311,0,1,1,9.90631686
108595,0.334135982,-2.126457213,0,0,0,0.623567197
108596,0.390488487,-1.009883669,0,1,1,4.900159062
108597,-0.360817717,1.818216752,1,0,0,5.00961599
108598,1.268883771,-0.036923318,0,0,1,9.530438354
108599,-0.661838616,0.650374488,0,1,0,2.379886797
108600,1.037387726,-1.186004933,0,1,1,6.430114688
108601,2.387939596,-1.289887304,0,1,0,3.62493692
108602,1.010383795,1.723351873,0,1,0,5.775907431
108603,-0.141124138,-0.119805359,1,0,1,5.714285192
108604,-0.545120345,-0.478926428,0,1,0,2.014946957
108605,0.248339318,-1.471220917,0,1,1,3.306117798
108606,0.304100035,0.12239218,0,0,0,3.44367668
108607,-0.274470926,-0.45710621,0,1,1,4.195210202
108608,-0.51488407,1.35542164,1,0,1,5.195997635
108609,-1.018038614,0.192193544,1,1,0,3.005674502
108610,0.136718098,0.288417773,0,1,0,4.086985484
108611,-0.237787235,1.361924414,0,0,0,4.413560403
108612,0.672123149,0.932608807,0,0,1,7.429273667
108613,0.219155876,0.227274589,1,1,0,3.010303222
108614,0.565404859,-1.657463203,0,0,1,4.372385651
108615,0.27121599,1.250354555,1,0,0,5.027671309
108616,1.701191376,-0.014393344,0,0,1,10.79102152
108617,-0.142269127,-0.216150926,0,0,1,5.464157567
108618,0.561640336,0.953182712,0,1,0,4.957969644
108619,1.195575628,0.061989403,0,1,0,4.664714583
108620,-0.154729028,0.858500419,0,1,0,3.774302515
108621,-0.974119684,-0.662324928,0,1,1,3.892716456
108622,0.491409105,0.643923928,0,1,1,6.353707067
108623,-0.29652409,-0.706694138,0,0,1,3.810464552
108624,-0.149313332,-1.423935177,1,0,0,1.247253785
108625,-0.290347999,-0.820945653,0,0,1,4.005249443
108626,-0.396747594,0.0619751,0,1,1,6.699471814
108627,0.399594685,-0.418673912,0,1,0,3.28699704
108628,-1.752045632,1.976110238,0,1,1,7.444884567
108629,0.522973807,-0.358041074,0,0,1,6.491663686
108630,0.629168712,-1.317658908,0,1,1,4.53578312
108631,-0.452575573,1.330051106,0,1,1,6.507134839
108632,0.467798492,-0.465015277,0,1,1,6.517019585
108633,0.214726208,-0.298898467,1,0,0,2.239222155
108634,-0.675512853,0.882005191,0,1,0,3.604378692
108635,-0.104468233,-0.331444212,0,0,1,5.411412099
108636,0.551905658,-0.782346165,0,0,0,3.271702907
108637,-1.039293507,0.581548665,0,1,1,5.929737364
108638,1.78746062,-0.300400467,1,0,1,10.28847808
108639,0.370933827,-1.72796996,0,1,1,4.07086593
108640,-0.107858005,-0.537270093,0,1,0,2.724205623
108641,-0.690626386,-1.390647696,0,1,0,1.019786593
108642,0.638802118,0.775409687,0,1,0,4.569862807
108643,0.497396077,0.521517045,1,1,1,7.452533208
108644,-0.219960426,0.306978513,1,0,0,3.344294985
108645,0.933578807,0.154788934,0,0,0,3.560686086
108646,-1.022798981,-0.558190843,0,0,1,5.863353793
108647,0.379764714,-0.495486846,0,0,1,4.975449478
108648,0.910213764,-0.303278677,0,1,0,3.476811168
108649,0.723341857,1.362485566,1,0,1,7.224514617
108650,-1.980421851,0.506621365,0,1,1,7.491623009
108651,-0.688235308,1.43904868,0,0,0,3.75317759
108652,-0.298612462,-0.050741842,1,0,0,2.971038736
108653,-0.957289417,-0.375388034,0,0,0,2.135295579
108654,-1.969866162,0.694843206,1,1,1,8.816982804
108655,0.307780791,0.544628165,0,1,0,3.830706882
108656,-1.892792462,0.771819533,0,0,0,2.162345678
108657,-0.613491766,1.399335539,1,0,1,5.364475535
108658,-0.03788072,0.316952112,1,0,0,4.034905544
108659,0.033671663,0.982333725,0,1,1,6.846852074
108660,1.010470963,-0.367631121,1,1,0,3.462827877
108661,1.4217583,-0.240811777,1,0,0,4.038634931
108662,-0.404104364,-0.37018761,0,0,1,5.917867932
108663,-0.351501937,0.024822313,0,0,1,6.199530063
108664,-0.053504781,1.308072401,1,1,0,5.646953484
108665,1.573041492,1.600754166,0,1,0,6.179601456
108666,0.530302771,-1.820762888,1,1,0,1.401395261
108667,-0.056102946,1.025317874,1,1,1,6.144015967
108668,0.372637048,-0.564934449,1,1,0,2.611288186
108669,-0.266312638,-0.935144711,0,1,1,4.042985201
108670,1.192076751,0.469309955,1,1,0,4.564037469
108671,-0.577931386,-1.555486108,0,1,1,2.630242219
108672,-2.171294813,-2.370773727,0,1,1,4.310622253
108673,-1.213653867,-0.031327099,0,0,0,2.676748786
108674,1.299963325,0.704097375,0,1,0,4.938189541
108675,-1.056621934,0.996012239,0,1,0,3.068560077
108676,0.526247429,-1.079854471,1,1,1,4.877611752
108677,-0.676419753,2.966250839,0,1,0,5.42969271
108678,-0.289243736,0.239491386,0,0,1,6.221902967
108679,-1.637239399,-1.462571322,0,1,0,0.262988714
108680,0.940985794,-0.174605737,1,1,0,3.643114853
108681,0.856968787,0.80345752,0,0,1,8.306462735
108682,1.062653369,0.779436975,0,0,0,4.615370609
108683,0.406817459,-0.787165982,0,1,0,3.67321903
108684,0.51093604,-1.756612981,0,0,0,1.259852485
108685,-0.286042933,-1.443399007,0,1,0,1.093293083
108686,0.943187906,-0.671063847,1,1,0,3.014535021
108687,-0.918412328,2.795578716,1,1,1,7.606079223
108688,0.485465312,0.983370632,0,0,1,7.824501644
108689,0.015766062,0.251247429,1,1,1,6.3881914
108690,0.708777315,-1.19918807,0,1,0,3.014429181
108691,-1.804660352,1.506763319,0,0,1,7.750363182
108692,0.184771779,-0.676515843,0,1,0,2.726852237
108693,-0.290264883,0.668037911,0,1,1,6.018729186
108694,-0.22323983,1.04358301,0,1,0,3.895169138
108695,-1.620165813,-1.65207818,0,1,0,-0.204553021
108696,-0.891782286,0.821586833,1,0,1,6.746545051
108697,0.574040915,-1.892299608,0,0,1,3.617395554
108698,1.223624414,-0.75918595,1,1,1,6.984520641
108699,-1.684378977,1.518117109,0,1,0,2.582324132
108700,0.646644117,-1.028087027,0,0,0,2.234136542
108701,0.54625527,-0.741010919,0,0,1,6.858217563
108702,0.481526172,2.077303433,0,0,1,6.654872104
108703,0.146342931,-0.077155623,0,0,1,5.485753364
108704,-1.085843904,0.450268343,1,0,1,7.271551677
108705,0.281097127,-0.382789933,0,1,1,5.691824246
108706,-1.127848957,0.253637618,1,1,1,5.582338658
108707,-0.92003181,-0.629629466,1,0,0,1.241360059
108708,-1.859342877,0.423071902,0,1,1,8.150632733
108709,0.125379177,0.244898966,0,1,1,7.028774262
108710,-0.803266358,-0.866964547,1,1,1,5.504353681
108711,-1.374038821,0.052522133,0,1,1,6.970066209
108712,-0.496648702,-0.657129585,0,1,1,4.844199553
108713,0.212185444,0.982437948,0,0,1,7.521744283
108714,-0.386206494,-1.120828869,0,0,1,3.52935836
108715,1.466190475,-1.424595239,1,1,0,2.712661106
108716,-1.068169707,-0.618994207,0,1,0,0.641216307
108717,-0.112679578,-0.156724041,0,0,0,3.50878977
108718,-2.156463245,0.569027382,0,1,1,8.263202667
108719,-1.384827989,-0.39651912,0,0,0,1.685067764
108720,-0.855556877,0.257670909,0,0,1,6.052214302
108721,-0.926930907,-0.268457471,0,1,0,2.250631273
108722,-0.951655385,-1.004041399,1,0,1,4.553095821
108723,0.202242323,0.863110847,0,0,0,3.325873972
108724,-0.282813263,-0.382226821,1,1,1,5.855658197
108725,0.008561216,0.070657807,1,1,1,5.533215594
108726,2.154139118,-0.806446586,0,1,0,3.522455681
108727,-1.122337267,0.345597113,1,0,0,1.299977332
108728,0.307693271,0.72922223,0,1,0,4.972687085
108729,-0.568341348,0.353569069,0,1,0,2.672067789
108730,0.35075132,1.464614172,0,0,1,7.292849699
108731,0.605082718,1.61069425,1,1,0,5.087220785
108732,-0.3245568,0.725942192,1,1,1,6.759559595
108733,2.387349568,0.025371631,1,1,0,4.825122166
108734,0.978054877,0.12533353,0,1,0,3.975932959
108735,0.111480453,-1.066903799,0,1,0,3.304117677
108736,0.19084584,-0.20800782,0,1,1,6.185126967
108737,-0.23903967,0.062570454,0,0,0,2.795507916
108738,1.219078023,-0.811348861,0,1,0,2.566597799
108739,1.521661628,0.78611224,0,0,1,9.213888189
108740,-1.616988731,-0.053844248,0,0,0,1.326695616
108741,0.436707065,0.342826256,0,1,0,4.36733559
108742,-2.820213397,-0.684369088,0,1,0,-0.817142674
108743,0.919546473,-0.581830914,1,0,0,2.953270339
108744,-0.376181182,-0.64368259,0,1,1,5.391530574
108745,0.761204847,1.264477918,0,0,1,8.08831516
108746,-0.092728444,2.234903336,0,1,1,6.465232672
108747,-1.748230496,-0.03172041,0,0,0,1.890883025
108748,1.235304404,0.122922207,0,1,0,4.340884435
108749,-0.967018771,-0.097323538,0,1,1,5.707570613
108750,-0.605346784,0.139676023,0,1,0,2.348547384
108751,-0.467449086,-1.577258982,0,0,1,2.653971404
108752,0.24413057,1.232482857,0,0,0,4.28360931
108753,-1.015801427,0.089121628,1,0,1,6.754867518
108754,-0.333834732,-0.266054698,0,0,0,2.13527361
108755,0.207555062,-1.289378581,0,0,1,4.234093417
108756,0.123082952,0.593860898,1,1,1,6.767541499
108757,1.75404153,-0.951847091,0,1,0,3.443866367
108758,-0.511457971,-0.358467943,1,0,1,4.67220643
108759,-1.23506112,0.0085973,0,0,1,6.518681705
108760,-0.343424895,-0.964396921,0,0,1,4.657591729
108761,0.239742992,-0.591743484,0,0,0,3.577956135
108762,-1.116743575,0.317801807,1,1,0,2.249571604
108763,-1.08641237,0.068626217,0,1,0,2.262021432
108764,-0.563552592,-1.302625266,1,1,1,4.62077521
108765,-0.8025762,0.801027321,0,1,0,2.624984346
108766,1.205059114,0.209644169,1,0,0,4.377782158
108767,-0.065585221,-0.213129294,1,1,1,5.264702615
108768,0.910307466,-0.813412486,0,0,1,6.749685984
108769,0.292035959,2.174107977,0,1,1,6.753055305
108770,0.672299195,0.742516279,0,1,1,7.279381248
108771,-1.54255216,-2.947648935,0,1,0,-0.938734432
108772,-1.159634344,2.03057372,0,0,0,4.567268592
108773,0.809947115,1.243058932,0,1,1,8.761397577
108774,1.186496652,-1.088678268,0,0,0,3.345826839
108775,-1.548879134,0.059440314,0,0,1,7.762446827
108776,-0.138474095,-0.110284199,1,1,0,1.86275307
108777,1.006300117,-0.817073901,1,1,1,7.575688144
108778,1.255029854,-1.156124562,0,1,1,7.476069603
108779,0.310022419,-1.034656188,0,0,1,4.649248663
108780,0.84561623,-0.612890356,0,0,1,7.395639311
108781,-1.172301498,0.941523915,0,0,0,2.629311107
108782,-0.860917849,-0.618254615,0,0,1,5.669007952
108783,0.056434613,-0.501258044,0,0,1,5.394713864
108784,-2.168947588,1.077772287,0,0,0,1.320788265
108785,1.207399063,0.050526571,0,0,0,4.4306256
108786,1.016730942,-0.838896517,0,1,1,7.389559239
108787,0.442254724,-0.244009413,1,0,1,6.448430019
108788,-0.543021471,0.547439835,0,1,0,4.142418074
108789,-0.349515244,1.748078324,1,1,1,6.022079271
108790,0.383516481,-0.161273907,0,0,1,6.75787814
108791,0.344468155,0.781723414,0,0,1,6.808967331
108792,0.990375733,0.431267814,0,0,0,4.651341703
108793,0.960602017,1.368880681,0,1,0,6.076338402
108794,2.132340018,0.844363839,0,0,1,12.86466137
108795,0.054596099,-0.550186252,0,1,0,2.277708997
108796,-0.91967703,-0.577458167,0,1,0,1.448606044
108797,-0.787717272,1.571326203,1,1,0,4.710645931
108798,-0.913866827,-0.102837906,0,1,1,6.322879433
108799,0.909667192,0.689112592,0,1,1,8.143127133
108800,0.34599153,0.517539231,0,1,0,4.638174593
108801,0.711940414,-0.992398603,0,0,0,2.796680865
108802,-0.37588502,0.17713199,0,0,1,6.086836562
108803,-0.467065791,-0.260860215,0,1,0,1.218693312
108804,-0.406747037,0.44459959,0,1,1,4.893545751
108805,-0.385638028,0.263047536,0,1,1,5.641462299
108806,2.071032421,0.41635535,1,0,1,12.79886749
108807,1.253711385,-0.089192896,0,0,0,4.131507442
108808,-0.78240403,2.485372193,1,1,0,4.072751724
108809,0.420441419,-0.787814125,0,1,0,3.145431707
108810,0.276843865,-0.069616672,0,0,0,4.111810399
108811,-1.23016201,-0.87593571,0,1,1,5.493724173
108812,-0.954556176,-0.488940446,0,0,1,4.93608718
108813,-1.372646212,0.855114407,1,1,1,6.845949525
108814,1.334353005,1.007162931,0,1,0,5.557156669
108815,-0.178010477,-0.307541191,1,0,0,2.989905787
108816,-0.177084264,-2.306526785,0,1,0,0.48580519
108817,-0.56048973,-0.325597726,0,1,0,1.663541426
108818,0.676018651,1.660846855,0,0,0,5.225586408
108819,1.146597007,-0.869098625,0,0,0,3.895485728
108820,-1.54129894,-0.346624586,0,1,0,0.566510499
108821,0.047432084,0.713583906,0,0,1,6.688344197
108822,0.529052695,2.263276654,0,1,0,5.332172163
108823,-0.554468905,-1.283492017,0,1,1,4.020833546
108824,-0.219522226,0.891350031,1,1,0,3.476929624
108825,0.004582016,-1.107576656,0,1,0,2.354989462
108826,0.85493988,-0.406271837,0,0,0,3.90784436
108827,-2.416687895,-1.291761666,0,1,1,6.435258926
108828,0.289554895,-0.136711292,0,1,0,3.239327137
108829,-0.145475797,-2.154140353,0,0,0,1.622778358
108830,-0.782669568,0.171649428,1,1,1,5.962987157
108831,-1.96662964,-0.819068678,1,0,1,6.21780887
108832,-0.437117201,0.055771887,0,1,1,6.742810595
108833,1.308044195,1.154813131,0,1,1,9.550467727
108834,-1.033801122,-0.790763104,1,1,1,5.43037571
108835,0.348260895,0.691371691,0,1,1,6.542619501
108836,0.662243713,-0.550888406,0,1,0,3.336316942
108837,0.354775173,0.27282936,1,1,1,6.629213765
108838,-0.144500876,0.314487899,1,0,0,2.832114897
108839,-0.104109921,1.132041829,0,0,0,4.574751968
108840,0.458230795,0.318835409,1,0,1,7.402430072
108841,0.711163871,0.566960472,1,1,0,4.410598218
108842,1.02321624,-0.441156321,1,0,0,3.757293811
108843,1.446774178,-1.053007536,0,1,1,7.660390952
108844,-0.2931394,0.631304299,0,0,0,2.985969034
108845,-1.317130536,1.106472492,0,1,1,6.979412485
108846,-0.276044525,-1.843039613,0,1,0,1.367125443
108847,-0.58281859,-1.118703083,0,0,1,3.960591606
108848,-1.146414601,-0.050566458,0,0,1,5.880030329
108849,-0.502374961,1.985902961,1,1,1,5.713975541
108850,-1.939819086,-1.089646478,0,0,0,-0.398297359
108851,-1.008871033,3.217128244,0,1,1,7.064567971
108852,-0.394910596,-1.34181588,0,0,0,1.34826313
108853,0.11342966,-0.398772882,0,1,0,2.63571554
108854,2.164537677,0.69043616,0,0,1,13.10154786
108855,-1.42479815,-2.01955217,0,0,1,2.735655954
108856,-0.634383165,0.632048472,0,0,0,2.852107582
108857,0.268157501,-0.408263803,0,0,0,2.823254334
108858,1.506163587,0.779780892,0,1,1,10.08385829
108859,-0.289782339,-2.323451049,0,0,1,2.772642422
108860,-0.678034103,-0.500141749,0,0,0,1.309105262
108861,-0.661187852,2.648581246,1,0,1,5.671294164
108862,-0.5724975,-1.053083585,0,0,1,4.183044536
108863,0.557300668,-0.681378925,0,1,0,2.682603506
108864,0.526376823,-0.934078626,0,1,1,5.09221971
108865,1.13563217,0.24914853,0,0,1,9.021039388
108866,0.149715149,-0.676994116,0,1,0,3.003051494
108867,0.89571497,-1.192491141,0,1,0,2.904413754
108868,0.035395228,-0.363607782,0,0,1,6.273904936
108869,0.641266599,0.567825162,1,0,0,4.006877673
108870,-0.945983703,0.184459109,0,0,0,2.208678904
108871,-1.048531869,-0.007234573,0,1,1,6.407153675
108872,0.52464056,0.075611574,0,1,0,3.112015314
108873,-1.101897169,1.27686702,0,0,0,3.162795542
108874,-0.640721572,1.259837526,0,0,1,5.630644975
108875,0.566672029,-0.942481446,1,1,0,2.726345744
108876,-0.920597737,-0.900698542,0,1,1,5.422702363
108877,0.920823312,-1.670823374,0,0,0,2.775215927
108878,-0.959356692,-1.23912483,0,1,0,1.014178138
108879,0.735232339,0.369490915,0,0,1,7.194184025
108880,-1.778170833,0.131172482,0,1,1,6.336275826
108881,-0.334946576,0.25084185,0,1,1,6.328538382
108882,1.928453415,0.123096768,0,0,0,4.817212094
108883,-1.927619397,-2.079001442,1,1,0,-0.988507772
108884,-0.379884008,0.381705024,0,0,1,5.795114258
108885,1.09637943,0.002936487,0,1,0,4.041224412
108886,-1.045123893,1.508732268,0,0,1,7.015139275
108887,0.769875213,0.537214898,1,0,1,7.918751953
108888,0.684765465,-2.251905574,1,1,1,2.827059724
108889,0.385628948,1.287857169,0,1,0,3.787630059
108890,0.056685149,-2.184930795,1,0,0,1.749306198
108891,-3.299664876,-0.473061557,0,0,1,12.6055454
108892,-1.011195326,1.216544277,0,0,0,2.723868511
108893,0.234664599,0.852876194,0,1,0,4.884699054
108894,-1.34784694,-0.880408217,0,1,1,4.750089506
108895,-1.057046001,0.425165176,1,1,1,6.326562919
108896,0.359004024,-0.15831525,0,1,1,6.405955157
108897,0.388878897,1.104465422,1,0,0,4.168339601
108898,1.236329219,-0.172125074,0,0,0,4.338747804
108899,-0.995675284,1.801852496,0,1,0,3.98637489
108900,0.545055931,-0.193523589,0,1,1,6.798378256
108901,0.653790507,1.012342842,1,1,1,8.143918569
108902,0.783779878,0.185956633,0,0,0,4.130404527
108903,0.291595811,-1.110018252,1,1,1,4.927939422
108904,-0.302251384,0.274494067,0,0,0,2.815685169
108905,0.309558352,-1.035503747,0,0,1,4.71070662
108906,0.545342584,-0.030981335,1,1,0,3.754090449
108907,1.580873728,1.564149179,0,1,0,5.722942596
108908,0.408411157,1.293126943,1,1,1,7.239108579
108909,-0.386828226,-1.360342085,1,0,0,1.268408778
108910,-0.222833632,1.614545533,0,0,1,6.820321496
108911,0.077304611,-1.630726264,1,0,1,2.501887137
108912,-0.54854642,1.744190573,0,0,1,6.884357088
108913,1.713877386,-0.267487148,1,1,1,10.0307952
108914,-0.707708544,1.52069323,1,1,0,4.107303843
108915,0.317077013,0.903459858,0,0,0,4.124757679
108916,0.034053315,2.057559042,0,0,0,4.683072887
108917,-0.064194999,0.099969587,0,0,1,5.863617421
108918,1.014241061,-0.553084292,0,1,1,7.130653675
108919,-0.707133758,1.245847899,0,1,1,6.55440614
108920,0.773087008,1.445128258,1,0,1,6.86364395
108921,0.81171061,0.728899512,0,0,0,4.226858432
108922,0.789160302,-0.458470842,0,0,0,3.903554731
108923,-0.141499069,-1.16912333,0,1,0,1.895708307
108924,0.217717319,1.211927201,1,0,1,7.458073924
108925,1.425137915,0.275749396,0,1,0,5.326124577
108926,0.919967146,-0.525302559,1,1,0,3.787049098
108927,0.68972425,0.138831384,0,1,0,3.706166632
108928,-0.679043371,2.01288139,1,1,0,4.866235646
108929,0.763194355,1.420359181,1,1,1,8.478633436
108930,-0.623680342,0.287001712,1,1,1,6.136955208
108931,0.117360852,-0.097303365,1,1,0,3.047943874
108932,0.622411687,0.090708814,1,0,1,6.501637255
108933,-0.482743815,1.90617655,1,1,1,6.829574539
108934,-1.162737535,-1.699807241,0,1,1,3.043830827
108935,1.585619511,-0.520088227,0,1,0,4.168944297
108936,-0.802199324,2.355578051,0,0,1,6.792103312
108937,-0.425980104,0.665913514,0,1,0,3.309000104
108938,-0.786455741,-1.907850003,0,0,0,-0.115609603
108939,0.570517327,-0.983636831,0,1,1,4.97557526
108940,-0.683203861,-1.619620092,1,1,0,0.987156947
108941,-0.190855435,0.050069701,0,0,0,3.571736909
108942,-0.317535089,0.277433965,1,1,0,3.161003279
108943,0.602805737,1.810055463,0,1,1,7.909629222
108944,-0.837349011,-0.188228741,0,0,1,5.480771645
108945,1.202570884,0.91163504,0,0,0,5.61753676
108946,-1.027785966,-1.696882138,0,1,1,2.808444989
108947,0.519726449,-0.217383567,0,0,1,6.696599139
108948,-0.535027977,-0.682463699,1,1,1,4.382064141
108949,-0.772663365,1.942283909,1,0,0,3.306194816
108950,-1.095462934,0.388388233,1,0,1,7.498901332
108951,-0.412923102,0.50851037,0,1,1,6.405718573
108952,-1.74855988,-1.131405283,1,1,0,0.238453029
108953,0.963955365,-0.2234499,0,0,1,7.235022908
108954,-0.865812271,0.348981472,1,0,1,5.873724255
108955,0.627443644,0.358415172,0,1,0,4.516904951
108956,-0.425354365,0.599286267,1,0,0,3.000371096
108957,-0.919208124,0.678022246,1,1,1,6.720461879
108958,0.878670266,-1.651946528,0,0,0,2.263569597
108959,1.237507571,0.448239543,0,0,1,9.01265331
108960,-0.329049451,0.204487684,0,1,1,6.704063162
108961,-0.109790056,1.351854855,0,0,1,6.421247694
108962,-0.050409906,-0.008557504,0,1,1,5.928200683
108963,0.973708138,-1.511818289,0,1,1,5.931491245
108964,-1.639959759,0.159131948,1,1,0,1.480274779
108965,-0.695007071,0.115343914,0,1,0,3.129702106
108966,0.508123379,0.375499004,1,1,0,3.338288847
108967,0.349651516,0.466989646,0,1,1,5.755613059
108968,-0.483531929,-0.978804763,1,1,0,1.932766372
108969,-0.966600947,-1.610230921,0,0,0,0.086274149
108970,0.43362715,-0.270032704,0,1,0,3.159991023
108971,0.01506524,-0.1343347,1,1,1,6.637422558
108972,-0.058114234,-0.42954394,1,1,0,2.151212357
108973,0.171322423,0.014259582,0,1,0,3.275000489
108974,-1.338939645,1.60648827,1,1,1,7.634285525
108975,1.728349604,-0.108903557,0,1,0,5.166076162
108976,-0.82090814,0.369659604,0,1,1,5.737140604
108977,-1.179295751,0.296102769,0,1,1,6.720067518
108978,0.244166805,-0.378614707,0,0,0,2.468203425
108979,-0.125186763,0.412763176,0,1,1,5.77229808
108980,0.058891135,-0.912039397,0,1,0,1.53931086
108981,-2.751647327,-0.171071852,1,1,1,10.1723315
108982,0.048030255,-0.747252446,0,0,1,5.571351878
108983,2.644362218,0.867280309,1,0,1,16.52308103
108984,2.503536731,-0.048700796,1,0,0,5.196029172
108985,0.956240935,0.514694819,0,1,0,5.592244672
108986,1.115950748,-0.961706394,0,0,1,6.873267824
108987,-0.176056153,1.03199059,1,0,0,2.578614571
108988,-0.028141022,0.373379064,0,0,1,5.582079199
108989,1.523983924,0.162087425,0,1,0,5.069581791
108990,-0.984227833,1.15455323,1,1,0,2.558926872
108991,0.893939735,0.996481167,0,1,1,8.923975518
108992,0.95794069,-0.822501892,0,1,1,7.127933467
108993,1.403862012,-0.359804367,0,1,0,4.261722299
108994,-0.030839085,-0.944353913,0,0,0,2.091594185
108995,-0.587078053,1.842425601,0,0,1,7.66500906
108996,0.374291555,-0.461820948,0,1,1,6.351441472
108997,-1.246958918,-0.757326451,0,1,0,0.518550247
108998,-0.281953603,-0.357458729,1,1,0,2.653523836
108999,1.096601234,0.665650556,0,1,1,9.119650248
109000,-1.209075544,-0.076537067,0,1,0,2.050511476
109001,2.085372055,0.311291134,0,1,1,12.32232875
109002,0.248524878,0.34937544,0,0,1,6.561072513
109003,-1.401478117,-0.602003273,0,0,1,5.552841772
109004,0.679212147,-1.26855659,0,0,0,2.698620732
109005,-1.167287892,0.106241373,0,1,1,5.528364584
109006,-0.437861782,0.097667763,1,1,0,2.452136233
109007,0.442912153,0.637769316,0,1,1,7.441325504
109008,-1.394888042,0.598621485,0,0,0,2.071408556
109009,-0.64347885,-0.81553691,0,1,0,1.327515973
109010,-0.432928094,-0.726780725,0,0,0,0.709578536
109011,1.073126708,-2.148348597,0,1,0,2.131630337
109012,1.46239393,0.315973511,0,0,1,10.1138593
109013,-1.100889098,0.316302629,0,1,0,3.327621731
109014,3.290606621,1.129538656,0,1,0,7.452716757
109015,-1.216757028,1.354288178,1,1,1,6.523713244
109016,1.128923579,0.661999416,0,0,1,9.11124925
109017,-0.936768587,-1.545697641,0,1,0,0.413318117
109018,1.355407854,-0.031699106,0,1,0,3.929257274
109019,-0.53843313,-0.79144633,1,1,0,0.993048063
109020,0.043874636,1.7529132,0,0,1,5.862347939
109021,-0.560833632,0.974572423,0,0,1,6.299203278
109022,-1.833858835,-0.754915506,0,0,1,7.028391564
109023,0.672300973,0.82549463,1,0,1,7.085906261
109024,0.970769638,-0.581139698,1,1,1,7.248429718
109025,-1.028675945,-1.743688883,1,0,0,0.420236468
109026,-0.022012855,-0.437022027,0,1,1,5.784637248
109027,0.374945098,0.529157276,0,0,1,7.693606646
109028,-1.393449463,-0.449263888,0,0,1,5.510098123
109029,1.206279801,0.708679799,0,1,1,9.604323889
109030,0.595149804,1.171351091,1,1,1,7.698270197
109031,0.526641469,-1.300709108,0,1,0,2.00195941
109032,1.449563364,1.18623478,1,1,1,10.37649168
109033,-0.635398128,-1.590084225,1,1,0,0.267083974
109034,-0.48154721,1.301228614,1,0,1,5.605396916
109035,2.047181594,0.272138518,1,0,1,12.266613
109036,-1.702289177,-0.332570794,0,0,0,0.575676319
109037,1.244300312,0.572129509,0,0,0,4.705269991
109038,1.288112268,2.24715371,0,1,1,10.03758147
109039,1.084276183,-0.70646793,0,0,0,2.622826483
109040,0.481483742,1.302501841,0,1,1,7.442753701
109041,0.193476532,0.891855918,1,0,0,4.28255779
109042,0.583623665,0.538023611,0,1,1,7.085645465
109043,-1.678433377,-0.590441334,0,0,0,0.737712805
109044,-0.436627814,0.711018535,0,1,0,2.984425586
109045,0.552928424,-2.042530186,1,1,1,4.234483924
109046,0.984060608,1.333874907,0,0,0,5.647229301
109047,0.057973244,0.331896128,0,1,0,3.268016845
109048,0.385001152,-1.013630043,0,0,1,5.291018429
109049,-1.073878689,0.722382865,0,0,1,5.660213434
109050,-1.071855589,-0.168283244,0,1,1,5.915983585
109051,-1.445547752,-0.417987789,0,1,1,6.19429161
109052,0.342475264,-1.069638967,0,0,0,3.06141695
109053,1.796757561,-1.923725629,1,1,1,8.769375271
109054,-0.940462447,0.279640479,0,1,0,2.508649827
109055,-1.080558404,-0.285645972,0,1,1,5.913703811
109056,0.038152526,-1.291100436,1,0,1,4.101067024
109057,1.873796346,0.048640045,0,1,0,4.454394174
109058,0.136431105,1.019830128,0,1,1,6.812617206
109059,0.708606334,-0.786234577,0,1,1,5.694767934
109060,-1.085045563,0.136194999,1,1,0,2.21489574
109061,0.415497974,-0.074490161,1,1,1,7.141883056
109062,0.530733852,1.063813193,1,1,0,5.064560617
109063,0.238116936,2.64592263,0,0,0,6.177166115
109064,0.119929647,0.716913273,0,1,0,4.657425832
109065,-1.484634907,-1.166781294,0,1,1,4.634753894
109066,0.276760503,-0.24795181,1,1,1,6.261651245
109067,0.066552066,-0.46824338,0,1,1,4.981816177
109068,0.571343387,1.191131602,0,1,0,4.306601525
109069,1.432495918,-1.157017522,0,1,1,8.166649075
109070,0.811023135,1.590604374,0,0,0,5.540597379
109071,0.668191917,-0.800499193,0,0,1,5.983784475
109072,1.197078041,-0.477728632,0,1,0,3.550875862
109073,-0.550173648,-0.882573217,0,0,1,4.854231444
109074,-0.424272683,0.337973213,1,1,1,6.101928912
109075,-1.252259044,0.641434634,1,1,1,6.385666108
109076,0.505878236,1.062657446,0,0,0,4.879801691
109077,-0.462973087,-0.762027867,1,1,0,1.557763915
109078,-0.459916516,0.35266008,1,0,0,2.994749721
109079,-0.388205679,0.217781876,1,0,0,1.552785047
109080,0.463437926,-0.033042664,0,0,0,3.637219761
109081,-0.59084356,-0.151986028,0,1,0,2.622688048
109082,0.323103742,-0.92492966,0,1,1,5.671463751
109083,-0.024172743,-2.402759137,0,0,0,0.770186297
109084,-1.927104438,-0.072650841,0,1,0,2.109995987
109085,-1.737672948,1.154622493,1,1,1,8.052465574
109086,0.057096848,1.510373721,1,1,1,6.87264131
109087,1.804231877,-1.118412441,0,1,1,9.422859346
109088,0.434612958,-1.321870253,1,1,1,5.062473779
109089,0.081513517,-0.997429936,0,1,1,4.295759961
109090,-1.455800057,-1.19888014,1,0,1,4.191071077
109091,0.848812229,-0.71130045,0,1,0,3.687066491
109092,-0.448172788,1.506425786,0,0,1,6.166518878
109093,-0.693787018,0.142650149,0,1,1,5.423023157
109094,0.417384401,0.876879454,1,1,1,6.919170377
109095,-1.74740098,1.238830185,0,1,0,2.436558628
109096,1.030147327,1.428020063,0,0,0,5.214003189
109097,-0.77872683,0.03507084,1,1,1,6.392813196
109098,1.596971993,1.108199469,0,0,0,5.883159516
109099,0.352834058,-0.002623166,0,0,1,6.255411247
109100,-0.977499584,-1.068368306,0,0,0,1.175359203
109101,1.085518436,0.184295779,0,0,1,7.853961278
109102,-0.591936088,-1.951179275,0,1,0,0.058922005
109103,1.253056859,-0.501793671,0,0,0,3.767438587
109104,-1.685535393,1.084770789,1,1,1,8.705649697
109105,0.946231046,-0.259497364,0,1,1,8.241915801
109106,-0.73799481,-0.202461497,1,1,0,2.145715939
109107,-1.366324317,1.577188803,0,0,0,2.534616246
109108,-0.368158101,-0.225763038,1,0,1,5.672104025
109109,0.268916157,-0.79003897,0,1,1,5.721848747
109110,1.231454092,0.095116503,0,1,1,9.057051054
109111,-1.007763825,-1.105260569,1,1,0,1.349249523
109112,0.799372712,0.827055103,0,0,0,4.780898518
109113,-0.548241477,-1.478814943,1,1,0,1.294046059
109114,-0.866430997,-0.488183994,1,0,0,2.112520056
109115,1.976324081,-0.493280157,0,0,1,12.41305118
109116,-1.213292279,0.118994016,0,1,0,1.589966043
109117,-1.546758691,-1.294914547,0,1,1,4.909486681
109118,-0.660391826,-1.647936688,1,1,0,0.681045926
109119,0.512007615,0.344163697,1,1,1,7.742498778
109120,1.107802217,-1.401924005,0,1,1,6.00913848
109121,0.788460825,-1.609987111,0,0,1,4.739338826
109122,0.564787854,-1.051931009,1,0,1,5.711700057
109123,-1.446117946,0.198811266,0,1,1,7.006512537
109124,0.783965291,-1.663408771,0,1,1,4.873637795
109125,-0.761064643,0.213317835,1,1,0,2.214407514
109126,-1.488387067,-1.762475029,0,1,0,-0.176495641
109127,-0.209555805,1.455444997,0,1,1,7.057283211
109128,0.284696681,-0.326224295,0,0,1,5.211843324
109129,0.332883166,0.688055767,0,0,0,3.439492144
109130,-1.275768859,-0.617201756,1,1,1,5.115855569
109131,-0.798822142,0.866875258,1,1,1,6.886698456
109132,-0.127787207,-0.113580594,0,0,0,3.042965309
109133,1.280792839,0.395430091,1,0,0,4.729390535
109134,-0.444066631,1.766724818,0,1,0,3.753797334
109135,1.463422532,-0.502081929,1,0,1,9.228110442
109136,-0.754034552,-1.867725184,0,0,1,3.154908612
109137,-2.285003924,0.256144482,0,0,0,1.438465434
109138,-1.136337549,-0.455409469,0,1,0,1.986829557
109139,-0.710022402,0.975659522,0,1,0,3.217277391
109140,-0.682192017,0.397550417,0,0,0,2.932718312
109141,-0.805401165,0.671267665,0,0,0,4.064450618
109142,-0.118135935,0.330240307,1,0,1,6.634359216
109143,-0.804294791,-1.11280341,0,1,0,0.918338903
109144,-1.093904805,-0.296319263,1,1,1,6.011833147
109145,-0.427700567,0.57460242,0,0,0,3.342251928
109146,-0.777610899,-1.337689884,0,1,1,3.416249236
109147,-0.312734508,-0.834959848,0,1,0,1.641281173
109148,-0.901464201,1.108553398,0,0,1,7.347465108
109149,1.249699206,0.292034824,1,1,0,3.817249625
109150,-2.508054359,1.188190949,0,1,1,10.0944188
109151,-1.277644739,-1.232390733,0,0,1,3.432264521
109152,-0.365942498,0.954277403,0,0,0,4.418820855
109153,-1.035068463,-1.404987813,1,0,1,4.283289891
109154,0.976799634,0.793749058,0,0,0,4.471129172
109155,-0.434541248,0.388871941,1,0,1,5.62735406
109156,1.142777485,0.814490752,0,0,0,5.025712508
109157,0.733537191,0.612236618,0,1,1,7.662473466
109158,1.979466183,-0.461093159,0,0,1,11.47878649
109159,0.830132849,0.035274875,0,1,1,7.892900003
109160,0.415468033,-0.431716324,1,1,0,2.83372603
109161,0.549463991,0.448833758,1,1,1,6.372890119
109162,-1.036517924,-0.334053454,1,1,1,5.90815009
109163,1.243408281,-0.688565192,0,0,1,7.638082161
109164,0.133510148,-0.988881739,1,1,1,5.399214064
109165,-0.211096871,0.472294551,0,0,0,1.745937793
109166,-0.718708487,0.980289164,0,1,1,5.428019884
109167,-0.83427438,1.35210341,0,1,0,3.475493586
109168,1.315658394,-1.867940755,0,0,1,5.757502776
109169,1.098598432,0.078289407,0,1,1,8.759559841
109170,0.18365624,-1.211149124,0,1,0,2.382173937
109171,1.346102807,-0.19068977,0,1,0,4.548960653
109172,0.665854505,-0.958496819,1,0,0,2.643729286
109173,-2.49958177,0.071596319,1,0,1,9.836870394
109174,0.319589038,-1.133665442,0,1,0,2.216575142
109175,0.229605565,-0.72381623,1,1,1,5.788241357
109176,-1.620923886,0.650195636,0,1,1,7.168688724
109177,0.451486039,-1.291366362,0,1,0,2.105784235
109178,-0.670479784,-1.09789615,0,1,1,3.500619981
109179,2.0034382,0.213501428,0,0,0,5.935447696
109180,2.137406692,-0.279689786,0,1,1,11.80373486
109181,-0.293564429,-1.143139081,1,0,0,1.749153416
109182,1.395875755,-0.191303372,1,1,1,9.093537539
109183,-0.385516023,0.11000873,0,0,0,2.145532079
109184,-0.587662639,-0.209193567,0,1,0,2.307956217
109185,-0.68187441,0.85439247,0,1,0,2.706177974
109186,0.406143562,0.917425697,0,1,1,7.3441255
109187,-1.208251461,-0.707874538,0,1,1,4.904946335
109188,-0.917622532,-1.451290574,1,0,1,2.680675251
109189,0.031057777,0.173298591,1,0,0,3.612130936
109190,2.685535657,-0.020349906,0,1,0,5.153222315
109191,1.224208321,-0.18043398,1,1,1,9.387107318
109192,1.463042417,-0.765790141,0,1,0,3.799203102
109193,0.589906616,2.089768102,0,1,1,7.69789568
109194,1.270988767,-2.169304685,0,1,1,5.521874801
109195,-1.143690769,-0.623381596,0,1,0,2.366526573
109196,0.072546546,-0.447576565,0,0,0,2.331721958
109197,-1.084116804,0.002980702,0,0,0,1.758516999
109198,-0.409719127,0.191844308,0,1,1,5.922547057
109199,1.514856569,-1.039913824,0,0,0,3.890543223
109200,-1.428522449,-0.804163511,0,0,0,0.417414948
109201,0.722008062,-0.499164724,1,0,1,6.81374819
109202,-1.486446057,0.702681382,0,0,1,6.980000604
109203,-1.377730586,0.284055376,0,1,0,1.983037878
109204,0.155093417,-0.209875224,0,1,0,2.700599977
109205,-0.527818601,-0.565055071,1,0,0,2.170531082
109206,-0.111918208,0.473725063,1,0,1,6.558814729
109207,0.781324691,1.09401522,0,1,1,8.401873356
109208,-0.866347314,0.61850199,0,0,0,3.222134414
109209,2.199403018,-0.119012957,0,1,0,4.358575527
109210,-0.31916307,-0.226954476,1,1,1,5.543781558
109211,0.7437677,-1.276128639,1,1,0,3.188051491
109212,-0.23275486,0.265922016,0,1,0,2.45239102
109213,1.207056815,-0.093142613,0,0,1,7.947805551
109214,-0.432099607,-0.635365467,1,0,0,1.833381349
109215,-0.984893999,0.35389965,0,1,1,6.80511992
109216,0.498181869,-1.344061609,0,0,0,2.684301323
109217,1.751395566,0.653019134,0,0,0,6.048130788
109218,-1.123273989,-0.122044475,0,0,0,2.339272047
109219,0.138681094,0.199061596,0,0,0,3.563276501
109220,-0.563944993,1.21599463,1,1,1,6.437838117
109221,0.442581612,2.055610489,1,0,1,6.552032613
109222,0.152559362,-0.781800259,1,1,0,2.668483732
109223,-1.125173261,-2.076327444,1,1,0,-0.027790743
109224,0.749000925,0.561999387,0,0,0,5.401802975
109225,-0.564282087,-0.504344003,0,1,0,2.31706391
109226,-0.877516572,0.704149893,1,0,0,2.405852333
109227,0.342301248,1.614316561,1,1,1,8.188578148
109228,1.079373744,0.357929751,0,0,0,3.814828079
109229,-0.431275382,0.424073123,1,0,0,3.447745148
109230,1.639512768,-1.197632217,0,1,1,8.179004617
109231,-1.118842829,0.205918618,0,1,1,5.883871608
109232,1.910255349,0.761815224,0,0,1,11.68961748
109233,-0.154751083,-1.268347608,0,1,1,3.640757503
109234,0.53366068,0.013348673,1,1,1,7.191515012
109235,-0.430547822,-0.677193951,1,1,0,1.888363728
109236,-0.272754346,-1.612524023,1,1,1,3.229827775
109237,0.623960701,-1.296785493,1,1,0,2.111823294
109238,-0.214405408,0.305499898,0,0,0,3.219390104
109239,-1.909883525,0.529913067,1,1,0,1.576363797
109240,0.035380924,-0.063643504,0,0,1,6.151332971
109241,2.507279329,-0.9874051,0,1,0,5.188800101
109242,0.421520366,-0.855658474,1,0,1,5.513533278
109243,0.73241626,-0.118419232,0,1,0,3.997263409
109244,0.269055311,-0.226400585,0,1,0,2.732040544
109245,-0.195117707,0.352562035,1,1,0,2.899998671
109246,0.795027276,-1.801195231,0,0,1,5.310774484
109247,-0.404457689,-0.925623342,0,0,1,4.290612332
109248,-1.039875967,1.714262814,0,1,0,3.968822526
109249,1.111515714,-0.834463982,1,0,0,2.699865282
109250,0.282952284,-0.053210224,0,1,0,2.72484768
109251,-0.743063279,-0.658342301,0,0,0,1.782611821
109252,-0.332421209,2.261997437,0,1,0,4.901081796
109253,2.531280367,1.107165398,0,1,1,15.5341288
109254,0.410065735,-1.258439254,0,1,0,1.522073464
109255,1.014210263,-1.592726783,1,0,1,5.094830858
109256,-0.240494388,2.341840458,1,0,0,4.805064328
109257,2.360510407,0.791983966,0,1,0,6.306379512
109258,-0.887127636,1.10074432,0,0,0,2.282246773
109259,1.341457577,0.04696047,0,0,0,4.584238887
109260,1.067267037,0.172860199,0,1,1,9.213866631
109261,-0.881014763,-2.592684698,0,1,1,1.248656665
109262,-0.468818897,-0.53277047,0,1,1,4.662615016
109263,1.006756412,-0.134422831,0,1,0,3.579992211
109264,1.685821849,0.088917144,1,1,0,4.944375769
109265,-0.386275065,1.649417487,0,1,0,3.788685304
109266,-0.133105672,-0.580292873,0,1,0,1.587555687
109267,-0.63601621,-0.836815615,0,0,0,1.254590605
109268,-0.111372315,-0.519083803,0,0,0,1.610517593
109269,-1.264754507,-1.129844304,0,1,1,4.547827505
109270,0.581534476,0.066681996,0,1,1,6.992251477
109271,-0.646704635,-0.794202276,1,1,0,1.964769026
109272,1.322647865,-0.788287666,0,1,0,3.220324739
109273,-0.418356776,0.145401173,1,0,0,2.274384057
109274,-0.789550442,-0.944345973,0,1,1,4.276082062
109275,0.022087474,1.556929389,1,1,0,4.754728405
109276,-1.161595966,-0.049023634,1,0,0,2.641442673
109277,0.014777291,1.029733278,0,0,1,5.999377308
109278,1.620189185,-0.234167715,0,0,0,4.252113144
109279,-0.347656354,-1.026865327,1,0,1,4.278836216
109280,0.16217101,0.281990471,0,0,1,6.235585172
109281,-1.462631261,1.19302303,0,0,0,2.935497111
109282,-1.286745997,1.089962259,0,1,1,7.413675182
109283,1.208679544,0.20014019,0,0,1,7.375600304
109284,0.375136024,-0.060852818,1,1,0,3.16276299
109285,-0.173491226,0.531300983,0,0,0,2.896701306
109286,1.147970854,-1.939988554,1,0,1,4.894512592
109287,-0.958126873,-0.329318643,0,0,0,1.932113707
109288,-0.471307984,1.230760092,0,1,1,6.626466436
109289,0.191987022,-3.04976798,1,0,1,1.306625063
109290,0.610232977,0.30471049,0,1,1,7.016318406
109291,-0.730507521,0.419640232,0,1,0,2.727028872
109292,0.64288976,1.031336236,0,1,1,7.585233043
109293,1.030902387,-1.292682228,1,1,0,2.154361904
109294,1.459452609,-0.582237112,0,1,0,4.388449835
109295,-0.086542559,0.96692713,0,1,0,4.122974999
109296,-0.104730268,1.535565016,1,1,1,6.659234511
109297,-0.069895912,-1.604539546,0,1,1,3.440415195
109298,1.090518406,-0.68612784,0,1,0,3.209175223
109299,2.007147867,1.210772699,0,1,0,5.759323377
109300,1.322791393,1.338519178,0,1,1,9.202370338
109301,-0.00786069,-0.069139226,0,1,0,3.219583723
109302,-0.827526806,-0.656939009,0,1,0,1.569217463
109303,-0.565866021,-1.124297184,0,1,1,4.412111925
109304,0.352303415,0.86582206,0,1,0,3.822626907
109305,-0.091099337,-2.147386933,0,0,0,1.367268973
109306,1.379908309,-0.821722964,0,1,1,8.223041161
109307,0.328946258,-1.762721329,0,1,0,1.726641918
109308,-0.548558596,-1.019708256,0,1,0,1.336910348
109309,0.029793082,0.661539598,1,1,0,3.840164517
109310,-2.470085506,1.151613452,0,1,0,1.369171916
109311,1.530729304,0.373684235,0,0,0,5.236613886
109312,0.828769257,-2.085148826,0,1,0,1.619920509
109313,0.329821807,-0.369830496,0,1,1,5.851014361
109314,-0.20396695,0.61314415,0,0,0,3.160549782
109315,0.480691886,0.17308714,1,1,1,6.964791611
109316,-0.307216843,-1.001896976,0,1,1,4.756995166
109317,-1.505115398,-0.589528936,1,1,0,1.103026673
109318,-0.483772118,-0.982045474,0,0,0,0.971805503
109319,-1.010586512,0.953373133,0,1,0,2.497539011
109320,0.900080572,1.495236589,0,0,1,8.800073241
109321,1.035481638,1.131928921,0,1,1,8.630395379
109322,-1.120704661,-1.020599463,1,1,0,0.405766356
109323,-0.195693772,0.98248535,0,0,0,2.874975674
109324,0.283881094,-0.134193496,0,1,0,2.683701862
109325,-2.48504448,-0.054593771,0,1,1,9.990963786
109326,-0.280399034,0.229440851,0,1,1,4.817085936
109327,0.35225437,-0.387800608,0,1,0,3.497417778
109328,-0.583296663,-0.588028984,0,1,0,1.448220534
109329,-0.299630831,1.418689656,0,0,0,3.931397083
109330,-0.519842414,0.597329279,0,0,0,3.136945582
109331,-0.188761389,1.264904879,0,0,1,6.931438181
109332,0.201111316,-1.375146225,0,1,1,3.831499183
109333,-0.415346108,-0.594387044,0,0,1,4.868809714
109334,-1.110269556,-0.474550654,0,1,0,2.423619756
109335,-0.025737609,0.943609267,0,0,1,6.181654426
109336,0.620981492,0.135989178,1,0,1,7.178372802
109337,0.746086071,-0.85372314,0,1,1,5.997656562
109338,0.401391327,1.354621057,0,0,1,7.221797583
109339,-0.396968094,-0.104360753,0,0,0,2.605796909
109340,-0.600104396,-0.092736301,0,1,0,1.99272318
109341,1.411092309,0.396117941,0,1,0,4.988003295
109342,0.013120108,1.018324772,0,0,0,4.097466387
109343,0.230400707,-0.485791708,1,1,0,1.864252902
109344,0.970047676,-0.588662489,1,1,1,6.891083588
109345,0.917959984,0.079378985,1,1,1,7.872428489
109346,1.813380206,1.122195371,0,0,1,11.42252187
109347,0.045008386,-2.927770619,0,1,1,1.726304961
109348,2.043975293,-0.098829719,0,1,1,10.98176316
109349,0.27697343,-0.193149167,0,1,0,3.268938459
109350,-0.862012906,0.774859813,0,0,1,6.508837345
109351,-0.221975131,-0.953981361,0,1,1,4.72329008
109352,-0.33801872,-0.512082691,0,1,0,1.93977308
109353,-0.029979856,0.135647399,0,1,1,6.342432357
109354,0.273028177,-0.025337676,0,1,1,7.150429729
109355,-1.76441778,0.084163831,0,0,0,0.894982734
109356,0.539962565,0.147420922,0,1,1,6.791719969
109357,1.504644792,-0.344588392,0,1,0,4.883740381
109358,-0.713928,0.99974553,0,0,0,2.335021278
109359,-0.558561801,-1.033556523,0,1,1,5.036073491
109360,0.275928612,-0.788106243,0,1,0,1.784739453
109361,1.536606753,0.713339415,0,0,1,11.09276707
109362,-0.452236224,-0.85364607,0,0,0,1.880072713
109363,-1.462193727,-0.111342007,0,0,1,7.380646682
109364,0.762182515,1.01511489,0,1,0,5.124796861
109365,0.859686668,1.515104547,1,1,0,4.966920292
109366,2.105250312,1.448667109,1,1,0,6.221552806
109367,0.994301383,0.429538298,0,0,1,8.248281368
109368,0.09777875,-0.930908516,0,0,0,2.34604321
109369,0.740825833,-0.463344151,1,1,0,3.361480434
109370,-1.529651814,-1.82666074,1,0,0,-0.668724543
109371,0.160765616,-0.664637857,0,0,0,2.408175899
109372,0.209262791,-1.11323862,0,1,0,1.621429542
109373,-1.730032541,1.416735375,0,0,0,2.713231988
109374,0.638157474,1.647700764,1,0,0,5.304463709
109375,0.899245793,-1.152947336,1,1,0,2.945971653
109376,1.309917108,-0.943381783,0,1,1,7.581086323
109377,1.668910421,-0.867971256,1,0,1,9.106662866
109378,-0.861564078,0.665293382,1,0,1,6.056596146
109379,-1.112005883,1.820410914,1,1,1,6.739916341
109380,-1.948603104,1.163641823,1,0,1,7.414541363
109381,-0.171445808,0.41381529,1,1,0,3.036078161
109382,-0.862263232,0.628521523,0,0,0,4.460058689
109383,0.792997758,1.121116354,1,0,0,5.059999975
109384,-1.151549055,1.970674291,1,1,0,3.415562804
109385,1.779060921,0.469080746,0,1,1,12.25005219
109386,-0.326625432,-0.012771796,0,1,1,5.754520561
109387,0.598071302,-0.967710959,0,0,0,2.844633345
109388,-0.528646233,-0.629650745,0,1,1,4.482256069
109389,-1.118518747,0.214883397,1,1,0,1.87403864
109390,1.115209661,-0.193817918,1,1,0,4.321889516
109391,-0.037538104,0.509998175,1,0,1,6.745292991
109392,0.241395,0.580366867,0,1,1,6.545827643
109393,0.016901983,0.617984753,0,1,1,6.575267622
109394,0.466012927,-1.301100753,0,1,0,1.924248238
109395,-0.737286615,-0.343692247,0,1,0,1.216945464
109396,1.353919809,-0.78668097,1,1,0,3.668291269
109397,-0.812116424,1.381016208,1,1,0,3.594294755
109398,0.819332149,1.61133619,1,0,1,8.060822135
109399,-1.734205607,0.029421965,1,0,0,1.986030097
109400,-0.167167536,-2.057766713,0,0,1,1.865410967
109401,1.815393564,0.21712683,0,1,0,4.871395251
109402,-2.048563817,1.196528513,0,1,0,1.613268173
109403,2.211976249,-0.494450715,0,1,0,4.550909892
109404,0.86441657,0.675065385,1,0,1,8.562011863
109405,2.479767279,2.372826668,0,0,1,16.04635072
109406,-1.093355065,1.767811511,0,1,0,3.98364813
109407,-0.739199661,0.709320748,0,0,1,6.218035301
109408,0.054423139,-1.34171589,0,0,0,0.768986137
109409,-0.066774195,-0.979539124,1,0,0,2.0920604
109410,-0.114222728,-0.734591545,1,1,0,1.981181862
109411,0.233275365,1.184393432,0,1,1,6.566246099
109412,-0.220852013,-0.301740935,1,0,1,6.06250751
109413,0.608225726,-0.604710614,0,1,0,3.179969331
109414,-0.333962643,1.170223861,0,1,1,6.613290112
109415,0.109480834,0.377341584,1,0,1,6.678808628
109416,0.703914199,2.170777063,0,0,0,4.431728704
109417,-0.694498737,-0.498433335,0,0,0,1.50373503
109418,0.78126312,-0.517972171,0,0,0,2.402452854
109419,-0.318608019,1.638927836,1,0,0,4.117995205
109420,-0.378104708,-0.792329962,1,0,1,5.061234
109421,-1.858198324,-0.459945095,1,1,0,-0.162000398
109422,1.206867107,0.916414698,1,1,1,9.30450446
109423,-0.055086416,0.069164011,0,0,1,6.566609738
109424,0.985805541,-0.314945701,0,1,1,7.864301356
109425,2.130933184,0.951117867,0,0,1,12.78175003
109426,0.308689712,-0.801611519,1,1,0,2.470879955
109427,-0.3027026,1.724888883,0,0,1,6.305878382
109428,-0.13434795,1.106402105,0,1,1,5.636914648
109429,0.500246334,0.605195541,0,0,0,3.237387206
109430,0.885404418,-0.476994624,1,0,0,4.239831095
109431,0.220754773,1.421332039,0,0,0,5.364979611
109432,0.45439982,0.52875487,0,1,1,6.886353751
109433,0.233349308,-2.560167644,0,1,1,2.173805579
109434,1.868307196,1.413555079,0,1,1,11.61451439
109435,2.458682412,-0.271307096,1,0,1,14.02030968
109436,1.324196102,-0.814050469,1,1,1,7.691768497
109437,2.006382273,-0.154515967,0,0,1,13.06369884
109438,-0.629250389,2.294768345,0,0,0,4.506246984
109439,-0.238841071,1.315884745,1,0,1,6.668611699
109440,-0.316746234,0.032524032,0,0,1,5.254055675
109441,-1.319560682,0.420171989,0,0,0,1.426083707
109442,1.082404045,-0.498203507,0,1,1,7.777889226
109443,-0.066485886,0.734720551,1,0,1,6.120664469
109444,0.837894156,0.648805597,0,1,0,4.186929477
109445,2.927949929,-0.014436407,0,0,0,5.45868007
109446,0.096082,0.841040415,1,0,0,3.716752239
109447,-0.335496922,-0.397429973,0,0,1,4.810999858
109448,0.094651444,0.662600002,1,1,1,7.06975275
109449,0.540307899,0.153204633,0,1,1,7.563398638
109450,1.453217232,0.597589557,0,1,0,5.335491932
109451,-1.763731452,-0.603624203,0,1,0,0.781574928
109452,-0.376883604,1.224025406,1,1,1,6.412551522
109453,0.802865937,-1.090614817,0,1,1,5.591974355
109454,-0.323904225,-0.840187425,0,1,1,5.415762542
109455,1.623666854,-1.34333726,1,1,0,4.37535619
109456,0.736007806,0.287774765,0,1,0,3.636436795
109457,0.918600972,1.143750159,1,0,1,7.554360312
109458,0.510846686,0.266820294,0,1,0,2.872874786
109459,0.5878923,0.42767906,0,0,0,4.145589129
109460,1.480483309,1.929167064,0,1,0,7.369271449
109461,-0.383436664,0.554564305,0,0,1,6.103100694
109462,0.68036765,-0.241850938,1,1,0,2.857902416
109463,-0.815560717,-0.3432197,0,1,0,3.215568071
109464,-0.774801897,0.612006806,0,1,0,2.040440218
109465,1.332481752,-1.50527193,0,0,1,7.121312595
109466,-1.01404827,-0.276364431,0,1,0,1.812477468
109467,0.760518327,1.029630278,0,1,0,4.824334039
109468,-0.547569722,0.404933571,0,0,1,5.952510898
109469,1.009625099,-1.065480789,0,0,0,2.771741988
109470,-0.631800419,1.310888983,0,1,0,3.708460551
109471,-0.590968207,0.974311165,0,0,1,5.708188222
109472,-1.585975771,-0.062012712,0,0,0,1.90446009
109473,-1.686818405,-1.303318559,0,1,1,5.040207157
109474,-2.167365859,-0.45954981,1,0,0,0.357986483
109475,-0.213701797,1.380859383,0,0,0,3.579905671
109476,-0.72860943,0.638237292,0,0,1,6.377655774
109477,-0.674719552,0.948109227,0,1,0,3.149759827
109478,-1.23778628,-1.538361895,1,1,0,0.348572683
109479,-1.071105896,0.104187732,0,0,0,1.827404725
109480,0.088672158,-0.155079599,0,0,1,5.81891405
109481,-1.957924938,-0.856402229,0,0,0,0.283730781
109482,-0.156136581,-2.317435877,0,1,1,2.590823931
109483,-0.499275168,0.036033517,1,1,1,6.110292002
109484,-0.587587736,-0.356613314,1,1,1,5.437592046
109485,-0.473990943,1.11290761,0,1,0,4.084406879
109486,-0.071730419,-0.408553796,0,0,0,2.630977431
109487,-1.512882364,-0.538907215,1,1,1,5.398167292
109488,0.651812963,0.0120971,0,1,0,3.93051253
109489,0.786941185,0.808399394,0,1,1,8.247265773
109490,-0.810651421,1.01920184,1,0,0,3.209399889
109491,-2.158104742,-1.009766878,0,1,1,7.068967441
109492,-0.234918943,-0.42314115,1,1,0,2.293500084
109493,0.790377172,-0.693602919,0,1,1,5.511826339
109494,0.955229828,1.335697941,0,1,0,4.644880195
109495,1.323227146,0.933455901,0,0,0,5.497456391
109496,0.10931935,-1.26548266,0,0,1,3.849194549
109497,-0.721309573,1.711060949,1,1,0,4.574540893
109498,-0.122964065,1.57384762,0,1,1,5.806749134
109499,1.419829016,-1.135363196,0,1,1,7.605928226
109500,2.135091621,0.104441493,0,1,0,4.850578837
109501,-0.023683279,-0.389850531,0,1,1,6.219829389
109502,-2.513143089,-0.460937509,0,1,0,-0.09002601
109503,1.419580854,0.094551926,1,0,1,9.546871815
109504,-0.208309024,-0.68208748,0,1,0,2.277422304
109505,0.437229732,-0.960313991,0,1,0,2.802831394
109506,-1.248516069,-0.783729365,0,0,1,4.536760915
109507,-0.450727088,-0.216143741,0,0,0,1.431260981
109508,0.471984216,1.266790399,1,1,0,4.779631318
109509,-0.693251687,-0.240990699,1,0,0,2.319866501
109510,0.116247744,-0.558972802,0,1,0,2.35235196
109511,-1.010972948,0.495009323,0,0,0,2.512989391
109512,-1.491096857,1.337017788,0,0,1,7.20687214
109513,-0.434878357,1.639736095,0,1,0,4.152113154
109514,-0.032332342,0.081467652,1,1,0,2.097173701
109515,1.312269128,1.729090782,0,0,0,5.860099841
109516,-0.818946608,-0.446260117,0,1,1,5.015438453
109517,0.530732977,0.621371157,0,1,0,3.939033742
109518,-0.021274688,0.503064342,1,1,1,6.391057587
109519,-1.730742069,1.004452447,0,0,0,2.786463651
109520,-0.543843229,1.080068306,0,1,1,6.054702854
109521,-0.579011858,1.182514,0,1,1,6.521958247
109522,0.263546359,0.053371995,0,1,1,6.180432745
109523,0.488301452,-1.795036806,1,1,1,3.17510736
109524,0.139228794,0.207327073,1,0,0,3.725068485
109525,-0.251326445,0.03088051,0,0,1,5.35785029
109526,0.592409282,1.875688963,0,1,1,7.521185126
109527,-0.163453786,-0.688453098,1,1,0,2.523515541
109528,-0.735827698,-0.328435466,1,1,1,5.758048042
109529,0.914302095,-0.024783538,0,0,0,3.368369566
109530,-1.182528697,0.623058427,1,1,1,6.594168789
109531,0.678881797,-1.758608553,1,1,0,1.863239456
109532,-1.738820223,-0.772414237,0,1,0,0.843545772
109533,1.479707519,-0.973815797,0,1,0,3.888858394
109534,2.55129965,0.162045373,1,0,0,6.362946992
109535,-1.214922891,-1.24713444,0,0,0,0.66101567
109536,-0.463545235,0.63260581,1,1,1,6.386946259
109537,0.265785049,0.195732066,0,1,0,3.109647577
109538,-0.28192824,-1.098356034,0,0,0,1.465255279
109539,0.586721375,-0.32949138,0,1,1,6.035883974
109540,0.700544517,-1.689294483,1,0,1,3.791482841
109541,-1.049573372,1.139769316,0,0,0,3.327966316
109542,-0.103251667,-0.896619789,1,1,0,1.162413251
109543,0.024275233,0.75796205,1,1,0,2.846883312
109544,-1.306553395,-1.087028063,0,0,1,4.879474049
109545,1.064114766,-0.788546392,0,1,1,6.969449976
109546,2.635267472,-1.350389615,0,1,0,4.219245751
109547,-0.411805005,0.822971291,0,1,1,5.524273256
109548,0.503350572,-0.284429814,0,1,1,6.957188991
109549,0.839552796,-0.46450166,0,1,0,3.410454732
109550,-1.041536788,-0.208090034,0,1,1,5.59737023
109551,-1.360649457,0.026015077,1,1,0,2.407026185
109552,-0.989002794,-0.22048821,1,1,1,7.379263133
109553,-1.305150052,0.078149172,0,0,1,6.750920842
109554,-1.14541022,-0.214417148,1,0,0,1.917637328
109555,0.603294666,-0.211988476,0,0,1,7.52644345
109556,-0.374462283,0.265415768,0,0,1,6.244412294
109557,-0.279762449,-0.427475176,0,0,0,1.663452809
109558,-1.334073138,0.310965221,0,1,1,6.384306056
109559,-1.074910043,1.317939666,0,0,0,3.002568454
109560,-0.925463327,0.96727811,0,0,0,2.547149496
109561,-0.640316981,-0.068525736,0,1,0,1.233598724
109562,-0.176439536,-1.906694562,0,0,0,0.191445019
109563,-1.750637367,0.29121907,0,1,0,1.706472213
109564,1.319414082,-0.663077819,0,0,1,7.1354668
109565,0.448728471,0.281695626,1,0,0,3.491513072
109566,0.091420221,1.444567984,1,1,0,4.623700563
109567,-0.242857009,-0.734833322,0,1,0,2.61999243
109568,1.840476971,-0.041833405,0,1,0,5.350489215
109569,-0.751185656,0.19998073,1,1,1,5.276988807
109570,-0.321165078,0.122201332,1,0,0,1.659721274
109571,0.157411696,1.231638937,1,1,0,3.868491112
109572,-0.601017548,0.007139674,0,0,1,5.595282301
109573,0.242111599,0.429639113,1,1,0,3.892349534
109574,1.259193005,0.716511952,0,0,1,9.565377029
109575,0.648277638,0.629449924,0,0,1,7.112787547
109576,0.172513499,-0.566231128,0,1,0,3.042619514
109577,-0.36431563,0.789926745,1,1,1,6.449423532
109578,-1.415147442,0.019091173,0,0,0,1.681969039
109579,0.062314609,-2.217192011,1,0,1,2.99875107
109580,-1.240949928,0.056124574,0,1,0,1.393727401
109581,-1.041686917,-0.05053109,0,0,0,2.508237894
109582,0.196420638,-1.25388189,1,1,0,2.471389917
109583,-1.795649855,-0.790670335,0,1,0,1.622708084
109584,-0.158513105,-0.84420038,0,1,0,2.122202216
109585,1.530474659,-0.482384535,0,1,0,4.663249819
109586,-0.13941455,0.3632721,1,0,0,3.411070561
109587,0.439771241,-1.152301405,0,1,0,2.284889644
109588,-0.429022006,-1.433086408,1,0,0,0.569316519
109589,-0.325066315,-1.148465798,1,1,0,1.224387536
109590,-0.318527772,0.570483253,1,0,1,6.155185087
109591,1.79271467,-0.421532326,0,0,1,10.85099037
109592,0.357198963,2.185690625,0,1,1,6.899871768
109593,0.590754811,-2.488973573,0,1,0,1.745283779
109594,0.006840186,0.084779144,1,1,1,7.309812475
109595,-0.25688389,-0.239853471,0,0,0,3.103779026
109596,1.406684753,0.388126296,1,0,0,5.094138987
109597,0.107697829,-0.133124971,1,0,0,2.895934447
109598,0.830436631,0.489748702,0,0,1,7.791267164
109599,-1.599754901,-0.493513115,1,0,1,5.039853139
109600,0.540161485,1.180258048,0,0,1,6.776717279
109601,-2.070682916,0.73659432,0,1,1,8.926008153
109602,0.051559166,0.484867583,0,0,1,5.718720954
109603,0.919120029,-0.869188963,1,0,1,6.261841769
109604,0.510262833,0.707584732,0,1,1,7.20902331
109605,-1.652899851,0.006176113,1,1,1,7.068823054
109606,-0.570281494,-1.000749504,1,1,1,4.421665285
109607,1.970713375,0.069190997,0,1,1,12.82084054
109608,0.465531298,-0.571110236,0,1,1,5.650265879
109609,0.754426194,-0.089245316,0,1,1,7.572067017
109610,-0.055845375,-0.85149584,1,0,1,4.800809707
109611,0.40618389,1.194306492,0,0,0,4.432774366
109612,-0.041224174,0.53116728,0,0,1,6.096683492
109613,-0.743360551,0.758129834,1,1,0,2.507167185
109614,-1.236931429,-1.575037387,0,1,1,3.73075537
109615,0.315278953,-0.974563745,0,0,0,1.950912392
109616,0.216285799,0.712361098,0,0,1,5.414822474
109617,-0.045672042,0.089123671,0,1,1,6.365589668
109618,-0.750184184,-0.861176229,1,0,1,5.063202225
109619,1.369244923,0.221505146,0,1,0,4.454731742
109620,0.7495243,0.624989567,0,1,1,7.538202909
109621,0.917039634,0.363060425,0,0,0,4.065746117
109622,0.13369037,-1.766986552,0,0,1,3.399278339
109623,-0.62041582,-1.04707386,0,1,1,3.517102373
109624,0.456290021,0.29041756,0,0,0,4.129724181
109625,1.155961063,0.828645704,0,1,0,5.239988038
109626,-0.738649465,0.553133722,1,0,1,7.280089953
109627,-1.038004318,1.795502018,0,1,0,3.284194709
109628,0.502490359,0.155520173,0,1,1,6.578663218
109629,0.492563432,0.045004976,0,1,0,3.353527325
109630,-0.361517697,-0.720227759,0,1,1,5.048556543
109631,0.131114615,0.262774993,0,0,0,3.989654
109632,-0.530631064,1.623082583,0,1,0,4.080927776
109633,-0.822996058,1.338988227,0,0,1,7.247278763
109634,-2.876891217,-0.645816738,0,0,0,-0.951504405
109635,0.899264175,2.249966663,0,1,1,8.937978758
109636,0.464933777,0.83384287,1,1,0,3.91165802
109637,0.252314778,-0.020229376,0,0,0,2.658213845
109638,0.202405883,0.586294432,0,1,1,6.992686299
109639,0.181509305,0.90101351,0,0,0,3.770166972
109640,1.166926618,-0.748779252,0,1,0,3.513907764
109641,-0.756891795,-0.65939903,0,0,1,4.774398222
109642,0.916118935,-0.548164248,0,1,0,3.124456781
109643,0.117211175,0.185725969,0,1,0,3.423895049
109644,-0.734377506,0.646373545,1,1,1,6.884424063
109645,-1.886359073,0.429796495,1,1,0,1.997690815
109646,-0.691827852,-0.937781927,0,1,1,4.874200905
109647,-0.773351311,0.376094233,1,0,0,2.018092942
109648,-0.885541544,0.232632456,0,1,0,2.667785876
109649,0.898249528,4.064629897,0,1,0,7.397981276
109650,-1.246436755,0.95241819,0,1,0,1.787414385
109651,-0.863436828,-0.580302866,0,1,0,1.578273112
109652,-2.369602121,-0.884686887,0,1,0,0.104830556
109653,1.35358981,-0.652617172,0,1,1,9.741643917
109654,-0.026931086,0.744627228,1,1,0,2.96777328
109655,-0.312549314,-0.564701951,0,1,0,2.890597245
109656,-0.091482105,-0.567774514,0,0,1,5.513475961
109657,0.029881493,0.744899314,0,1,1,5.981358877
109658,0.557333337,-0.129517002,0,1,0,3.442248962
109659,2.490385354,0.465124577,0,1,1,14.0606216
109660,-1.596921261,0.126769071,1,1,1,7.450468484
109661,1.047847761,0.370596501,1,0,0,4.866455185
109662,-1.119771651,1.030320898,1,1,1,6.894067859
109663,0.719295145,-0.071385649,0,1,0,3.036572433
109664,-0.308865519,0.119501714,1,1,0,3.332054663
109665,0.801560307,-0.971475432,0,1,0,2.54233233
109666,-0.990935798,-0.186089554,0,1,1,5.939237137
109667,2.057387945,-2.085173714,0,1,1,9.157537852
109668,0.182286874,-0.294191777,1,0,1,6.432017411
109669,0.438451725,-1.687617548,0,0,0,1.957885251
109670,0.506744276,-0.142185271,0,1,1,6.675008803
109671,-0.683914982,-0.150408227,1,0,1,5.579698919
109672,-0.405712034,-0.295369899,0,1,0,1.652196381
109673,1.519259794,1.389508092,0,1,0,5.559387996
109674,-0.692324863,0.466870054,0,1,0,1.972199827
109675,-2.70E-06,0.70181528,0,0,1,6.529982957
109676,0.260954828,0.133403989,0,0,0,4.258527826
109677,-1.307516245,0.81056598,0,1,0,2.268871249
109678,0.975123653,2.142990287,1,0,1,9.275697169
109679,-0.256709847,-0.908947235,0,0,0,2.065244162
109680,0.478399448,0.82944337,0,0,1,6.326620569
109681,0.200416037,0.248709177,1,0,0,3.709949495
109682,0.956377419,0.959242267,0,1,0,4.774402333
109683,-0.433779182,-2.837187028,0,1,0,0.13065005
109684,-0.230253355,-1.060163238,0,0,1,5.470171165
109685,-0.547985991,1.381676499,1,1,0,2.562584448
109686,1.157489507,-2.058184389,0,1,0,1.671668363
109687,0.292242725,1.280142851,0,1,0,4.60700028
109688,1.283677353,1.318126714,0,1,1,9.595297585
109689,-1.40318502,-1.443387787,1,0,1,4.632358296
109690,-0.634682315,0.186482387,0,1,1,7.084386905
109691,-0.672542133,-0.161546521,0,0,0,2.427537788
109692,-0.657359911,0.592436961,0,1,0,2.328710803
109693,0.79493994,-0.392087428,0,1,0,2.885023361
109694,0.034530728,-0.135505767,1,0,1,5.595494552
109695,1.698530604,-0.168324462,0,1,1,11.25213172
109696,-1.97903637,-1.191601312,0,1,0,-1.092447591
109697,-2.055378685,-1.325009248,0,1,1,5.75918816
109698,0.654168263,1.102487207,0,0,1,7.41336475
109699,-0.115719825,-0.217121482,1,1,0,2.261274668
109700,-0.145183937,0.456938483,1,1,1,6.795899838
109701,-0.112227161,1.685894386,1,1,1,5.993102317
109702,0.774329673,-1.03555533,1,1,0,2.309644544
109703,-2.415704727,0.312059934,0,1,1,9.54723251
109704,0.137341691,0.346020153,0,0,0,3.598276252
109705,0.738093208,0.539460561,1,0,1,7.047059469
109706,-0.634427582,-0.078422843,0,1,0,2.381907426
109707,-0.159046397,-1.115753709,0,1,1,4.005337099
109708,0.601628516,-0.510263133,0,0,0,3.177476955
109709,-2.037778492,0.484779623,0,1,0,0.962224746
109710,-0.438619926,-2.269278172,1,0,0,1.016030541
109711,0.272832523,0.015252335,0,1,0,2.564171885
109712,-0.892029066,-1.229111689,0,1,0,0.512418027
109713,0.025929436,0.363963962,1,1,0,3.364446636
109714,-0.380204336,0.85606375,0,1,1,6.998281871
109715,-0.337656106,0.025417037,0,0,0,2.568556008
109716,0.487263916,0.466991225,0,1,1,7.25075984
109717,-0.45300857,-0.810505952,0,0,1,3.666678504
109718,-0.072327832,1.418718898,1,1,0,3.681409118
109719,-0.9418196,1.680209242,0,1,0,2.630828603
109720,0.829280177,-0.489146177,1,1,0,3.85044841
109721,-0.01373049,-1.1233193,1,1,0,1.396792361
109722,-2.514877733,0.056144119,0,1,0,1.641172267
109723,0.132597913,-1.246741531,0,1,1,3.874766666
109724,-0.035061802,0.271885257,0,0,0,4.367269129
109725,0.540082034,-1.674520611,0,0,1,3.716027439
109726,-0.973482114,0.466655482,0,1,0,2.771772921
109727,0.337184322,-0.00908475,0,1,0,1.91038052
109728,1.240244669,0.54282488,1,0,0,4.808121558
109729,0.037921823,-0.13337495,0,0,0,2.972898158
109730,-0.03720859,-0.23165891,0,1,0,2.694236666
109731,-0.779861697,-0.770167965,1,0,1,4.348514981
109732,0.264739303,-0.923962937,0,1,1,5.175324599
109733,1.51006854,-0.942965694,0,1,1,8.169364282
109734,-0.611520848,-0.862818191,1,1,1,4.556822728
109735,-1.638110984,-0.713549547,0,0,1,5.253406785
109736,0.503170593,1.377922236,0,0,0,4.463512902
109737,-0.760044418,-0.805343153,0,0,0,1.927290485
109738,-1.466974766,-0.418135957,0,0,1,7.046829375
109739,-1.462330257,-0.661868513,1,0,1,5.887737135
109740,-0.826871226,-1.326778536,0,1,0,2.163178178
109741,0.265880251,1.349410246,0,0,0,4.427359025
109742,-0.08813014,0.461016781,0,0,0,3.41255704
109743,0.900610128,-0.221582074,0,1,0,4.805880395
109744,-0.83835709,0.82686236,0,1,1,6.36090088
109745,0.096978528,-0.668450911,0,1,1,4.71880714
109746,0.671967944,-0.633299118,0,1,0,2.669080739
109747,-1.042531982,-0.254914857,0,1,1,6.115232327
109748,-0.428742052,1.398211492,0,1,1,5.389064478
109749,-0.213607053,-1.2640815,0,1,1,3.930507553
109750,0.834897924,-0.607151294,1,0,0,3.361754614
109751,0.075932799,1.682954771,0,1,1,6.497859997
109752,1.383919599,-1.780897275,1,1,1,6.551053078
109753,-0.132032311,-1.667874669,0,0,0,0.949035361
109754,0.99331599,-0.968622747,0,1,0,3.990428716
109755,0.906481011,-0.312144883,0,0,0,3.111793099
109756,-1.384766871,1.086984705,0,0,0,2.274565136
109757,-1.756682805,-0.868139599,0,0,1,6.418380075
109758,-0.849304576,-0.039440348,0,1,0,1.617478367
109759,-0.682519039,-0.98231957,0,1,1,4.475149718
109760,-0.204823252,0.30043869,1,0,1,6.868068658
109761,-0.264917037,-0.562291179,0,0,0,2.202666903
109762,-1.893922187,-2.945375455,0,0,0,-1.528041947
109763,-0.529753019,-0.447860313,0,0,0,2.171822059
109764,-0.472167846,-0.864445858,0,0,0,2.385525916
109765,1.650808163,-0.397131903,0,0,1,10.05898833
109766,1.42326138,-1.391896853,0,0,0,3.112603575
109767,1.661984458,0.397994023,1,0,1,10.49656521
109768,1.672552696,1.570357472,1,1,1,10.73498385
109769,-0.369034488,-1.24989951,0,0,1,3.900677299
109770,-0.221109732,0.278603865,0,0,1,5.986286414
109771,-1.839007156,-0.347341017,0,1,1,6.937911399
109772,1.185116681,0.977964615,0,1,1,8.814501049
109773,0.045967388,-0.514515549,1,0,0,2.856035634
109774,0.415120581,-0.420028083,0,1,1,6.189041313
109775,-0.345140252,0.346704897,1,1,0,2.97605354
109776,-1.661334374,-0.644478771,0,0,1,5.909985153
109777,1.803838372,0.370575449,1,1,1,11.50697151
109778,1.575409222,2.180514753,0,0,1,10.25551829
109779,-0.541130106,0.802241801,1,0,0,3.653815876
109780,0.940463557,0.129938257,0,1,0,3.923475679
109781,-0.209097484,-0.267318098,0,1,1,5.828344562
109782,1.494447212,0.599930727,1,0,0,4.740976783
109783,-1.301632554,-0.436789549,1,0,1,5.818051014
109784,0.674602684,-0.392990204,0,0,1,6.769744186
109785,-0.345979059,-1.879471688,0,0,1,2.359633649
109786,0.088041961,-0.574403205,1,0,1,5.906594996
109787,-0.225152978,-1.795012984,0,1,1,2.909827151
109788,1.769781963,-1.139499878,1,1,0,3.687844086
109789,-1.659813537,1.016662234,0,1,1,6.868139667
109790,1.166345657,-0.845133451,1,1,1,6.961328644
109791,-0.842337249,-0.431376032,1,1,0,1.952149599
109792,0.275442602,-0.923566237,1,1,1,6.048894663
109793,-0.898841816,-1.65710238,0,0,1,3.681628956
109794,-0.503151322,-0.59000669,0,1,1,4.537107896
109795,0.422912945,0.287681824,1,0,1,6.721458924
109796,-1.136316596,1.137339039,0,1,1,6.059041012
109797,-1.335139413,-0.444710888,0,0,0,1.231055542
109798,2.497705515,-0.920621817,0,1,1,13.12370308
109799,-0.548279497,-0.312599629,0,0,0,2.650225668
109800,-1.455002856,0.695083106,1,0,1,6.42453047
109801,-0.545833647,-0.698936575,0,1,1,4.91202286
109802,-1.379550997,0.142835824,1,0,1,6.511886527
109803,0.196445964,-0.141454298,0,0,0,2.586508787
109804,-0.492740482,-1.19450752,1,1,1,4.030049025
109805,-0.400411775,0.001154402,1,1,0,2.626921114
109806,-1.419069082,-0.932933024,0,0,0,1.096272739
109807,1.2726239,1.012439564,0,1,1,9.196842139
109808,1.506170173,0.923696216,0,0,1,9.831381867
109809,-0.10644146,-0.971640721,0,0,0,1.879550236
109810,-3.040496822,1.436673334,0,1,0,1.287167093
109811,-0.546672257,0.668435706,0,0,0,2.799428186
109812,0.374810652,-0.325098229,0,0,1,6.722961044
109813,0.150937708,0.842311096,1,1,1,6.451942392
109814,-0.218590923,-0.535842853,0,1,1,5.435208278
109815,-1.397759647,1.232090328,0,1,0,3.125804422
109816,1.277121422,1.110719791,0,1,1,9.347130962
109817,0.092579218,-0.886751026,0,1,1,4.785474819
109818,-1.052788042,0.475432921,0,1,0,1.904888848
109819,-0.294977616,-0.981122522,0,1,1,4.338386461
109820,1.454179998,0.316524361,0,1,0,4.154472085
109821,0.607333122,0.956426718,1,1,0,4.638949462
109822,0.241232367,0.072645269,0,0,1,6.324760229
109823,-1.121705205,-0.211282953,0,1,0,1.327178182
109824,0.734425026,-1.368524887,1,0,1,4.1802191
109825,-0.560062747,0.334531953,0,0,0,2.347575175
109826,-1.787563435,-1.380672816,0,1,0,-0.571265071
109827,0.352824755,1.655419637,1,1,0,4.956361636
109828,1.819325646,0.929727525,0,1,1,11.93693708
109829,1.854702026,-0.289648875,0,1,0,4.613562172
109830,-0.435927864,1.050204646,0,1,1,5.675088466
109831,0.339888141,-1.981367691,1,1,1,2.825108894
109832,1.880687362,0.970591278,0,0,1,11.39871187
109833,-0.205759336,1.258434168,0,1,1,6.392823354
109834,-0.164851728,-0.17353747,0,0,1,4.821624138
109835,-1.794071879,1.371449374,0,1,1,8.485376232
109836,0.654305465,-1.054068713,0,1,0,2.271312249
109837,0.909802481,0.340502226,0,1,1,7.9032589
109838,-0.866091129,0.592157095,1,0,0,2.535044355
109839,-0.784737749,0.666966394,0,0,0,2.503835303
109840,-0.062050702,1.279514409,0,1,0,4.446073755
109841,-0.115785774,-0.901320113,1,0,1,4.088798329
109842,-2.023109406,-0.949256442,0,1,1,5.674811968
109843,-1.371624155,-1.316041622,0,0,1,4.684140767
109844,-2.609195339,-0.258054414,1,0,0,0.510629545
109845,0.164199865,-1.487891539,0,0,1,3.802342768
109846,0.162918614,-1.370482384,0,1,0,2.690160117
109847,1.838029243,-0.527336936,0,1,0,4.469571142
109848,-0.288651097,0.582456225,0,0,1,5.984790203
109849,-0.388842362,-1.121140561,1,0,1,4.686624653
109850,-0.633245752,0.351986453,0,0,1,6.262164127
109851,-1.237975269,-0.170006024,1,1,0,2.379787662
109852,-0.199584778,0.345857658,1,1,1,6.148227058
109853,-1.950603265,-0.83905214,0,1,1,6.657858161
109854,0.251317033,-1.066503939,1,0,1,4.997266403
109855,1.217516151,-0.887702674,0,1,1,7.812980298
109856,-0.093768583,0.448351456,0,1,1,6.894597275
109857,-0.710265338,-0.209853312,0,0,1,6.538350448
109858,-0.77944008,-0.002662177,0,1,0,1.467396966
109859,0.732679302,0.144080264,1,0,0,3.873239481
109860,0.836054135,0.765038568,1,0,0,4.201104383
109861,-0.062668735,-3.002209192,0,0,0,-0.506514175
109862,-1.82273098,0.797658594,0,1,0,1.881351272
109863,0.14399333,1.231598122,0,1,0,3.872731069
109864,0.291273638,1.601451373,1,0,1,7.556320124
109865,-0.664842468,0.161293869,0,1,0,2.56517192
109866,-1.314971037,1.373372046,0,1,0,2.648424511
109867,1.519024592,-1.945029671,0,1,1,6.495198151
109868,-0.589738254,-0.175350301,1,0,0,3.02633048
109869,-0.321453182,-1.225134956,0,1,1,3.831288006
109870,0.179453616,-1.131498651,0,1,1,4.692555516
109871,-1.370846556,-0.061481609,0,0,0,1.803291113
109872,0.888442557,1.062245872,0,1,0,4.675946028
109873,0.426421709,-1.096076005,1,1,1,5.516921323
109874,-1.026171929,0.971646509,0,1,0,2.767554903
109875,0.923701812,-1.495748239,1,1,0,2.938392395
109876,0.864614294,0.553123102,0,1,0,4.376713519
109877,-0.009631187,0.301422487,0,1,0,3.354530008
109878,0.423136161,1.402004,0,0,0,4.544438671
109879,-0.461031431,-1.753592664,1,1,0,0.782537818
109880,-0.674949486,-0.698695436,0,0,0,1.410549994
109881,-0.271322828,0.448421311,0,1,1,6.493775121
109882,1.125431593,0.265652387,0,1,1,8.193213088
109883,-0.720646534,-0.124155803,0,1,0,1.933948257
109884,0.57753356,0.037859616,0,0,0,3.726516151
109885,0.568760053,-0.517392459,0,1,0,3.778327562
109886,0.760437309,-0.8245512,1,1,1,5.87833191
109887,-0.766681439,-1.420699917,1,1,0,1.446939978
109888,-0.902019019,-0.532449876,0,1,0,1.80251353
109889,-1.049204576,0.487499272,1,0,0,2.873511228
109890,-1.182206685,0.863351144,1,1,0,2.772862178
109891,1.509464814,-2.021913249,0,1,0,2.865714331
109892,0.524000849,-0.281259551,1,1,1,6.425916059
109893,-0.406070725,0.609044078,0,0,1,6.438458895
109894,-0.70275655,-1.128466867,0,0,1,4.855549661
109895,-1.532567593,0.030138274,0,0,1,6.953233395
109896,-1.573318886,0.694997842,0,1,1,7.217210151
109897,-0.685451051,1.130148015,0,1,1,6.87407924
109898,-1.06698599,-1.417584666,0,1,1,4.060211519
109899,-1.033543338,0.015549512,1,1,0,2.392266215
109900,-0.13012801,0.169362355,0,1,0,3.334576243
109901,0.048507157,-0.526806493,1,0,1,5.683908964
109902,-1.039326051,-0.151850235,1,1,1,6.830776525
109903,0.023250167,-1.426253926,0,0,1,3.811662556
109904,-0.156793432,0.22033716,0,1,0,3.7650516
109905,-1.863221435,0.419312893,0,1,1,8.057958062
109906,-0.232430301,0.026512635,0,0,1,5.404940369
109907,-1.136619048,-0.894714147,0,1,0,0.827839371
109908,-0.832894072,-0.811602336,0,1,1,4.256751267
109909,0.192606518,0.487607561,0,1,0,3.539701172
109910,1.757958297,-1.298223975,1,1,1,8.045607051
109911,0.901806551,1.329034081,0,1,0,4.997569485
109912,0.134918622,1.11687895,0,1,1,6.845117645
109913,1.009487106,0.608012441,1,0,0,4.77214053
109914,-2.151278179,-0.740906386,1,1,0,-0.047510539
109915,-0.389622386,0.615272722,0,1,1,6.22310406
109916,1.618632181,0.645876239,1,0,0,5.611490014
109917,-1.167992104,0.001205897,0,0,1,6.189061127
109918,0.053099013,-0.535265101,1,1,0,2.304978157
109919,0.819345459,-0.84714081,1,1,1,6.107260925
109920,0.451327559,0.572941564,1,1,1,6.77209695
109921,-0.64027402,-0.080749599,1,1,1,4.64329906
109922,-0.21264151,1.065126839,0,0,0,3.545467316
109923,-0.31050789,-2.520035637,1,0,0,-0.545991258
109924,-2.205256713,2.56731629,0,0,0,3.035099307
109925,0.59476186,-0.956230666,0,1,0,2.587917836
109926,1.581934041,0.342917323,1,1,1,10.5818203
109927,-0.518371748,-0.925406299,1,1,0,2.026391326
109928,-1.403331373,1.148307979,0,1,0,3.162843999
109929,0.45934434,0.967600056,0,1,0,3.787939611
109930,0.2405507,-0.494509769,0,1,0,2.757848909
109931,-0.261723208,0.047925297,0,1,0,2.497034029
109932,0.602202751,0.392209084,1,1,0,3.528988532
109933,1.025551261,-1.336447275,0,0,0,2.704804127
109934,-1.773506158,-0.829234909,1,0,1,7.248474229
109935,-0.872928789,-0.156605468,1,1,0,2.355714134
109936,-0.923239624,-0.756208542,0,0,1,4.037814421
109937,0.508940847,-0.066363108,0,1,1,6.069062458
109938,0.18607557,0.664695711,0,0,0,2.931639996
109939,0.63705894,1.010572452,0,0,0,4.367544187
109940,0.092641808,-0.124133316,0,1,1,5.506272353
109941,-0.027294043,0.109197878,1,1,0,3.042938959
109942,0.367546712,-0.892654493,0,1,1,6.768379668
109943,0.261914452,-1.983099855,0,1,1,2.459823297
109944,-0.126176306,0.872902288,1,1,0,4.004194142
109945,0.977254915,-1.676464424,0,1,0,2.687268947
109946,-1.020301109,-1.040488587,1,0,0,0.902074477
109947,1.986254739,0.982768377,0,0,1,12.40627374
109948,1.382254193,1.723605403,0,1,0,6.026647288
109949,-0.618434143,0.296278379,1,0,1,5.501225393
109950,-0.96787438,-1.773081144,0,0,1,2.560086092
109951,-0.164895297,1.615565262,0,0,1,5.99357255
109952,-1.454257309,-0.084134671,1,1,1,6.411037302
109953,0.885178788,-0.826279954,0,1,1,6.882835496
109954,-0.326030273,-1.735039848,0,0,0,0.603002682
109955,-1.426091425,0.665601748,0,0,1,6.928308886
109956,-0.279489965,-1.306367219,0,1,0,1.357456766
109957,0.521298868,0.386913103,1,0,1,7.083370916
109958,-1.128708319,-0.653349072,0,0,1,5.564539686
109959,1.952179853,-0.021648046,0,1,1,12.12775224
109960,2.53618815,-0.350963577,0,0,0,4.640113824
109961,-0.577741618,-2.108207403,0,1,0,0.895742243
109962,0.502502096,-0.223022621,1,0,1,6.651317652
109963,-2.457229683,-1.140746623,0,0,0,-0.177997756
109964,-0.348398483,-1.473494657,0,1,0,1.209444436
109965,0.561459992,-0.450838243,0,1,1,5.98872262
109966,-1.460986904,-0.468961672,0,0,0,0.835493718
109967,0.17246084,1.671224901,0,1,0,4.11617396
109968,1.361754137,1.508619662,0,1,1,9.713412991
109969,1.555262205,0.762505998,1,0,0,4.929814616
109970,-0.225927071,0.316296924,0,1,0,3.024910579
109971,-0.727890166,0.172657735,0,0,0,3.529578463
109972,-0.190125454,0.878032815,1,1,1,5.897861793
109973,0.373412252,0.842958843,0,1,1,6.727525693
109974,-0.190726559,-0.696620915,0,1,1,4.510054119
109975,0.365637291,0.453860874,1,1,1,7.2048759
109976,-1.43957608,0.90995568,0,1,0,3.571507379
109977,0.068259513,-0.395031088,0,0,0,2.972505558
109978,-1.109403127,0.390998305,1,0,1,5.858049627
109979,0.26757982,0.203682706,1,0,0,3.466942492
109980,0.175201067,-0.210381757,0,1,0,2.758232211
109981,0.272551534,0.256555683,0,0,1,6.874427367
109982,1.964220171,-0.509823851,1,0,0,3.801050858
109983,2.067465813,-3.378334575,1,1,0,1.898444897
109984,-0.792926084,-0.107933418,0,1,1,5.340387447
109985,2.187483402,0.161547709,0,1,1,13.81561737
109986,0.205503254,0.177052444,0,1,0,2.721486006
109987,-1.895900166,0.821633463,1,1,1,8.39117551
109988,0.34595838,0.002489095,1,1,1,6.985136899
109989,1.852250624,0.784946927,0,1,0,6.205454688
109990,-0.018598381,0.168141404,0,1,0,3.43666592
109991,-0.445100926,-0.231893512,1,1,1,6.413863745
109992,-0.826777119,0.069992193,1,1,1,5.894277542
109993,-0.638258403,0.196074062,0,1,1,6.242917772
109994,0.016669795,0.119782325,0,0,1,6.355173099
109995,-1.196399322,2.864734244,0,1,1,6.974988397
109996,0.90859663,0.720665002,1,0,0,4.65080247
109997,0.409402898,0.478726444,1,1,1,6.908316415
109998,0.837063692,-0.947254292,1,1,1,5.453098613
109999,-0.258611031,-1.402839817,1,1,1,3.226610349
110000,1.044540862,0.369281118,0,0,1,8.513996068