id,X1,X2,X3,X4,Y0,Y1
120001,-1.085630603,0.997345447,1,0,2.747190118,6.791507653
120002,0.282978498,-1.506294714,1,1,1.878927626,4.263705422
120003,-0.578600252,1.651436537,0,0,4.017941257,6.93309572
120004,-2.426679243,-0.428912629,0,0,0.820335555,8.593371279
120005,1.265936259,-0.866740402,0,1,3.373990903,7.923267121
120006,-0.678886152,-0.094708969,0,0,2.222126128,5.717011418
120007,1.491389626,-0.638901997,0,1,4.339341699,9.075228968
120008,-0.44398196,-0.434351276,1,1,1.36575762,4.512948954
120009,2.205930083,2.186786089,0,0,6.572736292,13.58029135
120010,1.004053898,0.386186399,0,0,4.469806271,9.089671409
120011,0.737368576,1.490732028,0,0,4.880597068,8.1348133
120012,-0.935833868,1.175829045,0,0,3.297667134,6.240342151
120013,-1.253880668,-0.637751502,1,1,1.362429519,4.766190662
120014,0.907105196,-1.4286807,0,0,2.666173998,4.777342632
120015,-0.14006872,-0.861754896,1,0,2.173002142,4.471998281
120016,-0.255619371,-2.798589105,0,0,0.179286347,1.194275262
120017,-1.771533105,-0.699877235,0,1,0.286823697,6.221418762
120018,0.927462432,-0.173635683,0,1,3.264424367,7.160917596
120019,0.002845916,0.688222711,1,1,3.207768153,6.932201748
120020,-0.879536343,0.283627324,0,1,1.59897552,5.399676057
120021,-0.805366518,-1.727669494,0,1,0.683777563,3.243573874
120022,-0.390899794,0.573805862,0,1,3.047889717,5.567830057
120023,0.338589051,-0.011830494,0,0,3.334291176,6.008572489
120024,2.392365266,0.41291216,0,0,5.738110076,14.3580177
120025,0.978736006,2.238143338,0,0,6.187822227,9.101793053
120026,-1.294085323,-1.03878821,1,0,0.452354497,4.985879182
120027,1.743712225,-0.798062735,0,1,4.031310701,9.172899841
120028,0.02968323,1.069315969,1,0,4.106128991,6.39783341
120029,0.890706391,1.754886182,0,1,4.976122751,7.615655486
120030,1.495644137,1.06939267,0,1,6.368280942,10.42961287
120031,-0.772708714,0.794862668,0,1,3.886328756,6.928571398
120032,0.314271995,-1.32626546,0,0,1.933554756,4.910763325
120033,1.417299046,0.807236535,0,1,4.814081511,10.50597767
120034,0.045490081,-0.233092061,0,1,2.997227822,4.822149099
120035,-1.198301145,0.199524074,0,1,1.411575053,5.884073054
120036,0.468439119,-0.831154984,0,0,2.78533552,5.100050987
120037,1.162204049,-1.097203046,1,0,3.187084405,6.400016982
120038,-2.12310035,1.039727091,0,1,1.727319387,8.794834097
120039,-0.403366038,-0.126029585,0,1,2.408010995,5.077201267
120040,-0.837516723,-1.605962761,0,0,0.762902104,2.771954397
120041,1.255237375,-0.688868984,1,1,3.595813958,7.812092464
120042,1.660952488,0.807308186,1,1,5.012240976,10.91000839
120043,-0.314758147,-1.085902401,0,1,0.223515789,4.758281076
120044,-0.732461987,-1.212523131,1,1,0.969478956,4.030051689
120045,2.08711336,0.16444123,0,0,5.275569718,12.1753448
120046,1.150205543,-1.267352049,0,0,2.50922727,7.20421901
120047,0.18103513,1.177861939,0,0,5.681078178,7.119065454
120048,-0.335010762,1.031114459,1,1,4.129743851,6.009868684
120049,-1.084567912,-1.363471545,1,0,1.803728909,3.982575034
120050,0.379400612,-0.379176435,0,0,2.975873779,5.643266848
120051,0.642054689,-1.977887932,0,1,2.142287225,2.960198309
120052,0.712264635,2.598303927,0,0,6.567915972,7.245150219
120053,-0.024625981,0.034142129,0,1,3.567491521,5.928079819
120054,0.179549485,-1.861975711,1,1,0.836720577,3.380953766
120055,0.42614664,-1.605409744,0,1,1.732708819,3.9019613
120056,-0.427679598,1.24286955,0,1,4.331185247,5.772516497
120057,-0.735216956,0.50124899,0,1,2.751961522,6.568005621
120058,1.012739054,0.278740856,1,1,4.478169442,7.672125853
120059,-1.37094847,-0.332475275,0,1,2.058568216,6.135311591
120060,1.959411342,-2.025045763,0,1,3.015409292,8.305397077
120061,-0.275786014,-0.552108071,0,0,1.679991998,6.011036252
120062,0.120747363,0.748215617,0,0,4.446239595,6.063248136
120063,1.608690968,-0.270232392,0,1,4.785428444,9.49859135
120064,0.81234133,0.499740145,1,1,4.810322058,7.081691363
120065,0.474347298,-0.563923932,0,1,3.389393711,5.895337435
120066,-0.997321469,-1.100043113,0,0,0.491384473,3.578141741
120067,-0.756437209,0.321686576,0,1,3.267180372,5.231832641
120068,0.760949393,0.323468848,1,1,3.904516057,7.621701667
120069,-0.548955096,1.80597011,1,0,4.241595471,6.810320553
120070,1.518865624,-0.354000113,1,1,3.692688554,9.471633332
120071,-0.823431406,0.130214954,1,0,2.013244522,5.917043873
120072,1.267298645,0.332764977,1,1,5.521276423,9.529927739
120073,0.556548705,-0.212080122,0,1,3.53161436,6.542644161
120074,0.456270895,1.544544451,0,1,4.769904873,6.964452551
120075,-0.239668781,0.143307733,0,1,2.280159492,6.512548786
120076,0.253816477,0.283725356,0,0,3.158878607,6.114679826
120077,-1.411888876,-1.876868656,1,1,-0.429734334,3.204873133
120078,-1.019655071,0.167942295,1,1,1.96955786,6.795531888
120079,0.553856166,-0.53067456,0,0,3.571482223,6.717328692
120080,1.377257483,-0.143175974,0,1,4.566906786,8.887349827
120081,0.020315998,-0.193963871,0,1,2.221814356,5.254843153
120082,0.134026793,0.704474074,0,0,3.800232333,6.330564382
120083,0.665653438,-0.898422941,0,0,3.809916525,5.532492659
120084,1.523663776,-1.095026457,0,1,3.584282886,7.716878133
120085,0.079227014,-0.274396574,0,0,2.92909288,5.671905174
120086,-1.048991677,-0.075120588,1,0,2.050575455,4.872400061
120087,-0.740813773,0.072907243,1,1,1.631354411,6.627506975
120088,0.403085961,1.471929369,0,1,4.574013694,6.787958139
120089,0.307384219,-0.61122534,0,1,3.035764952,5.991101239
120090,-0.391619811,0.139978106,0,1,2.11408,5.347510437
120091,0.093460829,1.459589268,0,1,3.969406152,6.933598231
120092,1.39535293,-0.358935926,1,0,4.08953769,9.146052665
120093,-0.548642128,-2.557054604,0,0,-0.324627623,1.545411867
120094,-0.548920413,-0.978057706,0,1,1.521855762,5.102351959
120095,-0.354824458,0.391584242,0,0,3.258215861,5.214389061
120096,0.177192329,-0.029968007,1,1,3.46610898,6.280375006
120097,0.199582111,-0.126117773,0,1,2.376020317,5.888789375
120098,0.197018933,-3.231055008,0,0,0.265274667,1.632725948
120099,-0.26929349,-0.110850721,0,0,2.298116364,5.514748681
120100,-0.341261716,-0.217946262,1,1,2.033023567,5.243189532
120101,0.703310118,-0.598105331,1,0,2.888740739,6.705526781
120102,2.200702099,0.68829693,0,0,5.525608667,13.04275699
120103,-0.006307251,-0.206662303,0,1,3.3235938,5.397390512
120104,-0.086522286,-0.91530707,0,1,0.923996345,4.872029034
120105,-0.095202539,0.278683517,0,0,3.914677943,5.933687769
120106,0.579541616,0.579689779,0,1,4.31721815,7.345406811
120107,-0.274877547,-1.416082253,0,1,0.758595652,3.835647843
120108,-0.669102626,1.612193043,1,0,4.101241731,6.515260096
120109,0.896058313,0.369619586,1,1,5.91098121,8.321627701
120110,-0.761294245,0.003645155,0,0,2.807120238,5.84076473
120111,-1.255668686,-0.551936876,1,1,0.584015924,5.435594843
120112,-0.245203342,-0.361639932,0,0,3.070300815,4.143332351
120113,0.956601931,-1.418725914,0,0,3.102337807,4.512956686
120114,-0.865432272,-1.374687971,0,0,1.090879466,3.490158516
120115,-1.237353213,0.124055896,0,1,1.41831839,7.594607931
120116,-1.600440533,0.753868779,0,0,1.380579425,7.376618273
120117,-0.246815777,0.068788333,1,0,3.499676483,5.763408255
120118,0.322576738,-0.43416652,1,0,2.872560665,5.604961612
120119,1.032479716,-0.194342727,0,1,3.568920424,8.541146139
120120,0.594070255,-0.199112383,0,1,2.999234707,6.479798895
120121,0.290874387,0.27966267,1,0,3.592474376,6.633112072
120122,0.249969939,-0.97430785,0,1,3.15211869,5.560187405
120123,0.435875771,-0.318956989,0,1,2.836501966,5.93952845
120124,0.63048803,-2.152493444,0,1,1.965280797,4.205633892
120125,-1.465116222,0.363445562,0,1,0.981399923,7.442488435
120126,1.862927585,0.835058747,1,1,5.320528579,11.14510188
120127,-0.682450934,-1.692052415,0,1,0.961647137,3.650916323
120128,0.742686221,-0.080583222,1,1,4.074850314,7.663310725
120129,0.590704218,0.115298722,0,0,4.191387759,6.633528235
120130,0.029642925,2.958625446,0,0,5.697698522,6.728955388
120131,-0.006129961,-0.159245209,1,1,2.320286857,6.207380617
120132,-0.121448675,-0.583536717,0,1,1.423170167,5.273146509
120133,0.990132895,-0.353754334,0,0,3.625372133,7.823714281
120134,0.635942706,0.28460303,0,1,3.702034722,6.629093136
120135,1.218985862,0.420179597,0,1,4.826638008,8.875993432
120136,-1.213384781,-1.326487785,0,0,0.724706072,3.971393451
120137,1.408369146,-0.608710803,0,0,3.102933611,8.643115836
120138,-1.32060258,-0.6696186,0,1,0.785146877,5.463553829
120139,1.264625287,-1.420212999,1,0,3.447552189,5.749086824
120140,-0.866495204,-0.666807509,1,0,1.821037187,5.342711996
120141,-1.251189873,-1.184327339,0,0,0.86205769,4.809103369
120142,-1.518107975,-0.461187413,1,0,1.606380157,7.083256161
120143,-0.354908832,-0.682538154,1,0,2.225873749,3.89870122
120144,-1.653697839,1.253335947,0,1,1.949283554,6.920220617
120145,-1.329078829,0.278033712,0,1,2.673736565,6.148015752
120146,-1.074766593,0.668316867,1,0,3.186667664,5.915237938
120147,0.955832355,-0.877613587,1,0,2.760519705,6.855946692
120148,-1.92371573,0.695787319,0,1,0.977029477,8.942437555
120149,1.875800547,0.41569454,0,1,5.050721482,11.58528966
120150,0.160544421,0.81976061,0,1,4.630919338,6.45093426
120151,0.765054846,-0.828988834,1,1,3.959656809,6.164639957
120152,-0.659151311,0.61112355,1,0,3.088041498,5.754245359
120153,-0.144013347,1.316605596,0,1,3.32144766,7.066370443
120154,-0.704342147,0.750609917,0,1,2.879982373,6.545896445
120155,0.342637981,-0.126437564,0,1,3.838350574,6.990334585
120156,1.175910772,0.680071533,1,0,5.142047059,8.654234782
120157,-1.004967153,0.64021868,0,1,3.279307661,6.883980303
120158,1.374990631,-0.130444689,0,1,5.368122798,9.197196609
120159,-0.24865585,-0.669647148,1,1,2.623835094,4.424870041
120160,-0.013603886,0.686200686,0,1,3.319362835,6.284789247
120161,-0.8176683,-1.346357561,0,0,1.076716011,3.690197394
120162,-0.375749911,-1.379724979,0,1,1.895776031,3.589914616
120163,0.523218441,-0.42668977,0,1,3.193266937,6.141037348
120164,-1.755401845,-0.348607515,1,1,1.3419186,6.08180992
120165,-0.192614986,0.449135613,0,1,3.54833246,5.89833292
120166,-0.145363543,1.868726457,0,1,4.992374719,5.918551557
120167,-0.518703852,-0.062398549,0,1,1.579680912,6.037740328
120168,-0.102910614,-0.282628384,1,0,2.319240335,6.075259471
120169,0.142425585,0.541231297,0,1,3.465342975,5.536189271
120170,1.340098704,-1.569256127,0,1,3.126351843,6.500779349
120171,-0.510342874,-0.447771425,0,1,2.318349913,5.134033429
120172,0.937850297,-0.356663061,0,1,2.559922144,7.020214904
120173,-1.895175593,0.087730464,0,1,1.684585175,8.253459527
120174,-0.033689232,0.179751566,0,1,3.812999787,6.484967015
120175,-1.040162881,1.719034681,0,1,3.707858422,5.859589137
120176,-0.323859784,-0.188296858,0,0,2.653791422,5.477201119
120177,-0.90000857,-0.931002004,1,0,1.361490002,4.766815444
120178,-1.22273696,-0.393310852,0,1,0.877137167,4.912151999
120179,-0.957581839,2.056467341,0,0,3.561946158,5.968529351
120180,-1.88849238,-1.128330548,0,0,0.344368504,5.621371335
120181,-0.401414428,0.673491278,1,1,2.736149055,6.434080079
120182,-0.413756881,0.675963393,1,0,3.17806489,5.91528892
120183,-0.986803889,0.059291134,1,1,1.349713369,5.899037562
120184,1.744041087,-0.967744396,0,1,3.567302797,9.404826625
120185,0.419567676,0.206927519,0,0,3.797732827,6.786595938
120186,-2.251534986,-0.588970546,1,0,-0.375325016,8.024240187
120187,1.131151905,0.135077672,1,1,5.164608358,8.056069016
120188,-1.212268963,0.690777273,0,1,1.516645495,6.230435557
120189,-0.479122945,0.360050728,0,0,2.410696559,6.918043668
120190,0.376920114,-1.118695601,0,1,2.398044753,4.992249247
120191,0.789828035,-1.007508801,0,1,2.242040032,6.582388017
120192,-1.305785866,-0.882828988,0,1,0.66856216,4.975872025
120193,-0.346090034,0.109403156,0,0,2.782389385,6.1221952
120194,-0.772583732,0.744819312,0,0,2.326685362,6.963557073
120195,0.251464184,-0.694798215,0,0,3.493564142,4.929421653
120196,0.888992918,1.161068358,0,1,5.074381298,7.883462919
120197,-0.098684697,-0.214983045,0,0,2.754547811,5.994046818
120198,-1.773771353,-0.407512592,1,1,1.328631118,6.271928948
120199,-0.291506713,0.245379407,0,1,3.308175862,6.216754719
120200,-0.168426432,0.244026938,0,0,2.682483218,6.561361203
120201,1.534090289,-0.529914099,0,1,3.461653409,9.077184436
120202,-0.490972283,-1.309165314,0,1,1.267959903,3.77726034
120203,-0.008660467,0.976812982,0,1,4.175901503,6.958311124
120204,-1.751070349,-0.665856967,1,0,0.545827603,6.378201857
120205,0.035940503,0.850102884,1,0,4.151410312,6.97100697
120206,0.382870239,0.325463628,0,1,4.240240464,7.694912222
120207,-0.224312786,0.481874257,0,1,3.376619939,5.568993633
120208,1.014303884,-1.708991777,1,1,3.628273422,5.366138648
120209,0.728535401,-0.098759806,1,1,3.689740419,7.291163999
120210,-0.529988864,-2.443075786,0,0,0.385391987,2.055923143
120211,-1.380351324,1.698058992,0,0,2.575390215,7.01922275
120212,-0.688548532,-1.084768771,0,1,0.643292049,3.902071499
120213,-0.456425956,-0.745147222,1,0,1.936807073,5.020220931
120214,0.124358633,1.516973678,0,1,4.517356406,6.561064622
120215,-0.586615951,0.154290051,0,1,2.600950133,5.362436901
120216,-1.147237141,1.520166442,1,1,3.138807611,6.022424564
120217,0.189043442,-1.081819123,0,1,2.392896013,5.033979947
120218,0.90430622,1.199987649,0,0,5.69985967,8.19424904
120219,0.161456363,-1.639396968,0,1,2.238307355,3.674880452
120220,1.785168814,0.310122521,0,1,4.516782573,11.79446461
120221,1.170454297,-0.550893205,1,1,4.02507266,7.672661925
120222,-0.398623925,0.110453109,0,1,3.507131371,6.032414857
120223,1.113401678,0.142990028,0,0,4.590487665,8.473778549
120224,-1.256833813,0.261989197,0,1,1.604905788,6.185063326
120225,1.629534195,0.065806282,0,0,5.293879497,10.08179185
120226,0.129385524,-1.262543743,1,1,1.627977465,4.27643693
120227,-1.402989088,-0.637692139,0,1,0.684231949,6.239540981
120228,-0.326517647,0.104060735,0,1,2.33625648,6.036164502
120229,0.165956974,1.601907651,0,1,4.555728284,6.384235381
120230,0.058687438,1.064422688,0,1,4.292096733,6.230839888
120231,-0.039329335,1.448903612,0,1,3.783444755,7.06340404
120232,-1.870397479,-0.598731767,1,1,0.851588072,6.917292524
120233,0.983033396,-0.171596005,0,0,4.064376509,7.955653405
120234,0.931529613,0.385066103,0,1,4.847924439,8.338042591
120235,0.945876984,0.613067728,0,0,4.327458168,8.769279987
120236,0.673648934,1.492455387,1,1,4.785090387,8.650625549
120237,0.986474019,0.993806707,1,1,4.750322468,7.855360707
120238,0.020418759,-0.58185021,0,1,2.614898589,4.625607573
120239,-0.659560088,0.750944597,0,1,2.897281669,6.674184347
120240,-2.438460564,-1.307178188,0,0,-0.636747815,7.498168982
120241,-0.963253686,-0.247621379,0,0,2.020843898,5.894638399
120242,-2.631438037,1.258721303,0,0,1.610761934,11.17352921
120243,0.600175236,1.984582398,1,1,5.289335855,7.3062666
120244,1.062214469,1.030379331,0,1,5.016600786,8.859265542
120245,2.250676031,-0.570958087,0,1,4.841269815,13.23771804
120246,-1.503458399,-0.232357396,0,0,0.801719374,6.386328498
120247,-0.824992054,-0.256845361,0,1,1.906076214,5.326697658
120248,-1.05021899,0.567880067,1,0,1.316281509,6.456053511
120249,0.51298285,-0.026922591,0,1,2.52250804,6.974377472
120250,0.311581503,-0.142050727,0,1,3.133205356,6.576289044
120251,0.752033668,0.069640749,1,1,2.952837944,7.627324084
120252,-0.265445625,0.92958447,1,1,4.241450091,6.052031049
120253,1.260821269,1.337453826,1,0,5.626823519,9.552834096
120254,-0.990274689,-0.534447208,0,0,2.230464963,5.014159202
120255,-1.701496095,-0.238565018,0,0,1.962054825,6.858421948
120256,0.416123814,-0.132801175,0,1,2.72411642,6.949375502
120257,1.930850867,-0.405843375,0,0,4.742313971,10.53333772
120258,-1.088508555,0.568504207,0,1,1.819060525,5.966932039
120259,0.149933828,0.549642596,0,1,3.740333183,5.929683288
120260,0.303787931,0.243765761,0,1,3.048838723,6.915531802
120261,-2.122298883,-0.726114028,1,0,-0.576312939,8.105795086
120262,-0.590324918,-0.347964338,0,1,1.462270674,4.566264673
120263,-0.448391638,0.412818762,0,1,3.388833238,6.138630719
120264,0.600882509,-1.131640927,1,1,2.113591357,4.747501326
120265,0.686804407,0.585768139,0,0,4.048486151,7.736894861
120266,0.465770066,-1.417894488,0,1,2.801088471,4.065919907
120267,0.4405823,0.08259542,0,0,3.176284211,6.971890909
120268,0.960880075,1.784356795,0,1,5.816561945,7.543600614
120269,1.588067886,0.112644172,1,1,4.909404258,10.53874832
120270,-0.001874692,0.631948284,0,1,4.068513319,6.540223751
120271,-1.115039953,-1.450683142,0,1,-0.439423585,4.809167105
120272,-0.472530592,1.220568914,0,1,4.367453414,6.621031394
120273,-0.331128298,1.502580906,1,1,4.686526271,7.351153135
120274,-2.788112883,-1.587206427,0,1,-0.661309279,8.464452933
120275,-0.123688733,0.888194541,0,1,3.375142394,5.120562527
120276,-0.069623099,-0.095652744,1,1,2.852259577,5.068583553
120277,-0.121741495,-1.762897734,1,1,1.913846767,2.892605689
120278,1.158068874,-0.68276472,1,0,4.029403889,7.904655119
120279,1.089532657,-0.070523418,1,0,4.195426268,7.863984613
120280,1.068160387,0.343257981,0,1,4.410106785,9.343632213
120281,-0.106674491,0.226261647,0,0,2.630837365,6.630457854
120282,-1.472977609,0.006029327,0,1,0.998867565,7.172127962
120283,1.716040322,1.308193564,0,0,6.566993104,11.46896029
120284,-0.985023583,0.505685851,0,1,2.612810158,6.277756806
120285,0.247979885,0.81718828,0,1,3.769200121,6.911218919
120286,0.094152886,-0.233503993,1,1,1.885059255,5.33089988
120287,1.330630776,0.216396568,0,1,5.173555774,9.015105557
120288,1.255464322,0.974386203,0,1,4.97895369,8.961455441
120289,-0.324487242,-0.167000274,1,1,1.665744788,5.028684034
120290,1.929832434,0.191482325,0,1,5.663700154,12.13576502
120291,-0.758628423,-1.200043278,0,1,1.514443822,4.370821943
120292,0.974132435,0.160293721,0,1,4.004677475,8.492583053
120293,-0.792091951,0.674584831,1,1,2.513495476,5.735402902
120294,0.159748695,-1.660475071,0,0,1.398042876,3.505359163
120295,0.588685555,1.333190703,0,1,4.238714099,7.166473798
120296,2.559850231,0.034902564,0,1,6.383347196,15.6237415
120297,0.232649658,1.606596805,1,1,4.655167413,7.08884917
120298,0.168722267,0.275341863,0,1,3.331182611,5.636165673
120299,-0.630618391,-1.394375113,1,1,1.109464574,4.002970364
120300,0.912687936,-1.273570237,1,0,2.244098214,5.47267153
120301,1.140656243,-0.788165559,0,1,3.96821773,6.741882241
120302,0.265233958,-0.372271731,1,1,2.940520478,5.84677372
120303,1.174600238,0.300846402,0,0,3.971564728,9.047134284
120304,1.959095353,-1.083677679,0,1,3.322787389,10.33269382
120305,0.413863082,0.047341881,1,1,3.860891319,6.80670375
120306,0.279943571,1.595921172,0,1,5.289392294,6.765120278
120307,0.58531803,-1.147525409,1,1,2.163671883,4.795450192
120308,0.533510818,-0.415619376,0,1,2.378483971,5.299887919
120309,-0.47335497,1.045857328,0,0,3.13928686,6.522775906
120310,-0.602339983,-0.379730328,1,1,1.773837692,4.664085392
120311,0.032407254,0.946185897,1,0,4.966755192,6.210579163
120312,0.581589803,-0.234414912,1,0,3.100534813,6.965398189
120313,-0.272176466,-1.160129662,0,0,0.961047733,3.592136064
120314,-0.759835089,-0.654381086,1,0,1.645280834,5.128283852
120315,-0.149290942,1.986763037,0,1,4.06409275,5.48920066
120316,-0.675469434,-0.295829068,0,1,1.381244225,5.913992891
120317,-2.052398405,0.600571094,0,1,1.217976777,8.929463333
120318,-1.577448794,-0.906589522,0,1,-0.30800666,5.674741791
120319,1.042335368,-2.10492843,1,0,2.193410747,4.323201477
120320,0.095920412,0.800929647,0,1,4.068931908,5.642949551
120321,1.525444236,-0.920093108,0,0,4.159252237,8.278525431
120322,-0.62402485,1.804436323,0,1,3.479449471,6.529785228
120323,-0.025060145,-0.736263934,0,0,2.632906334,4.462680812
120324,-0.717485837,-0.972556324,0,1,0.504964284,4.191191775
120325,-0.439672205,1.088220476,0,1,3.930942198,7.196888884
120326,0.887766069,-1.174270303,0,1,2.187530261,5.805427727
120327,0.214586075,-0.402159735,0,0,2.089367367,5.453561264
120328,0.782440404,-0.156359727,0,1,3.72548631,6.745613921
120329,0.371524682,-0.158605207,0,0,3.60490212,6.238355342
120330,-2.187085931,0.047002445,1,1,0.028212129,8.797328193
120331,-1.27174695,0.747128412,0,1,2.094849141,7.445358517
120332,-0.679827892,-0.605012656,0,0,1.821818369,4.423431076
120333,-0.008902825,0.577793954,1,1,2.824697596,6.920307194
120334,-0.169743818,1.642182772,0,1,3.59120144,6.083038395
120335,1.648817861,1.715468592,0,0,6.259508551,10.33140976
120336,-0.234318725,-1.481958456,0,1,2.011445318,3.066732777
120337,1.220078514,-0.416345285,0,1,3.946081569,8.141206095
120338,0.038166312,0.628320103,0,1,3.503374267,6.08404855
120339,-1.604436401,1.629121205,1,1,3.191126388,7.693290288
120340,0.874962329,0.352271582,1,1,4.571261795,8.12887396
120341,0.89091675,0.556952539,0,0,3.80998486,8.521261228
120342,0.116828116,-0.307774322,1,1,2.500452915,5.802752238
120343,-0.739142274,0.287214281,0,1,2.148660935,5.248574675
120344,0.36120306,1.083198803,0,0,4.877839491,7.15415492
120345,0.200660009,-0.853201516,0,1,2.283564889,5.085058207
120346,-1.576232847,-0.127562162,1,1,1.239414694,7.127374191
120347,-0.027458377,-0.098091583,0,0,3.51484646,5.822478172
120348,-1.530512897,1.074465141,0,1,2.741667289,7.593814401
120349,1.072629746,-0.823285165,0,0,3.027311266,7.71157273
120350,0.805982112,0.952830862,1,0,5.642175383,8.111407805
120351,0.038447077,-0.948498626,1,0,2.821659717,4.824995723
120352,1.613381535,0.380921434,0,1,4.743262005,10.5643523
120353,-0.251037455,0.772845396,0,1,3.144790665,6.846239179
120354,1.622208488,-0.497160147,0,0,3.191185749,10.30162805
120355,0.691422545,1.943160171,0,1,4.492080754,8.32034342
120356,-1.116564834,-0.549253589,0,0,1.462253818,4.925585324
120357,-0.597855081,-0.158327137,1,1,1.675649008,4.655716274
120358,-0.209973736,0.300795439,1,0,2.863116969,6.110290287
120359,-0.82037552,-0.622663489,1,1,1.20194979,4.423397256
120360,0.301290484,0.15491186,0,1,3.944032105,7.011387205
120361,0.874079809,0.409355025,0,1,3.942338826,7.590273134
120362,0.771846636,-1.14295204,0,1,2.827669805,6.199558089
120363,-0.383416311,1.848379951,0,0,4.062263057,6.519583769
120364,0.392078047,0.747392962,1,1,4.475104841,7.300577783
120365,0.272734737,0.425335857,1,1,3.639002626,7.227776437
120366,-0.230904052,3.571579218,0,0,6.50579532,8.444193598
120367,-0.396155922,-0.038321218,0,1,2.163375464,5.681293369
120368,-2.424836325,1.106266658,0,1,1.125028627,9.683389843
120369,-0.55225295,-0.060794106,0,1,1.840000542,5.621851987
120370,-0.528040551,-0.138682945,0,1,2.185116872,5.55809219
120371,-0.284247098,-0.043041776,0,0,2.458860842,5.769190944
120372,-0.052801483,-0.154205311,0,0,3.080294416,5.988996597
120373,-0.167877227,1.308518452,0,1,3.751835776,6.585652317
120374,0.88141692,0.887442318,0,1,4.100014296,7.848975271
120375,-0.732448881,1.256820832,1,1,3.368004697,6.029708667
120376,1.131644509,-0.553404329,0,0,3.160760256,7.96981919
120377,1.523852017,-0.683225943,1,1,3.389893974,9.522501294
120378,-1.842031838,1.101525986,1,0,2.813770847,8.204224927
120379,-0.11951878,0.976921565,0,1,4.482252387,5.972374711
120380,-0.754202163,-1.261770012,0,0,1.130045238,3.703387775
120381,1.231871789,-1.407268563,1,1,1.570576046,7.02822853
120382,-1.561030511,-1.925586891,0,1,0.107478073,3.281350854
120383,-2.794472298,-1.039104383,1,0,-1.472399051,8.909434619
120384,-2.169407958,-0.035605485,0,0,0.17879119,8.859362467
120385,-2.23641735,-1.094273419,0,0,-0.513662018,7.375493433
120386,2.332061996,0.345124241,0,1,6.154324938,13.50266522
120387,0.052805675,-1.62075198,0,1,0.914519464,3.559430253
120388,-0.245597666,0.048108563,0,1,2.100016991,5.543426086
120389,-1.605180796,0.126180681,0,1,2.009399702,6.996900529
120390,1.191232457,-0.348258119,1,1,4.239848867,8.328192399
120391,-0.197236368,-2.042096415,0,1,0.543396592,1.569957236
120392,-1.399233869,1.057695101,1,1,2.852897203,6.536997823
120393,-0.661550647,-0.929711634,0,0,1.980126461,5.015798534
120394,-0.692583116,-0.057466127,0,0,2.657196133,5.199699299
120395,-1.158415911,0.126516506,0,0,2.33486919,7.431178811
120396,-1.360007677,0.774000002,0,0,2.720110634,6.146092871
120397,-1.057055777,1.320268319,0,0,4.252945633,5.679598634
120398,-0.010032653,-0.845644428,0,0,1.91377634,5.746805059
120399,0.91146061,-1.374496879,1,0,2.952030155,6.06352834
120400,-0.547065645,-7.55E-05,0,1,2.470496266,5.620212359
120401,-0.121166803,-2.008585468,0,1,1.077981745,2.155762448
120402,-0.920646543,0.168234342,0,1,2.031729638,6.870841955
120403,-1.319891559,1.266429299,0,0,3.221269735,6.987497301
120404,0.495180889,-0.514240391,0,1,3.205357377,7.364618068
120405,-0.220292465,1.861564124,1,1,4.123012697,6.156968201
120406,0.935988451,0.380219145,0,0,4.149180869,7.598869247
120407,-1.41551877,1.629611319,0,1,3.835796689,7.73682664
120408,1.052401069,-0.148405388,1,0,3.559713085,8.926203774
120409,-0.549698069,-0.187903939,0,1,2.329153066,5.240960546
120410,-1.201936681,-0.470785558,0,1,0.832836892,5.960632088
120411,0.763160514,-1.807621277,0,1,1.849990801,4.22751637
120412,-0.314074374,0.113755973,1,1,3.035828874,5.765809665
120413,0.103568037,-1.178936954,0,1,1.56527684,4.095635143
120414,-1.182152891,1.089165382,1,1,3.397157073,6.969220809
120415,-1.224529093,1.008650956,1,0,2.366984674,6.65304305
120416,-0.482365315,1.07979635,0,0,4.27348274,6.346116542
120417,-0.421078505,-1.166471321,0,1,2.070279371,4.224488444
120418,0.856554856,-0.017391222,1,0,2.905193257,7.665007981
120419,1.448576585,0.892200085,0,0,5.890075887,9.926244638
120420,-0.229426629,-0.449667602,0,0,2.360050473,5.198443164
120421,0.023372343,0.190210018,0,1,3.305410481,6.093514678
120422,-0.881748527,0.841939573,0,1,2.354616485,7.004783015
120423,-0.397363492,-0.423027745,1,1,2.852660167,5.687575294
120424,-0.540688337,0.231017267,0,1,2.594984045,6.10258384
120425,-0.692052602,0.13497011,1,1,2.775844761,5.81060723
120426,2.766603071,-0.05360946,1,1,5.233745202,16.29809378
120427,-0.434004738,-1.667689228,0,0,-0.351484852,4.210489296
120428,0.050221925,-1.109230943,0,1,1.976789141,5.303494948
120429,-0.375558119,0.151607594,0,0,2.935843994,5.677805124
120430,-1.73098945,0.157462752,0,1,0.859640582,7.5095353
120431,0.304515175,-1.29710002,1,1,2.122217938,4.052378629
120432,-0.392309192,-1.830666362,0,0,0.415116331,2.24916227
120433,1.575500936,0.330563277,1,1,4.095602269,10.34047227
120434,-0.179588501,-0.163435831,0,0,2.982073487,5.678867899
120435,1.131443608,-0.094165552,1,1,4.263021076,8.545613982
120436,0.330816771,1.51862956,1,1,4.203763151,7.072204098
120437,-0.346167148,-1.092635325,0,0,1.225957636,4.97207012
120438,-0.824500575,1.428663834,0,1,3.055215185,6.758263087
120439,0.091428309,-0.502331288,1,0,3.59081612,5.556157902
120440,0.97364438,0.997957386,0,1,5.078352479,8.487592912
120441,-0.475647768,-0.971936837,1,0,2.621118741,4.497545476
120442,-1.570528601,-1.793888921,1,0,-0.504262415,4.084256408
120443,-0.264986452,-0.893195947,0,1,1.695035387,4.600490703
120444,1.85847441,0.058537755,0,0,4.345442624,11.95597007
120445,-1.942149543,1.418729276,0,0,3.17451761,7.343628206
120446,0.161710309,0.70497948,1,1,3.771038104,6.883209401
120447,0.682034777,0.296556567,0,1,3.785833333,6.587268339
120448,0.52334263,0.238760672,0,1,3.817107667,7.517146282
120449,-1.106385906,0.366732198,0,1,1.966514973,6.650335931
120450,1.023905505,-0.210056413,1,1,3.709252309,7.748424062
120451,0.551302218,0.419589145,1,1,3.629954158,7.535462153
120452,1.815652064,-0.252750301,0,0,4.990097998,10.1314954
120453,-0.292004163,-0.11693174,0,1,2.794135878,5.862979946
120454,-0.102391075,-2.272617711,1,1,1.083704063,1.797112184
120455,-0.642609841,0.299885067,0,1,2.053149495,5.611771425
120456,-0.008256515,-0.799339154,0,1,1.838467062,5.325418755
120457,-0.664779252,-0.355613128,0,0,1.520796353,4.414328057
120458,-0.801571781,-0.51305061,0,1,0.959732322,4.654304674
120459,-0.539390119,0.895370847,0,1,3.371509616,6.547092799
120460,1.016391269,0.933585094,1,1,5.036625658,9.818604306
120461,0.426701799,-0.708322484,0,1,4.061147143,5.571954601
120462,0.95983045,-0.314250587,0,1,3.635404911,7.243654261
120463,0.023052208,1.338220532,1,1,4.973376901,6.769359351
120464,0.083992856,0.24728403,0,1,3.241059896,5.540174922
120465,-1.412779486,0.487009294,0,0,2.805751016,7.60844473
120466,-0.980006647,1.011939656,1,1,2.649037938,6.075737299
120467,-0.184599177,-2.236168842,0,1,0.874185289,1.58873226
120468,-0.358020103,-0.228034538,0,0,3.45882941,5.43171674
120469,0.485475226,0.670512391,1,1,4.791482,7.919831827
120470,-0.327764245,1.012868195,1,1,2.600451608,6.465432627
120471,-3.167055329,-0.713988998,0,0,-1.452889711,11.85072112
120472,-1.112364271,-1.254183511,0,1,0.32176142,4.1900619
120473,0.959706371,0.829170399,1,1,4.825150043,8.677650801
120474,-0.77577002,1.178057004,0,0,3.178498701,6.648493867
120475,0.101466892,-0.421684101,1,1,2.137724389,6.274700272
120476,-0.692922796,-0.778271726,0,1,1.530295828,4.6967124
120477,0.472774857,0.650154901,0,1,3.918070195,7.269537787
120478,0.238501212,-2.050217677,0,1,1.284205689,2.525741664
120479,0.296358656,0.565396564,1,1,4.619183505,6.058904103
120480,-0.669205605,0.043250543,0,1,1.854088026,5.525567705
120481,-1.863884299,-1.229969062,0,0,-0.808114585,5.480222478
120482,-0.324235348,-0.309751144,0,1,1.963931752,5.960441071
120483,0.351679372,-1.186925387,0,1,2.525758016,4.12551087
120484,-0.341206065,-0.48977978,0,1,1.919431793,5.665830633
120485,0.528010474,1.421042768,0,1,4.205830214,7.222134777
120486,1.72092032,-1.568440047,1,1,3.503820964,7.589537568
120487,-0.048014192,-1.11252931,0,1,1.150591205,4.027607343
120488,-0.064744951,0.42291928,0,0,3.500202016,5.868226462
120489,0.081490899,-0.049011699,0,1,3.110025908,5.929827296
120490,1.483039175,0.720989392,1,1,5.099090955,10.10695258
120491,-0.272654462,0.024211361,0,1,2.487647599,6.326555859
120492,0.870897807,0.609790506,0,1,4.198160777,8.112666507
120493,-0.425076104,-1.775242841,0,1,0.743721951,2.703521176
120494,-1.184657493,0.145979225,0,0,2.198184264,6.301662297
120495,-1.786526853,-0.152394498,0,1,1.451740995,6.944637492
120496,-0.453569176,0.999252803,1,1,4.092691237,5.436783374
120497,-1.318043823,-1.931768979,0,0,-0.682986459,3.533251254
120498,-0.419640742,0.634763132,0,1,3.524373385,6.134071593
120499,1.069918599,-0.909327017,0,1,4.260293091,5.853737862
120500,0.470263748,-1.111430448,1,1,2.299326821,4.786622916
120501,-0.748827466,0.567594726,0,1,2.659185725,7.174538655
120502,0.718150543,-0.999380749,0,1,2.605292555,5.879011214
120503,0.474898323,-1.868499813,0,0,1.97828236,3.21900679
120504,-0.202658907,-1.134248026,0,1,1.025028747,5.130323745
120505,-0.80769934,-1.276077352,0,1,0.799845878,4.512969801
120506,0.553626395,0.55387447,0,0,4.240461874,6.275007114
120507,-0.691200445,0.375582306,1,1,3.287910268,6.700927188
120508,0.261272553,-0.128451754,0,1,3.086249492,6.742740254
120509,2.1581702,-0.840878617,0,0,4.101241779,12.54401198
120510,0.014305091,-0.382387029,0,0,2.314235328,5.318860623
120511,-0.371780015,0.159412004,1,0,2.29518499,6.098698454
120512,-0.2943957,-0.86042676,0,1,2.022127365,3.905740594
120513,0.124227498,1.182331647,0,1,4.555650079,5.848225031
120514,0.94276638,0.203044488,1,1,3.473780064,7.228547739
120515,-0.735396814,0.1864296,0,0,3.32673057,6.612489605
120516,1.084643023,1.191189262,0,0,5.602341853,9.128378571
120517,0.35968706,-0.3643572,0,0,2.433692865,6.08252908
120518,-0.202752749,0.772045927,0,0,3.50827094,6.070991776
120519,0.686346215,-1.757699612,1,1,1.99798715,4.45281453
120520,0.658617565,0.71128834,1,1,4.469436703,7.651554973
120521,-0.887191425,-0.764981116,1,1,1.065854962,4.417150155
120522,-0.757164098,-0.680262803,0,0,2.170570414,4.918528227
120523,-1.416749587,0.31309193,0,1,2.117633148,7.724187889
120524,-0.785719399,-0.070383836,0,0,3.17170201,5.622033965
120525,-0.497568783,0.255177521,0,0,2.833888419,6.468129001
120526,-1.010617036,0.245265375,1,0,1.843748209,6.592761959
120527,0.389781016,0.827594585,0,1,3.654788971,7.152700696
120528,1.967769089,-2.09210177,0,0,1.837503597,9.823231969
120529,0.320314334,-0.709162842,0,1,2.985651955,5.761353047
120530,-1.925058673,0.841630623,0,0,2.197571644,8.419077512
120531,1.332199884,-0.39162771,0,0,3.65843113,8.114542552
120532,0.210916296,-0.06407674,1,1,2.894667554,6.457370805
120533,0.434197668,0.880535749,0,1,3.875975131,7.691372704
120534,0.344937336,0.345769929,1,0,4.042782212,6.91363011
120535,1.259736543,-0.164662222,0,1,4.266224945,8.223655953
120536,0.923064571,-0.822000422,1,0,3.908222429,6.525165268
120537,1.607084947,0.737825392,0,1,5.884597211,10.32966886
120538,-0.403759534,-2.114548147,1,1,0.660657195,1.74667422
120539,-0.000310717,-1.181809409,0,1,1.602242183,4.100121581
120540,0.299634603,1.451168823,0,1,4.962839988,6.641409919
120541,0.160059793,-0.178012614,0,1,3.801803563,6.431448793
120542,0.342205404,0.285650196,0,0,3.029039492,6.863752016
120543,-2.362864108,0.240936864,1,1,0.318651341,8.975212395
120544,0.620277356,-0.259341634,1,1,3.463895031,7.011897886
120545,0.978559078,-0.127674575,0,1,4.806012178,7.937889603
120546,0.766998762,2.273105107,0,0,6.421011481,7.123166192
120547,-0.096391129,-1.942132166,0,1,0.884101164,1.526552733
120548,-0.336591724,-1.725890005,0,0,0.303344467,3.782215664
120549,0.611237826,1.309350974,1,1,5.18741914,7.7784946
120550,0.695879662,0.320308213,0,1,4.022862211,6.992418173
120551,-0.644925458,1.575649746,0,0,3.715450377,5.579830814
120552,0.753276212,0.284469557,0,0,3.699148793,6.623098249
120553,0.204860319,0.111627359,1,1,3.180110505,6.630020203
120554,0.452216424,-0.613327179,0,0,2.032627233,6.079070578
120555,1.525249934,0.152339753,1,0,4.989570038,9.601951963
120556,0.60005445,-0.433567278,0,0,2.518094426,6.092874443
120557,0.374918534,-2.281752426,0,1,0.985963403,3.045532149
120558,-1.118298878,-0.031413153,0,1,2.003037917,6.989474879
120559,-1.32247311,2.439414064,1,1,3.161999191,7.243605768
120560,-1.668081314,0.345900749,0,1,1.942775969,7.931100655
120561,1.655773153,0.481287059,1,1,5.154750675,10.93808379
120562,-0.310227553,-0.552144084,1,0,2.105806611,4.702926374
120563,0.673255489,-0.800270681,0,1,4.126624472,6.429834358
120564,-0.11948611,0.691198606,0,0,3.078009946,6.149792017
120565,-0.307879027,0.08751001,0,1,2.990391167,5.331308699
120566,-0.304086293,-0.969797604,0,1,1.298286867,4.361927658
120567,1.189150485,1.393066241,1,1,5.948424855,8.404801177
120568,-0.316699954,-0.265576159,0,0,2.358514271,6.016449494
120569,-0.177899339,0.538803274,0,1,3.49543159,7.381905322
120570,-0.905300265,-0.088525306,1,1,1.892974137,5.464465136
120571,0.262959055,0.642042149,1,0,3.807442351,7.19653411
120572,-2.780837275,0.40340321,1,0,0.798846952,11.54998026
120573,0.345846762,1.007728237,0,1,4.751088637,6.397440308
120574,-0.526264015,-0.518353205,0,1,1.054785164,5.207581661
120575,1.202516587,-1.563156706,0,0,2.437131036,5.954654745
120576,1.629090291,2.555894459,0,1,6.722173079,11.34943526
120577,0.477451685,0.814098474,0,1,3.771612175,7.267007605
120578,-1.489581707,-0.694559787,0,1,1.672989913,6.192990026
120579,1.057862547,0.361815347,0,1,4.975435751,8.637265462
120580,-0.181427463,0.232869132,0,1,2.634209678,5.491907695
120581,0.506976484,-0.293095701,0,1,3.355356925,5.835787321
120582,-0.028945945,-0.036307375,0,1,2.908141568,5.695493532
120583,-1.052278981,0.323594628,0,0,1.899784007,6.472382269
120584,1.803585915,1.73196213,0,1,6.206376894,12.18844726
120585,-1.476399296,0.57063122,0,1,1.928021319,7.025226555
120586,0.675503781,-0.410510463,0,0,4.395992037,6.553539648
120587,-0.964200035,-1.320814314,0,1,1.980625835,3.193289373
120588,-0.444703779,0.350009137,0,1,3.458888057,5.823074711
120589,-0.158058176,-0.610933088,1,1,2.436041603,5.50295678
120590,-1.249156631,0.350716258,0,1,1.47234,6.155058716
120591,1.066542447,-0.926921972,0,1,3.646725607,7.106980918
120592,0.448428964,-1.879475244,0,1,0.772590329,3.367244362
120593,-0.657466109,0.72960412,0,1,2.951890816,6.505307918
120594,-1.117767209,-0.604436725,0,1,2.448716295,5.789487826
120595,1.417966828,-0.73284398,1,1,4.865378052,8.221197284
120596,-0.853944819,0.575848362,0,1,3.117895526,5.988290737
120597,1.954733563,-0.239669947,1,1,4.271499798,11.89505666
120598,0.76873586,1.34576918,0,1,5.664877201,7.263723979
120599,0.325552163,-0.269917901,0,0,3.72636305,6.454932676
120600,-0.876326739,-1.425210961,1,0,0.721942536,2.644257016
120601,1.111701745,0.180957146,0,1,4.826292409,8.382019015
120602,1.332800942,0.988925316,0,1,5.408156358,9.64205523
120603,-0.61697052,-1.1868867,0,0,0.755635399,3.511079931
120604,0.412669583,-0.632506884,1,0,1.483820349,5.894896002
120605,0.376689141,-0.731151938,0,1,2.411127755,5.331758071
120606,-0.861225253,-0.14099081,0,0,1.731398702,5.553708138
120607,0.93410062,0.306539895,0,1,4.744018722,8.258156991
120608,1.178375149,-1.233561703,1,0,2.87760203,6.636228396
120609,-1.057077142,-0.089163699,0,0,2.696670084,6.489389425
120610,2.165701383,0.674286114,0,1,5.884446069,14.14651533
120611,-1.066612742,-0.076140453,1,0,1.664109272,6.539348487
120612,0.220714791,-0.568685746,0,1,3.476737789,5.397495397
120613,0.613274991,-0.156446138,0,0,3.390276017,7.162009961
120614,-0.299330718,1.260256787,0,0,3.670779633,5.75284176
120615,-1.709660902,-0.961805342,0,1,0.010525651,5.147639581
120616,-0.817308981,-0.84768107,0,0,0.916602141,5.170822323
120617,-0.728753045,0.488475958,0,1,2.704036755,6.115672746
120618,1.096532828,0.916041261,0,0,4.753032188,9.567184776
120619,-1.019562127,-0.107417899,1,0,1.240642722,5.793515222
120620,0.452265213,0.240002952,0,0,3.127346014,7.241158565
120621,1.3057474,-0.675334236,0,1,3.921180402,8.339418709
120622,0.156319421,-0.393230715,1,0,2.796429704,5.274934632
120623,0.251075019,-1.078896913,0,0,1.848825789,4.538204125
120624,-0.928937721,-0.73011086,1,1,0.943850281,5.36642124
120625,-0.563669311,1.547923266,0,1,4.645577887,6.029503319
120626,1.175401914,-0.212649671,0,1,3.56860841,8.007880987
120627,0.172933294,-1.594436018,1,0,1.369318888,3.302344895
120628,-0.179292347,0.159614713,0,1,3.053022953,5.660116166
120629,1.145684213,0.32680472,0,0,4.077713712,9.082994499
120630,0.432890059,0.29776289,0,1,3.258479962,7.086462067
120631,0.26900119,-1.396759176,0,1,1.883285751,3.606562079
120632,-0.416757668,1.434886799,1,0,4.796593825,6.879120953
120633,0.823896443,0.494234499,0,0,3.737332959,7.645163625
120634,0.066715309,0.659441396,0,1,3.701644888,6.790534056
120635,-0.944889409,-1.580059562,0,0,0.482439675,2.874661311
120636,-0.382086552,0.537923058,1,1,3.670703144,5.8686541
120637,0.107829882,1.013958679,0,1,4.931883153,7.518551914
120638,0.351450517,0.044842196,0,1,3.279208855,6.78754431
120639,1.327484954,1.132375778,0,0,5.286032555,9.444760872
120640,-0.098091301,-1.103049861,1,0,1.285426174,4.143659068
120641,-0.907361492,-0.161451138,0,1,2.012272874,4.824562077
120642,-0.366811384,1.65776233,0,1,4.431946182,6.656238325
120643,-1.680134149,-0.064257787,0,0,0.524292433,6.994014901
120644,-1.066226487,0.116801869,0,1,2.647086897,6.346326651
120645,0.382264833,-0.404896974,0,0,2.33399486,5.701378243
120646,0.530481414,-0.198626941,0,1,3.876835603,5.78570834
120647,-0.179395613,-0.417888725,0,1,3.007055434,5.017657933
120648,0.650824289,0.138501464,1,1,3.889395848,7.894262681
120649,1.57323963,1.270024877,0,1,6.030832518,11.41057573
120650,0.553774608,-2.159441646,1,1,1.363906552,2.487187513
120651,-1.484328312,0.986250573,0,1,2.415176648,7.057328155
120652,-0.47563856,0.234843758,0,1,3.024855689,5.002945257
120653,-0.6304754,0.517886631,0,1,3.461396658,5.916625556
120654,0.957989944,-1.20962774,1,1,1.778367927,5.373256233
120655,-0.813571425,-1.663728413,0,1,0.043636725,3.259351846
120656,0.233407312,-1.665280421,0,1,1.40346757,4.192796273
120657,-0.366081695,0.519611147,0,0,2.91787546,6.649398346
120658,2.058092935,0.368418342,0,1,6.041891323,13.19086781
120659,1.252884742,0.259158843,1,1,4.608037096,9.317032775
120660,0.309243409,-0.210922898,0,0,1.573436522,6.358781082
120661,-0.383270133,1.174378152,0,1,4.096224507,6.75087274
120662,0.374674353,0.336296345,0,0,3.863325943,6.519528308
120663,-0.60817526,-0.345041731,0,0,1.681529248,5.229455068
120664,2.067490483,-0.06750183,0,0,5.209808769,12.03575292
120665,1.32616806,-0.520251711,0,1,4.127361228,8.711361694
120666,0.801544172,0.289795599,1,0,4.607007888,8.280264759
120667,-0.403713105,0.648562899,0,1,3.760300987,5.39510092
120668,-1.543443909,0.574621429,1,1,1.384836406,6.476566173
120669,0.786903222,0.273073188,1,0,4.789702715,8.049966054
120670,1.310923697,-0.068100455,1,1,3.951704686,8.752649094
120671,-0.149139185,0.355039529,1,1,3.162629065,5.4130939
120672,0.867706253,0.569840514,1,1,4.921010332,7.659130138
120673,-0.226613075,-0.995227845,0,0,1.725793946,4.73491495
120674,0.663479256,-0.789571274,1,1,3.64169049,6.527700309
120675,-0.818275368,-0.654643176,0,0,1.4921335,4.610585283
120676,0.057708807,-0.796296464,0,0,1.459142569,5.47314467
120677,-1.135688037,-0.658841944,0,0,1.750729222,5.357740842
120678,-0.18333181,0.454284468,0,0,2.927888738,6.002345895
120679,0.067266911,-1.080462095,0,1,2.990378749,3.717185235
120680,0.228662132,0.322755521,0,0,4.156804003,6.197340272
120681,-0.45496319,-0.796246059,0,0,2.410186447,4.969062167
120682,-0.796630154,-0.531812317,1,0,2.340817118,4.86204055
120683,2.214242036,-0.889072409,1,0,4.321239283,12.0300548
120684,0.265999167,-0.714102596,0,0,2.517326958,5.10698338
120685,-0.505983116,-0.706136439,0,1,1.374117042,4.805176592
120686,0.801202386,0.379107829,1,1,3.85184071,7.901151681
120687,-0.129343801,0.502934947,0,1,3.090658135,6.480492996
120688,0.743465695,-0.850715046,0,1,2.330602057,5.393775505
120689,0.547252413,-0.717631684,0,0,3.005772436,6.107437974
120690,0.837935227,0.740198479,1,0,5.011044737,7.175990634
120691,0.403703051,-0.209926341,0,1,3.148227041,6.616345044
120692,-0.526109263,-0.263628699,0,1,1.136568572,5.334778722
120693,0.769154764,-0.682331046,0,1,3.776777873,6.662114904
120694,0.04967124,-1.747629169,1,0,0.891180588,2.744518432
120695,0.260374659,-1.035528417,0,1,2.38931937,4.356602849
120696,-1.318136732,0.518714882,1,1,1.319217486,6.945148171
120697,0.21033753,-0.44337749,1,0,2.492680742,4.948259375
120698,-0.302095676,2.271033767,1,0,4.459083964,6.72975173
120699,-0.194144293,-0.201216028,0,0,2.61953622,6.488333628
120700,0.652305279,0.087212337,1,0,4.070287416,7.662358675
120701,0.98742845,0.277448802,0,0,3.029834498,7.866009206
120702,0.761089143,0.443330413,1,0,4.780226281,7.366802967
120703,0.645303765,-0.04265297,0,0,4.368015447,6.644800073
120704,0.222527777,-0.271035493,0,0,3.138334402,5.259331814
120705,0.604169507,-1.346038685,0,1,2.672515452,5.231342725
120706,0.72613629,0.99802535,0,0,3.681587227,6.871318434
120707,0.741761778,-0.10409772,0,0,3.802574962,7.637073894
120708,0.505229211,-0.776578668,0,0,2.543735295,5.544013129
120709,0.837102214,-1.099215291,0,1,2.635903448,5.805079446
120710,0.593731121,0.532657395,1,0,4.432960591,7.116078893
120711,0.406727836,-0.447083644,1,0,3.199990135,5.585946729
120712,0.760166233,-1.837264863,0,1,2.00944494,4.477025708
120713,0.777221812,0.19143791,0,0,3.8150513,7.346362221
120714,1.050958673,0.200048985,0,1,3.75005917,8.226159797
120715,1.838190147,-0.941819333,0,1,3.143813115,10.25399292
120716,0.609407319,-0.886004489,0,1,2.428638361,5.285320934
120717,-0.12638618,0.742372588,1,1,3.374100348,6.093639882
120718,0.625430326,2.07953868,1,1,5.21394627,7.927325356
120719,-0.351406733,1.286001344,1,1,3.429301355,6.397328895
120720,-0.254300187,-0.700900088,0,1,2.521486291,4.439832857
120721,-1.622953561,0.162670626,0,0,1.98975735,7.075998861
120722,-0.521305606,0.84751737,1,1,4.073830059,6.426365516
120723,-0.528400755,-0.476601558,0,0,2.512738506,4.607054464
120724,0.354655276,1.721215798,0,0,5.641835535,6.514512866
120725,-1.088649881,1.017612805,0,1,2.368610593,5.860105498
120726,0.8741053,-0.22094597,0,1,3.142859598,7.70508886
120727,0.675416285,-0.284276426,1,1,3.293292973,6.970621483
120728,2.371388454,-0.112095292,0,0,5.750535837,13.66835418
120729,0.080414094,-0.325791609,0,1,2.896563031,5.623090912
120730,-1.693454048,-0.26315338,0,0,0.976295825,6.596518942
120731,0.232036972,1.500922622,1,0,3.490437353,6.867219349
120732,0.491957128,-0.189382188,0,1,3.275278055,6.644666614
120733,0.059943193,0.327340366,0,1,3.247084042,6.414364606
120734,-0.378966059,0.682237017,0,0,3.417991384,5.594363968
120735,1.625088158,-0.363148738,0,1,4.438066605,9.783042624
120736,1.207530266,0.876326304,0,1,4.889956266,8.450495562
120737,0.537244861,0.111925619,1,0,3.357522148,6.774680986
120738,0.337783871,-0.217393174,1,1,2.826376205,6.434086861
120739,1.836868504,-0.718403156,0,0,3.968649932,9.660173767
120740,1.134944694,1.549721721,0,0,6.394011244,8.828878277
120741,-0.323134333,1.165846959,1,1,3.58279142,7.211721859
120742,0.143981346,0.062359789,0,1,3.505005774,5.46799508
120743,-0.074563693,-1.613731101,0,1,1.217324512,3.079824502
120744,0.547923958,1.443551764,0,1,5.623928162,7.633815186
120745,-0.704720423,0.847338658,0,1,3.243173894,6.573723223
120746,-0.085205392,-1.092689275,1,1,1.13453222,3.864052532
120747,0.997889966,1.686036831,0,1,5.476253743,8.668046267
120748,-0.794252359,0.215801696,0,1,2.124355815,5.813400234
120749,-1.439735708,-0.042007319,1,1,0.963122196,6.446039987
120750,0.486066403,1.752909606,0,0,5.001700682,8.289932336
120751,1.557573716,1.642498342,1,0,6.187203253,10.46437468
120752,-0.527091942,-0.245165068,0,0,2.699547623,5.079182511
120753,-1.664305425,-0.715155508,0,1,0.931029813,6.536367051
120754,-1.451829202,0.365536897,0,0,1.981702284,6.88940585
120755,-0.696990005,-1.10142227,0,0,1.574630761,4.171080817
120756,-0.355414436,-1.184876956,0,0,1.032847038,4.378218981
120757,0.30901682,0.284447494,0,0,3.794159977,6.875110767
120758,-0.31571259,-0.73067548,0,0,2.630922458,4.205702634
120759,-1.339441375,0.555356605,1,1,2.017431183,6.852725458
120760,0.22872074,0.464315464,0,1,3.640855827,6.562118206
120761,-0.306435381,-0.217923506,0,1,2.175588916,4.948787512
120762,1.441999149,-0.600584865,0,1,3.795046133,8.570722441
120763,-0.312644023,0.743892083,1,0,4.136794215,6.608149264
120764,0.302911297,-2.046622207,0,0,1.45434806,2.320757121
120765,-1.68788673,-0.660831267,1,1,0.657842057,6.121976258
120766,0.910299664,0.671673078,0,0,5.091135128,8.759893567
120767,0.519523361,0.627744096,0,1,4.26246781,6.465424845
120768,-0.968944755,0.601047093,0,1,2.389206484,6.795172089
120769,-0.921283697,0.947299202,0,0,3.511039343,6.981987112
120770,-0.510565134,0.281626078,1,1,2.476729699,6.716266367
120771,-1.874498404,-1.348888912,0,1,0.235592676,5.583189659
120772,1.090677438,0.69174387,0,1,4.822110801,8.805047146
120773,-1.217936773,1.285591722,1,1,3.974345052,6.72590255
120774,-1.090784429,0.019961104,1,0,2.490274361,5.600760708
120775,-0.480100622,-0.923415197,0,1,1.618988374,4.553512248
120776,1.167940562,1.684981496,1,1,4.389036747,9.407623195
120777,0.178274217,1.525998917,0,1,5.726260781,7.314515308
120778,-0.281215053,0.108308598,0,0,2.777678686,5.969377538
120779,0.131489256,-1.156708889,0,1,2.113267083,4.605762929
120780,0.499456892,0.70969314,0,1,4.112575449,8.100923261
120781,-0.173473635,-1.691751168,1,1,0.703768744,3.836090658
120782,0.367705494,-1.515013514,0,1,2.240121887,3.831145171
120783,-0.811269834,0.131421292,0,1,2.209163893,6.477699223
120784,-0.769662464,0.253676651,0,0,2.007023506,6.490589194
120785,-0.226210255,-1.630496511,0,1,0.974283875,3.622139981
120786,0.167971561,0.58657968,0,1,3.498509896,5.874034207
120787,1.012400243,-0.366568075,1,1,3.63084224,7.269181005
120788,-0.061483679,-1.495108669,1,1,1.511231351,3.180963659
120789,1.964889405,1.505008189,0,0,6.606411683,12.54400405
120790,-0.031834018,-0.124841773,1,1,2.830655372,6.304742694
120791,-2.930222844,1.035262563,1,0,0.222830828,13.27080073
120792,0.562861181,0.81281187,0,1,4.417754967,7.650093588
120793,-0.405248155,-0.469428825,0,1,2.395304302,4.433493133
120794,-1.235418646,0.77800973,0,1,2.616301545,6.374245121
120795,1.252153879,1.123882877,0,0,6.128359151,8.145124853
120796,0.187257576,-0.326651702,0,0,2.688311678,5.202530369
120797,-1.051970423,-0.70175052,1,0,0.889315057,5.677197506
120798,0.467550474,-0.284553375,0,0,3.682869863,6.675624596
120799,1.641404185,1.152356031,0,1,5.514479315,11.1396567
120800,-0.601809132,-1.215662064,0,0,0.665750542,3.982938248
120801,-0.548418343,1.065382946,1,1,3.65492891,6.828237228
120802,-0.523922408,0.545987985,1,1,2.628012455,5.755058545
120803,-0.565880119,0.343164157,0,0,3.545587414,6.36344192
120804,0.528141973,0.985833246,0,0,4.870644926,7.765302016
120805,1.433240131,1.310228935,1,1,5.517350953,9.367429133
120806,-0.530171509,-0.147018736,0,1,1.89598672,5.104891021
120807,-1.173525095,-0.235685288,0,0,0.859692754,6.118945134
120808,0.024317145,-0.403959935,0,0,2.564686207,5.349129065
120809,-0.503584568,1.032080178,0,0,3.909586867,6.079515762
120810,0.907482945,0.399122048,1,1,4.814162438,8.709977035
120811,-1.277510604,0.2009309,0,1,2.35326363,6.999170608
120812,-0.384231571,1.315727461,1,0,4.689048163,6.230985541
120813,-1.802290747,-0.558823691,0,1,1.691510718,6.233759319
120814,-0.586650308,-0.466574032,1,0,2.671109214,5.816389244
120815,0.957578748,-2.352358411,0,0,2.102371029,3.80339551
120816,-0.208052176,0.850720674,0,1,3.857437647,5.649785616
120817,0.980117506,-0.549077861,0,0,3.47992902,7.465936825
120818,-0.679778149,0.346213573,0,0,2.200981166,5.876951539
120819,0.15103669,0.069403115,0,1,3.590852722,7.196879711
120820,-3.801378197,-1.127172205,0,1,-2.160222477,14.8739258
120821,-0.863223063,0.643009862,0,1,2.014960892,6.304159999
120822,-1.440759705,-1.046627561,0,1,-0.400717636,4.904829734
120823,-0.154384006,-1.287595177,1,1,1.638403625,3.791479136
120824,0.642853905,-0.39140368,0,1,2.919131297,6.672489935
120825,1.832905932,-0.629718717,1,1,4.307818611,10.21670846
120826,-0.576283203,0.804438289,0,1,2.671535776,6.4464538
120827,-0.655336927,1.51156832,0,0,2.991215123,5.862734196
120828,0.482914942,-0.303879939,0,0,3.88740269,6.66159039
120829,-0.160797997,2.850707737,0,1,6.008988477,7.002938218
120830,0.488654359,0.150477016,1,0,4.462981757,6.361396016
120831,-0.132576755,1.037162033,1,1,4.354208174,6.265005134
120832,-1.518326314,-0.181188023,0,0,0.724011995,6.769369896
120833,-2.833657456,-0.533407626,0,1,0.287893472,9.380378451
120834,0.847926813,1.382230839,0,1,4.75846676,8.248214869
120835,0.605970238,0.639968591,0,0,5.08039404,7.922057258
120836,-1.71590149,-0.678373811,0,1,0.171739071,5.915899576
120837,1.474405016,-0.52386001,0,0,3.519762967,9.222194925
120838,-0.135982402,-0.805561986,0,1,2.391102302,4.99870251
120839,-0.933751485,-0.470269226,1,1,1.039976347,5.130845023
120840,-0.661055966,0.957501796,0,1,4.206651287,5.584524874
120841,0.215369598,1.018883826,0,1,3.259951872,7.139441662
120842,-1.387237503,1.225453148,0,0,3.420036556,7.152122994
120843,0.021456224,1.839348384,1,1,4.775081704,7.357551411
120844,-0.052776138,-1.493401815,1,1,1.660729692,3.653062472
120845,1.284220628,-0.136488238,1,1,3.716600774,9.268899971
120846,-2.15211508,0.145194681,0,1,1.307340363,7.519830267
120847,0.231228126,1.076112743,0,0,4.703839748,7.150044954
120848,-3.587493831,1.148869475,0,1,1.121933821,15.8189411
120849,-0.474596755,1.926247908,1,0,3.875876626,6.207687726
120850,-1.718281001,0.545338902,1,1,2.812395047,7.390999849
120851,0.411718831,-0.42211473,1,1,3.879134561,6.611071526
120852,-0.773805905,-0.373745028,0,0,2.08698944,6.098407383
120853,-0.346720291,-1.253438006,1,1,1.236528987,3.081988379
120854,0.99299217,-1.092200346,0,1,2.894405926,5.992260302
120855,1.023190978,-1.788934565,0,1,2.533292063,4.30953976
120856,-0.17718978,-0.162306533,0,1,2.176648207,5.617607543
120857,-0.015794372,0.95629588,0,0,3.676178391,6.534245011
120858,-0.20234722,-0.45792941,1,1,2.024897997,5.881421048
120859,-0.199327585,0.981006856,0,1,3.222419897,6.362612948
120860,-1.205606948,-1.0206685,0,1,0.881166251,5.237371017
120861,-1.956698252,2.027248696,1,1,3.628155274,9.503580943
120862,-1.159744728,-1.885431656,0,1,-0.142085343,2.684706804
120863,-0.808899139,-0.612455248,0,1,1.559876561,5.356672054
120864,1.465456001,-0.464899226,0,0,4.255555863,8.44240313
120865,0.291769281,-1.790779805,1,1,1.621686976,2.699200736
120866,0.207983492,-1.648796245,0,1,1.849370681,4.590700532
120867,-0.313595049,-0.759870981,0,1,1.934984961,4.377969376
120868,0.058271497,0.634408706,1,1,4.00167258,6.11988923
120869,-1.335895951,-1.136418428,1,1,0.760692084,4.861409237
120870,0.193589006,0.687285711,0,0,3.23032434,6.36184371
120871,1.417375195,-0.47189173,0,1,3.576840157,8.767373921
120872,-1.491478675,0.18662572,0,0,1.523300921,7.189114567
120873,-0.794643718,-0.924420198,1,0,1.957895989,4.799123791
120874,1.408177074,0.61871681,0,1,4.6335534,10.93565501
120875,-0.728077864,-0.018711535,0,0,1.847152389,6.149010217
120876,-0.085676988,0.165095618,0,1,3.769926734,6.118570204
120877,-0.405939613,-1.900062528,1,1,1.103663933,2.678490245
120878,-0.976350175,-0.531996585,0,1,2.297321335,5.716240981
120879,0.028111766,-1.082294362,1,1,1.078714601,4.799239528
120880,0.186284938,-0.381271461,0,1,2.819724459,5.56763404
120881,-0.759475102,-1.270276124,0,1,0.886665006,3.883990386
120882,0.446491416,0.424243386,1,1,2.841851446,6.690842287
120883,0.800220882,0.549288226,0,1,5.257205889,7.152996067
120884,0.624134455,0.38207862,1,0,4.114776489,7.600769363
120885,-1.758409679,-0.279118879,1,1,-0.061810467,6.687081573
120886,-1.432382462,1.369212075,0,0,3.53509387,6.713507213
120887,-0.014013725,1.269755845,0,1,5.361730245,6.897671405
120888,-1.030322292,-0.091869216,0,1,1.630583135,5.937785765
120889,0.26337425,-0.330902146,1,0,3.364680389,6.476894726
120890,0.1877894,1.482163457,1,0,5.007485549,6.398160736
120891,-1.031913423,-2.637922487,0,0,0.570047729,1.897726853
120892,1.600624139,-0.791662237,1,0,4.995375237,8.76552545
120893,1.122499696,0.6519133,0,1,4.227735464,9.892289957
120894,-0.216686798,0.38034479,1,0,4.047563747,5.587167068
120895,-1.140534264,0.085897154,0,1,1.575763059,6.150795507
120896,0.594040205,-0.774332726,0,1,3.174367852,5.560478385
120897,-0.380291097,0.31259352,0,1,2.959513992,5.600078998
120898,1.32327371,-0.00315484,0,1,3.649260925,9.09915272
120899,-0.430659845,-0.146415775,0,0,2.389537283,6.062563204
120900,1.160175947,-0.641512336,0,0,3.028894049,7.53416175
120901,-0.300232397,-0.632260778,1,0,2.010395461,4.521450923
120902,-0.204316535,0.213695602,0,1,2.642083295,6.124024304
120903,1.033878202,-2.124575285,0,1,2.025940599,5.514763648
120904,0.555488916,-0.891589882,0,0,3.256095749,5.73815298
120905,0.593070005,1.239634989,1,1,4.722278988,7.796344122
120906,0.995595012,0.15795878,1,1,4.002683325,8.252531489
120907,0.834498934,-0.943383936,0,1,3.19522786,5.795528583
120908,-0.067830086,1.519471097,0,1,4.149285704,6.137616365
120909,-0.78925553,0.197269165,0,1,2.241032314,6.377479402
120910,-0.369175372,-0.19510847,0,0,3.020828088,5.659089575
120911,0.406071195,-0.269518905,1,1,3.191292707,6.331705829
120912,-0.003409147,-0.50458327,0,1,2.680678376,5.465325121
120913,-1.825028325,0.193094128,0,1,1.720022903,7.737416298
120914,0.439470037,1.382173464,0,1,5.907032032,7.810921048
120915,-0.131865463,-1.394708531,1,0,1.126176637,3.835733209
120916,-0.754008194,0.540392345,0,1,2.537167484,6.067267908
120917,-0.084529511,0.279290884,0,0,3.585392933,5.482040653
120918,-0.353080138,1.869808914,1,1,4.25774269,6.649251259
120919,1.727988011,-0.931595625,0,1,3.637088376,8.407149247
120920,0.909030993,0.30406239,0,1,5.032557301,7.892838042
120921,0.013559525,-0.859687989,1,1,1.964819182,4.973525553
120922,1.621530633,1.165258341,0,0,5.390623994,10.89001683
120923,-1.457100053,1.383491308,0,1,1.997292093,6.286320144
120924,-0.03837827,-0.597790574,0,1,2.133858608,5.813479848
120925,-0.976577765,0.944820312,0,1,3.571676101,6.385845418
120926,0.399895521,-0.87414632,0,0,2.98395655,5.073893614
120927,-0.811097788,-0.387523104,0,1,1.7738359,5.266928036
120928,-0.512506046,0.527780312,0,1,3.049856272,5.998626704
120929,0.378736993,-0.635649903,1,1,3.235989861,6.161312046
120930,-1.657509425,-1.333999267,0,1,-0.148981542,4.764536867
120931,0.870055509,-0.994810474,1,1,3.940711627,5.89941577
120932,0.111135199,-1.763157534,0,1,1.823536599,3.357118588
120933,0.397059836,1.919526406,1,1,5.470931097,6.610164471
120934,-1.328067231,0.549697269,0,1,1.820824279,6.789414913
120935,0.272461933,0.917883946,0,1,4.038994579,7.725207567
120936,-0.131240319,0.272824942,0,1,4.004029064,5.293690951
120937,0.181974128,0.572842819,1,1,3.687642972,5.438863092
120938,-0.839112705,0.192448761,0,0,2.906537109,5.500792217
120939,0.810325597,1.167990591,1,1,5.228439356,8.130217868
120940,0.495728916,-1.131956534,0,0,2.666370152,3.766964036
120941,-1.553578176,0.408625561,0,1,2.297749594,7.532607758
120942,-1.011643753,0.844334606,0,0,2.594193541,6.505955563
120943,-0.287784364,1.011615943,0,1,3.834208966,7.111267045
120944,2.125816625,-0.062322675,0,1,5.774159969,12.25545813
120945,-0.116000386,1.013492949,0,0,4.124692473,6.215960651
120946,1.063905028,1.701608168,1,1,6.029890631,9.378488093
120947,0.196569619,-0.632866958,1,1,2.680377315,4.520771552
120948,0.007713657,-0.623629193,0,0,1.104000642,5.114690631
120949,0.239809703,-0.868239688,0,0,3.305723614,3.55538316
120950,0.902006456,0.697490155,0,0,5.306274151,8.304335169
120951,0.139033304,0.025576547,1,1,4.393951056,5.701175211
120952,-0.196442918,1.312255204,0,0,3.980158738,6.750256816
120953,1.187417483,0.145716855,0,0,4.995232388,8.719055577
120954,-0.856649877,-1.176848319,0,1,0.559476569,4.350677426
120955,0.287620713,-0.638061937,1,0,3.652749912,5.971057542
120956,0.475933872,-0.386695537,0,1,3.011980351,6.651544641
120957,0.773754359,0.207415244,0,0,3.666544409,7.865571032
120958,0.998053062,-2.233905252,0,1,2.911531982,4.36416162
120959,-0.227050246,2.216788133,1,1,4.870317352,6.44914895
120960,-2.503161012,0.842652217,0,0,1.997433578,10.87064124
120961,0.418003741,1.285701054,0,1,4.545331678,7.527852299
120962,-0.173591796,1.190354439,0,1,4.03302466,6.02321725
120963,1.216905804,0.196780093,0,1,3.753905556,8.831246143
120964,-1.164011878,0.913004534,0,0,2.95907865,6.198357058
120965,-0.973436995,-0.137376571,0,1,2.430388457,5.875319086
120966,0.946908244,1.092067706,0,0,4.789874197,7.604979468
120967,-0.347958973,0.626982936,0,1,3.24578102,6.200259478
120968,-1.542536614,-0.472380901,0,1,1.35244276,7.046976471
120969,1.468918896,1.343388048,0,1,6.231254022,10.77441285
120970,0.669213836,-0.141834486,0,0,3.851782149,6.896335389
120971,0.847260317,-0.023228192,1,1,5.288007089,7.386589874
120972,0.168228607,0.088382908,0,1,3.249393312,6.233788801
120973,-0.775520306,0.725924811,0,0,2.998445505,5.99778485
120974,-1.069947261,0.775844854,0,1,3.126417801,6.893184654
120975,-0.960602471,-0.722075716,0,0,1.149573352,4.594932155
120976,-2.840847356,-0.156083452,1,0,-0.195645794,11.18819662
120977,0.189188975,0.827072508,0,0,4.063587205,6.583159757
120978,1.31087601,-1.490213428,0,1,3.151962583,7.184760299
120979,0.984827487,-0.464034254,1,1,3.790947183,7.348189389
120980,-0.072060098,-0.105268356,0,0,2.899273863,4.783728932
120981,-0.449514671,-0.889911057,1,1,2.387182889,3.977779355
120982,0.279216715,0.811145045,0,0,4.389156538,6.94500262
120983,-1.259771713,-0.019458756,0,1,0.838903805,6.892352259
120984,-0.629012255,1.095921778,1,1,3.165097422,6.770127799
120985,0.493579547,1.508705114,1,0,4.813842859,7.569744883
120986,-1.548765001,1.0341966,0,1,3.097444302,6.762662801
120987,0.16266541,-0.72517345,1,1,2.838924929,4.843932548
120988,0.489203494,1.566033273,1,1,4.509929358,7.462754384
120989,1.604614125,0.822218204,1,1,5.264880217,10.81589914
120990,-0.991604686,0.309863453,0,1,1.898165055,5.717480168
120991,0.342422576,1.242016623,0,1,5.396272626,7.508568051
120992,-0.164875179,0.015571783,0,0,2.179027974,6.034030251
120993,-0.653508693,0.668087321,1,1,3.382582531,5.48172886
120994,-0.215410489,0.185978589,1,0,3.114455482,6.591763314
120995,-0.469550013,0.047239614,0,1,3.036990087,5.05109684
120996,-1.080413005,0.160889167,1,0,2.652351241,7.053640446
120997,-0.602575224,0.699328554,0,1,3.352176673,5.937739473
120998,1.847453419,0.845701242,0,0,5.826564808,12.02580246
120999,-1.119922514,-0.359296716,0,1,1.81472692,6.078906491
121000,-1.609695084,0.013570062,0,1,1.617714508,7.486962376
121001,-1.774223549,-1.201377306,0,0,0.764640799,5.236310398
121002,1.09625679,0.861036854,0,1,5.921877177,8.468549193
121003,-1.520367124,-0.447440164,0,1,0.84047438,5.793113076
121004,0.463487255,0.392493258,0,1,4.133262665,6.786676152
121005,-1.627167197,0.260009682,0,1,1.97302631,7.374483038
121006,-0.607852631,1.198667905,1,0,3.469889805,6.635346208
121007,-0.200179773,0.35928747,0,1,2.751327339,5.570556326
121008,-0.109120607,0.66644446,1,0,3.385714003,6.613974656
121009,-0.768069421,0.668253295,0,1,2.512782925,6.931976031
121010,1.20896282,1.835560648,0,0,6.350526871,9.491011519
121011,1.583789611,-0.536121834,0,1,4.713908653,9.313768234
121012,0.577149723,0.807497238,1,0,3.632010996,6.975651701
121013,0.590044855,0.753478467,0,0,3.836499188,7.791862704
121014,0.423943614,-0.545255408,0,1,2.740505991,5.608043405
121015,0.207110553,0.846786701,0,0,4.434156418,5.879704991
121016,0.461605393,-1.096353505,0,1,2.880067027,5.485355586
121017,-0.877618277,-0.409241617,0,0,1.439355246,6.086757655
121018,-0.204813502,0.157273228,0,1,3.154926512,5.848503811
121019,-0.977094503,0.794955834,0,1,3.32267388,6.55480714
121020,-1.857564324,0.528701686,0,1,1.138396968,7.760910789
121021,0.506533428,0.644098654,0,1,3.834731872,6.754321775
121022,-3.066987633,-1.349275484,0,0,-0.760818626,11.1596982
121023,-0.352696017,0.168282038,1,1,2.520101917,5.360834537
121024,-0.081391402,-0.8137466,0,1,2.59201758,3.98684571
121025,1.283043987,0.3240295,1,0,3.814085601,8.885623797
121026,-0.394754919,-0.98757153,0,1,1.586667195,3.680570378
121027,0.06821329,1.258700441,1,0,3.483504528,7.250739797
121028,0.035179827,-0.032047433,0,1,2.351473115,5.581820002
121029,0.066282395,0.120615868,0,0,2.103215333,6.555334954
121030,-0.233186575,-0.972855005,1,1,1.564183515,4.359297483
121031,1.529014309,0.637492602,0,1,5.059656013,10.37475907
121032,2.117133396,0.497555942,0,0,6.30511903,13.42332631
121033,-0.231291944,-0.945836681,0,1,1.458566661,4.479832903
121034,-0.329995772,-1.152942952,0,0,1.836179922,4.973527277
121035,2.097840676,-0.017031709,0,1,4.743449191,12.57933154
121036,0.786056608,0.961968656,0,1,5.222079877,6.646820451
121037,1.080915132,2.547869784,0,0,6.009891776,9.383451765
121038,-0.095411897,-0.181862064,1,0,1.953545092,5.96434771
121039,0.164480292,0.748541529,0,1,3.377468873,6.568415709
121040,0.178877109,-0.268851267,0,1,2.962119708,6.041611402
121041,-0.715937395,-0.774349484,0,1,1.554049199,4.505813883
121042,0.269472683,-0.99887825,1,1,2.193054634,4.692082392
121043,-1.814032599,0.11523953,1,0,0.322244462,8.109695832
121044,1.162629918,0.661810951,1,1,4.396239754,9.231755012
121045,-0.017887841,0.403001832,1,0,3.307045701,6.420085109
121046,-1.647115703,-0.689640164,0,1,-0.495473806,5.724809828
121047,1.678068709,1.184118748,1,0,5.612549873,11.11411007
121048,-0.711572671,1.754312258,0,0,4.060756346,7.161439539
121049,-0.717890892,-0.823192038,1,0,1.165123202,5.138383425
121050,1.535917568,1.307740053,0,1,5.665350964,10.66679377
121051,-0.588559503,-0.049088825,0,0,2.125356201,5.808404572
121052,-0.341699981,0.504138555,0,0,3.718892378,6.006904765
121053,1.567391918,0.532154542,0,0,5.063681251,9.422750584
121054,-0.113904412,-1.346300009,1,0,1.335518681,3.809120456
121055,0.777963132,-1.222947149,0,1,1.798574801,5.353141052
121056,-0.187133068,0.958235644,1,1,3.501648968,6.156773561
121057,0.81122546,0.838713275,1,0,4.975845217,9.344024648
121058,0.698921235,0.145859461,0,1,3.850829247,7.540385412
121059,0.302154624,0.092070265,1,1,3.787695482,5.991900301
121060,0.482577432,0.535236441,0,0,4.42201357,7.407642084
121061,0.133328492,0.513814122,0,1,3.241816904,6.06600998
121062,-0.684821028,-0.306956678,1,1,2.517823214,4.860090972
121063,0.230498561,1.923512983,0,1,4.074959173,7.118239676
121064,0.528990844,-0.134735947,0,1,2.889371458,6.688027953
121065,-0.220223862,0.744165509,0,0,3.406482175,5.466336768
121066,-0.097261319,0.637380986,0,1,3.328549091,6.395120652
121067,0.511604056,-1.246077967,0,0,2.660714675,4.45959445
121068,0.472785023,0.465623814,1,1,3.591607377,7.120297789
121069,0.796667868,-0.837083388,0,1,3.437199394,6.233345669
121070,1.0941101,-0.166797491,1,1,4.595161579,8.743024971
121071,1.988274333,1.752432955,0,1,7.402320861,12.42453492
121072,-0.608060192,-1.369218595,0,1,1.489449164,2.866476144
121073,0.697242445,-0.819969034,0,1,2.931933086,6.328896777
121074,1.147507523,0.529861878,0,1,4.044628071,8.777212595
121075,-1.453608991,0.782064244,1,1,1.967800466,7.511652718
121076,0.137250919,0.412111624,1,0,4.404893017,6.432140533
121077,1.5240466,-0.129922162,0,1,4.332642405,9.423891681
121078,0.758021731,-0.59838867,1,1,3.946556871,6.981069198
121079,-0.573804928,-0.218147514,1,1,2.917962066,5.709312476
121080,-0.620381402,0.567861498,0,1,2.379798498,7.646597031
121081,-1.323436266,0.829547144,1,1,3.573656689,6.486428215
121082,-0.761528587,0.377704564,0,1,2.668396723,6.038966215
121083,-1.187433261,0.477732374,0,1,2.278457473,5.563673575
121084,1.084007496,0.009771173,0,1,3.898853403,7.731524388
121085,1.548682239,-0.139907352,1,0,3.152203343,9.987126467
121086,0.411367752,-0.925466973,0,0,2.255432024,5.480999577
121087,0.438430903,-0.568139293,1,0,3.580082037,6.587002332
121088,-0.720391314,1.580103608,0,0,3.906988257,6.688236652
121089,-1.270220855,-0.114768457,0,1,1.510856176,5.526479214
121090,0.712790264,0.234070906,0,1,3.60581743,8.156347613
121091,-1.847326993,0.60390927,1,1,1.975197143,7.440444938
121092,-1.378998958,-0.443251949,0,1,0.697592098,6.70891443
121093,-0.244242653,-2.92002932,0,0,-0.788530007,0.687520693
121094,-0.105900565,0.665877397,0,1,3.16811215,7.377952273
121095,-0.170084426,0.184929813,0,1,2.789481843,6.376658735
121096,2.261786854,1.125440233,0,1,6.279155216,15.25287874
121097,0.059385818,2.587008829,0,1,5.882386754,6.98593904
121098,-0.636371024,0.519677108,0,0,3.516701283,5.936296744
121099,-1.576623903,0.398328005,0,0,1.475078259,6.664105939
121100,-0.111410309,0.060793267,0,1,2.828887608,5.73034465
121101,0.370481395,0.280003915,0,1,3.708609182,6.387579713
121102,-1.072627242,-0.383345137,0,0,1.26454122,4.732152832
121103,0.006060714,-1.429175611,1,1,1.071398629,3.797098622
121104,0.802569451,1.88288231,0,0,5.932956422,7.51130481
121105,0.303543535,-0.527713165,1,0,2.030281941,5.786804915
121106,-2.301924461,-1.520908256,0,1,-0.154323824,7.056524304
121107,0.339228864,1.262436537,0,0,4.384226222,5.913966809
121108,-0.220084369,-1.487241268,0,0,2.11254241,3.556966342
121109,-0.871025244,-0.572228748,0,0,1.540579837,5.415687569
121110,-1.932547364,-0.310566235,0,1,0.797620227,7.345112619
121111,0.892386758,-1.681781916,0,0,2.866739407,4.300125274
121112,-0.559640053,-2.024304275,0,1,1.280601063,3.207257461
121113,-0.819149343,-0.148044029,1,1,1.623333323,6.251287979
121114,1.021206213,0.455708634,0,1,4.253784788,8.603501241
121115,-1.183447701,0.09398131,1,1,2.175900097,6.162299358
121116,-0.333933411,-0.012870128,0,1,2.963882039,5.651806549
121117,-0.199494828,0.313372068,0,0,3.103239896,5.951342308
121118,0.181112637,0.866433482,0,0,4.299078289,5.820433775
121119,0.116591887,1.689930711,0,0,3.941151563,6.897973514
121120,0.519226184,1.478310335,0,1,5.499762742,7.384129149
121121,0.720250023,-0.672785736,0,1,2.775542672,6.110456805
121122,1.242917897,1.184177128,0,0,5.967129178,8.342422847
121123,-2.872058609,-0.548445345,1,1,-0.710009884,9.940909894
121124,1.442759107,1.054388039,0,1,6.088404146,10.06620083
121125,-1.460417509,0.858761815,0,0,2.530117486,7.166177812
121126,1.727234901,0.606698423,0,0,5.360619322,11.68360058
121127,-1.475856176,-0.783815334,0,1,0.984479216,5.732388663
121128,0.400504375,-0.215534963,0,0,2.287451009,5.70375265
121129,1.277662676,0.731248736,0,1,5.078525809,9.943322864
121130,1.963177677,1.020616912,1,1,6.087458125,12.53510774
121131,0.552537347,-0.314334319,1,0,3.112539806,6.55666825
121132,1.404461763,0.005498344,0,1,4.425400362,9.106203016
121133,-1.025900068,0.048170823,1,0,2.318475396,5.884686453
121134,-0.091855578,-0.99354019,0,1,2.852448714,4.55046572
121135,0.827838479,-0.140428231,0,1,3.605683356,7.680316372
121136,0.395588623,-0.780908606,1,0,2.270453467,4.592872089
121137,-0.164671195,0.774326162,1,1,3.241741118,6.626027119
121138,-0.246828302,-0.36534157,1,1,2.223612395,4.975811013
121139,2.184313702,0.316194926,0,1,5.957659676,13.22583012
121140,0.733306528,0.746237932,0,0,4.467152691,8.26525955
121141,0.096963637,0.527624627,0,1,3.033323915,6.125897923
121142,-0.973011802,1.448208552,1,0,3.786725964,6.004414641
121143,1.246949761,0.190214569,0,1,4.776605229,8.464706057
121144,0.006355876,-1.23962307,1,1,0.887428529,4.219654334
121145,1.029310972,-0.255036803,1,0,2.904864057,8.07582506
121146,0.609766908,-1.440673994,0,1,1.782885796,5.210858624
121147,0.631454616,-0.175251055,0,1,4.196057321,6.946607618
121148,0.011907872,-1.417811766,0,0,1.107188207,3.931537114
121149,0.679064297,-0.612525352,0,1,4.34218877,7.077064155
121150,-0.047011254,0.804181001,0,0,3.838192434,6.3191138
121151,-0.085668854,1.986242962,1,1,4.293112663,6.079871517
121152,-0.898803065,0.240485748,0,1,1.718115463,5.628343699
121153,0.413323163,-1.01897278,1,1,2.162577766,5.707331533
121154,0.087409008,-0.194881757,0,1,3.208830156,5.045522816
121155,0.225814426,0.453647979,0,0,3.81235493,5.924874834
121156,1.398250832,0.288173829,0,0,4.784290694,9.97317437
121157,0.547069131,1.499315967,0,0,4.905420979,7.720476999
121158,-1.584263737,-0.261196821,0,1,0.605361425,6.406853621
121159,0.038171864,-1.555560341,0,1,1.77597221,3.141482688
121160,0.07668047,-2.355805913,1,1,0.556128868,1.827220776
121161,0.705537725,-1.478285436,0,0,2.577524547,4.996944803
121162,-1.25118494,0.524344353,0,0,1.428512172,7.008307091
121163,-1.667573348,2.053780275,0,1,2.861420241,7.033064055
121164,0.116602766,-0.097093081,0,0,3.589394342,6.714285767
121165,1.203192852,-0.079708839,1,0,4.07185818,7.989111154
121166,0.240631191,-0.155900181,1,0,2.636421115,6.357541051
121167,-0.501817103,0.371187505,0,1,2.881508019,7.234243627
121168,0.525028054,-1.273138245,1,1,2.630870834,4.82887785
121169,-0.881172975,-0.659415052,0,1,0.806135275,5.527601916
121170,-0.029588215,0.345660617,1,0,2.772558371,5.972038742
121171,2.156085645,0.275040151,0,0,5.963183179,12.97269549
121172,-0.174343681,-0.714880775,0,1,1.716502348,4.959569665
121173,0.985282566,-0.011902471,0,0,5.291013831,8.170332023
121174,0.341754568,-0.000679165,1,0,2.665880596,6.400960025
121175,0.550577343,0.478700006,0,1,3.823374846,7.518015108
121176,0.373842705,0.003833086,0,1,3.789161437,7.064756553
121177,0.093428792,0.382319559,0,1,3.727423637,5.70597076
121178,-1.924196185,-0.034072629,1,0,0.899516279,7.809024941
121179,0.980789473,-0.480314511,1,1,3.92025136,8.426470558
121180,-2.090118999,-1.385035056,0,1,-0.707404885,6.331658862
121181,0.075197537,-0.720759568,0,1,1.833669575,4.846951068
121182,0.133924944,-0.018462167,0,1,3.01141776,6.372510809
121183,-0.469154101,-0.914997822,1,0,0.935523348,4.230207317
121184,0.195486955,0.068931695,0,1,3.277426189,6.666641167
121185,-0.123889497,0.872414437,0,1,3.254023543,5.954166419
121186,0.201334438,-0.596031536,0,1,2.495058797,5.902957566
121187,-0.35859395,-0.061930949,0,1,1.926900075,5.550566441
121188,0.123190773,1.336415171,0,1,4.49868053,7.15756334
121189,1.688077241,-0.468945312,1,1,3.646426819,10.17852328
121190,-1.019407132,-0.542881513,0,0,1.330502781,5.450482953
121191,0.420126263,0.832786348,0,1,4.554559944,7.407472749
121192,-0.408114857,-0.914176581,0,1,1.571714324,3.698066482
121193,0.38236117,0.623592922,0,0,3.818722951,6.427888263
121194,1.034643705,-0.63771721,0,1,3.529634379,7.28514893
121195,0.328862475,-1.63169957,0,1,1.55728168,3.766215544
121196,-0.105697058,0.718514506,0,1,3.39907986,6.430500427
121197,1.483720692,0.302162954,0,0,4.118847076,10.30079713
121198,-0.241750143,-1.405960934,0,1,1.507771534,4.503672517
121199,0.2283711,0.631758919,1,1,3.322674998,7.219418182
121200,1.01366576,0.243211711,0,1,4.915847304,8.546767689
121201,-0.955471367,0.553503841,0,0,2.135300811,6.231107298
121202,1.689879529,-0.262398574,1,1,4.911120011,10.03817473
121203,-0.802446068,-0.32967681,0,1,1.547718631,6.34361098
121204,-0.013178644,-0.523481528,1,0,2.42907696,5.726930216
121205,0.70633284,0.430730182,0,0,4.048843254,8.243847713
121206,-0.334325312,-0.019825243,1,0,1.692502165,5.465153119
121207,-1.53906585,0.321254276,0,1,0.906869742,6.609089576
121208,-1.393806643,-0.277331556,0,0,1.474471336,6.277846199
121209,-0.461344464,0.466579001,0,0,3.664941578,5.872339747
121210,-0.44414206,-0.046957948,0,1,2.177361083,5.906776649
121211,1.495192034,-1.56943204,0,0,3.15012423,7.412000313
121212,0.113101627,0.864209271,1,1,4.118158711,6.638556372
121213,-0.627750196,0.020922464,0,1,2.438882379,5.26610363
121214,-1.361328859,-1.608779136,1,1,0.752175997,3.450548619
121215,0.722109022,-0.3271436,1,0,3.273536918,5.418333499
121216,-1.312684847,-0.47337895,1,1,0.846519543,5.992170158
121217,0.6044344,0.551231717,0,0,5.075904602,6.946791982
121218,1.047734172,-0.503996852,0,0,3.522820618,7.047796256
121219,-0.627436575,0.330881396,1,0,2.327851993,5.976658097
121220,1.000095562,-0.374558562,0,0,3.725527365,8.265610549
121221,0.95819114,-0.33346982,0,1,3.464138781,7.509250235
121222,2.037451942,-1.719673904,1,0,3.378878704,9.269558756
121223,1.534834877,-1.497480202,0,0,3.116060523,7.266581873
121224,1.22317336,0.085800643,0,1,4.924793472,9.2394226
121225,-0.453342905,-0.908770239,1,1,1.337378082,5.02711855
121226,-0.928122144,0.681755957,0,1,2.75720365,6.219156364
121227,0.460309214,-0.188444532,0,0,3.392920481,6.323659689
121228,-0.026584242,-0.871281197,0,1,2.316954116,4.545071601
121229,-0.132567447,0.885841112,0,1,4.382870167,5.827303923
121230,-0.907591995,0.521137514,1,0,2.971801495,6.232850503
121231,-0.461446863,-1.527569266,1,1,1.335122689,3.819594833
121232,1.061678832,-1.373947158,1,1,3.002456636,5.754934624
121233,-0.464827733,1.069253435,1,0,3.690682451,7.133601257
121234,-0.787210794,0.942553424,0,1,2.872227066,7.04394955
121235,-0.448501572,-0.093589178,1,1,2.275751435,5.699161865
121236,1.884547477,1.135790661,1,1,6.41530151,12.12303868
121237,0.086185433,-0.653990548,0,0,1.724621165,4.513905278
121238,0.026886269,1.64960973,1,1,4.686041586,6.281643828
121239,2.172050914,-0.619832034,0,1,4.583376184,11.47116244
121240,1.444245062,-1.577827788,0,0,1.757821269,6.4225386
121241,0.588206408,0.374366421,0,1,3.342097865,7.777182618
121242,1.041096922,-0.832408826,1,1,3.236750383,6.970578535
121243,0.146017154,-1.861759754,1,0,0.763413942,2.348098249
121244,-0.630065218,-0.017003583,1,1,2.327665654,4.964397303
121245,0.194513083,2.791971166,0,0,6.084694568,7.596943705
121246,-0.509394994,0.020851016,0,1,1.884515078,5.992163731
121247,-1.152002461,-1.886396598,1,1,-0.936223987,2.104817592
121248,0.898354907,0.905452836,1,0,4.408472575,7.455354206
121249,-1.37544054,-1.689790895,0,0,-0.144487987,3.847954225
121250,-0.63588161,1.667025787,0,1,3.609043987,6.408419445
121251,-1.488141349,0.681796858,0,0,2.958892838,7.190425846
121252,0.131426631,-0.301817454,1,0,2.588416909,5.548170246
121253,-0.604601602,0.244982046,0,1,2.570673169,6.113072894
121254,-0.310795067,-0.399320399,0,0,2.471520585,5.033606572
121255,-0.207539751,1.111622487,0,0,4.123968357,6.913934397
121256,0.212841435,0.068951925,1,1,2.705642657,6.70408407
121257,1.382578792,-0.268148453,0,1,3.899919336,9.265249923
121258,1.432837567,-0.675812296,1,0,3.040482067,9.106966403
121259,0.531148913,-0.323103289,0,1,3.045512467,6.909246761
121260,-0.068496276,-0.643239236,1,1,1.714031589,5.321079242
121261,-0.295386711,-0.700590876,0,0,1.844758526,4.562571889
121262,0.4028518,-0.824768148,1,0,2.863325278,5.65875706
121263,0.536557715,2.347065866,1,1,6.779980916,7.975108513
121264,-1.555041293,-2.372121378,0,0,-1.137928834,2.877028109
121265,-0.98819553,0.743296799,0,0,2.933700751,7.182568157
121266,-0.711160002,0.577481088,1,1,3.959166399,6.64460816
121267,0.94922125,-0.251078117,0,0,3.993520538,8.106478335
121268,0.884768251,-2.269501773,1,0,0.370779691,4.592880309
121269,0.834532731,0.799303373,0,0,4.637256197,8.622707121
121270,-0.099432862,1.003536563,0,1,3.946493273,6.025519309
121271,1.440962885,1.932820582,1,0,6.245341521,10.49475972
121272,1.941249296,0.055525529,0,0,4.876848089,11.69655184
121273,-0.1412172,-0.078101286,0,1,3.484023891,6.213665753
121274,-2.67449029,0.698156781,0,1,1.217729638,10.52639801
121275,2.349355695,0.565833549,1,1,5.969038158,14.62887305
121276,-1.421478845,-0.994691697,1,0,0.517266972,5.722624047
121277,-0.938425735,1.657051981,1,0,4.133844562,6.867197245
121278,0.502393819,0.638128634,0,0,4.385396804,7.061584427
121279,0.353529714,-1.11147873,0,0,1.442173534,5.08286369
121280,-0.943910709,0.680738485,0,1,2.490071219,6.512370762
121281,0.086211547,-1.858098419,1,0,1.49819387,3.158869965
121282,0.786026997,1.416729692,0,0,5.792885713,8.441744115
121283,0.006391881,-0.315964513,0,1,1.65508591,4.940493056
121284,1.365792359,-0.195731762,0,1,4.538357757,8.202202344
121285,-0.613821932,-1.53850357,1,0,0.873454081,3.806420134
121286,-0.491198802,1.867000632,0,0,4.618235621,6.683097525
121287,1.163804713,0.119364819,0,1,4.742729547,8.547344787
121288,-0.005873958,0.98963932,0,0,3.549170881,7.496456456
121289,0.102301402,-1.263904739,0,0,2.09352808,5.34692845
121290,0.144292026,0.175510255,0,0,3.673594647,6.578425275
121291,0.012904456,0.257449938,0,0,2.443904468,6.777467387
121292,-0.692900786,0.155072082,1,0,2.465259353,5.726000383
121293,-1.603278639,-0.920631424,1,1,0.19094919,5.101091826
121294,-0.243855103,0.602537564,0,1,2.858307709,5.849961271
121295,-0.297331388,0.440198392,0,1,4.128223692,6.440129729
121296,1.022677458,2.420233271,0,1,6.477506227,8.640579923
121297,-0.293143776,-0.643731381,0,1,2.295890493,5.47669648
121298,0.038589136,0.198426005,0,0,2.951460023,6.325790451
121299,0.546123383,0.812553508,0,0,4.735889987,7.421018123
121300,-0.282392769,0.726934575,0,0,3.399919148,7.063797198
121301,0.08196618,1.227371641,0,1,4.281415133,6.214671817
121302,-0.278812634,0.140255602,0,1,2.435695048,6.074845867
121303,0.27025617,1.132525263,0,1,4.605873378,7.001971715
121304,-0.004103507,-1.036603883,1,1,2.556445856,4.811675205
121305,-1.695621799,1.034009856,1,1,2.31777597,7.441569984
121306,0.64027451,1.661947527,1,0,5.567805677,7.133838589
121307,0.092466463,0.086597756,0,0,2.807383943,6.230718337
121308,0.179366491,-0.536038177,0,1,3.022393231,5.073476349
121309,-0.703797519,0.438396405,1,1,2.116133171,5.896368631
121310,1.180844174,0.603808358,0,1,3.997133838,9.104012458
121311,-0.480998525,0.424648575,0,1,3.101289527,5.807636081
121312,0.17646383,-0.563352284,0,1,2.125829674,5.470098025
121313,-1.222508929,-0.830608788,0,1,1.055025183,5.26530579
121314,1.195481806,0.253618438,1,0,4.805280792,10.01263982
121315,-0.609123279,0.076565524,0,0,2.444606223,5.503441921
121316,0.610848452,-0.540146782,0,1,3.115263505,6.354967507
121317,-0.765015007,-1.776401523,0,0,0.083491377,2.809539823
121318,1.088549042,0.587922461,0,0,4.245883388,8.828040675
121319,0.669389069,0.561920623,0,0,4.915932154,6.581344955
121320,-2.027591567,0.109608127,0,0,1.192769133,8.325272722
121321,0.449968078,0.070732675,0,1,3.895462903,5.900136123
121322,-2.351328607,-0.124806416,1,1,0.83635976,9.499808788
121323,-0.257286459,1.037508635,1,0,4.238741994,6.315359824
121324,-0.10393076,-0.520182056,0,0,2.557417397,5.424727724
121325,-0.520768036,0.722846811,0,1,3.26892396,5.6659005
121326,0.672505716,-0.213972793,0,0,2.575039647,7.278116185
121327,-0.398883319,-2.3019652,0,1,-0.011056429,2.249235891
121328,-2.041648909,-0.835450037,0,0,-0.400635876,7.06548527
121329,-0.143878546,-0.790962236,0,1,2.293304228,4.737484529
121330,-1.514135848,-0.036830669,0,1,1.594242263,6.961728201
121331,-0.02180419,1.30923349,1,0,4.865409832,7.079935359
121332,-0.358717311,-0.234663492,0,0,2.82094205,6.453272964
121333,-0.717084259,2.603855678,0,1,4.517446686,6.002577173
121334,0.644729321,-0.828352964,0,0,3.092943219,5.825474402
121335,-1.969989866,-1.288825852,0,0,-0.777817878,5.823089988
121336,-0.919231291,-1.361811162,0,1,1.616708556,4.178406887
121337,-0.11869819,-1.016887817,0,1,2.115659173,3.869319587
121338,-1.605006981,0.637583716,1,0,2.110336821,6.588033893
121339,-1.541055325,-2.553303313,1,1,-0.848076922,1.67892305
121340,0.937029353,1.790408185,1,0,5.749940025,8.701987076
121341,0.040340373,0.68647592,0,1,3.546057444,6.428971307
121342,0.671384152,2.355235541,0,0,5.666505814,6.842429933
121343,-0.990304947,-0.454105766,0,1,1.621146595,5.508383979
121344,-0.439064397,0.054173237,0,0,2.746496336,6.12175704
121345,-0.207296532,-0.082255176,0,1,2.44513276,5.274386142
121346,0.14269159,1.978004381,0,1,5.932237263,6.664483037
121347,0.274031945,0.829415611,0,1,3.691949527,6.708980372
121348,0.667906396,0.356444732,0,1,4.693845242,7.007205536
121349,-0.266375652,0.804753179,0,1,2.099931918,6.699695398
121350,-1.750639912,1.539890575,1,0,2.466342294,7.666836121
121351,0.667531869,0.100458107,0,1,4.217622063,6.882307371
121352,-0.012609534,0.219906701,0,1,4.332280498,5.733533713
121353,0.813623002,0.462949597,1,1,4.509039488,7.432931338
121354,1.365368345,1.714981024,1,1,6.497270804,9.993273597
121355,1.093969868,-1.49154106,0,1,2.728586196,5.809745986
121356,-0.521197929,0.977237036,1,1,3.445924419,5.779486499
121357,2.130324866,-0.586913526,0,1,4.644614282,11.90025959
121358,0.60005254,1.227928999,0,0,5.121128756,7.270346061
121359,0.105973001,-1.218065955,0,0,1.978661698,4.894991974
121360,1.955264977,-0.868200799,0,1,4.537570934,10.37115279
121361,-0.740077584,0.268373076,0,1,3.111758801,6.053617139
121362,0.055177824,-0.917343428,0,0,1.76344477,4.014300299
121363,1.676287891,0.520667985,1,1,4.818509979,10.4406904
121364,0.905437934,-0.043203878,0,1,3.532534541,7.995343767
121365,-0.006796638,1.322845197,0,1,4.774108027,7.09985054
121366,-0.520165882,-0.356237371,1,1,1.849514623,5.635805691
121367,0.466236931,0.904348309,0,1,4.429190828,7.554143747
121368,0.907265867,-0.942288491,1,1,3.05784036,6.823290695
121369,-1.083362933,-0.848326199,0,0,0.701122115,4.475906642
121370,0.883899565,0.882593682,1,1,5.089680019,8.536613067
121371,0.320631206,0.296882447,0,0,2.674334116,5.988184844
121372,-1.651392729,0.319028669,1,0,1.882534187,7.22078007
121373,-1.573338377,0.825677691,0,1,1.906425388,7.905966261
121374,-0.315250418,0.242296813,1,0,2.458155432,5.888234935
121375,-0.213410393,-0.080200014,0,1,2.319713938,5.855542477
121376,-1.113842788,-0.168797588,0,0,1.90540674,6.075710777
121377,-0.063071283,0.206654592,1,1,2.700812537,6.896152628
121378,0.544647715,0.480337651,1,0,4.141301594,7.858638881
121379,0.269634355,-0.652311039,0,0,3.06644808,5.715393439
121380,-1.29950289,-1.002415971,0,1,2.730396088,5.024203179
121381,-0.81751094,0.846346772,0,1,2.405617454,5.825686328
121382,1.075533849,-0.796511196,0,1,3.755231748,6.619203819
121383,-1.160009767,-1.622548782,0,1,-0.214276963,3.445220917
121384,-0.623700658,0.415710754,1,1,2.501858664,6.127141042
121385,-1.087641679,1.186136596,0,1,1.913693856,6.546090604
121386,0.366678603,1.066104266,0,0,3.990439426,7.705898896
121387,-0.796528414,0.712115825,0,0,3.592382316,7.038406964
121388,-1.109328928,0.691809877,0,1,2.256172363,5.897422979
121389,1.440743051,1.426170277,1,1,5.853447786,10.10182966
121390,-0.531305234,-0.882287407,0,1,1.958720974,4.683689337
121391,-0.165759471,1.571070278,0,1,4.24903615,5.232031837
121392,-1.362288162,-1.513273001,1,1,-0.157912139,3.986623737
121393,-2.045520326,0.094259295,0,1,1.002997916,8.17975129
121394,-1.699241207,1.190900101,0,1,2.207771637,7.727564881
121395,1.640797113,-0.136842909,0,1,4.518894951,10.29967609
121396,2.393079309,0.233500812,1,1,5.999029778,14.0836487
121397,-0.50490279,-0.521325893,1,1,2.252437985,5.158437121
121398,1.432952661,0.79280906,0,0,5.16100322,9.764889767
121399,-2.030271053,-1.880217573,0,1,0.334704051,5.922432412
121400,-1.469470287,-0.592607528,0,1,1.170484473,6.082149293
121401,-1.298880622,-0.76457801,0,1,0.138080737,5.835738932
121402,-0.822785934,-1.120507702,0,1,1.1200909,3.634087908
121403,2.11951871,1.419223946,0,0,7.062666536,13.79311232
121404,1.779968566,1.678401435,0,1,6.643668251,10.90295812
121405,-0.070848359,0.110649344,1,1,2.47991516,5.552013317
121406,-0.927639128,0.148376691,0,1,2.735898012,5.519046326
121407,-1.000259279,-1.602393595,0,1,0.756994698,3.730377741
121408,-0.767027614,0.872145775,0,1,3.069425336,6.530463594
121409,0.096991383,0.602852599,0,0,3.545411223,6.474012728
121410,0.017095654,-0.918714269,0,1,2.158132242,4.582546373
121411,0.519477424,0.094832367,1,1,4.015089944,6.604893414
121412,1.315911441,1.354977772,1,1,5.185151497,10.05251907
121413,-0.296318068,0.121297325,1,1,2.329511359,5.519579188
121414,-0.895330905,-0.85977507,0,1,1.151849249,5.171205529
121415,-0.576560551,0.492085666,0,1,3.944219087,5.660112152
121416,-0.52020317,1.54539032,1,0,2.982600293,6.417218069
121417,0.473473909,-0.268546549,0,1,3.296070798,7.116384893
121418,1.015787716,-0.734922295,0,1,3.133769533,7.247978764
121419,-0.644352966,1.347259481,0,0,3.922132378,5.481761328
121420,-1.306612248,-0.149642366,0,1,0.699936613,6.112908524
121421,-0.379605004,-0.733595299,0,0,2.140171835,5.233281704
121422,0.985814919,0.862553522,0,1,4.777275805,9.250939704
121423,0.677214166,0.023017603,0,0,3.358274278,7.011839819
121424,0.641660458,-2.002199114,0,1,1.56425723,3.279776904
121425,-0.404723372,0.03746479,1,1,2.429885401,6.520572877
121426,-0.589539751,0.185775078,1,1,2.448550377,5.168876728
121427,2.382441386,0.112675198,0,1,6.254746481,14.00536447
121428,0.411341603,0.202738185,0,0,4.308833834,6.949391782
121429,-1.198043848,-1.488051017,0,1,-0.032257297,3.599137846
121430,-1.620181326,0.281073899,0,1,1.8943276,7.71312304
121431,-2.03936281,0.642864675,0,0,1.603500514,8.593537315
121432,-0.202135553,0.451925158,0,1,3.600697245,6.22380717
121433,-1.326731107,1.552660425,0,1,3.356406732,7.027934272
121434,-0.059070025,-1.89336527,0,1,1.114266698,1.362162401
121435,1.233520293,-1.27328621,1,1,2.30647596,6.324553625
121436,-1.221939657,-1.197673971,1,0,0.985669362,4.622799687
121437,-0.310332513,0.587234479,0,0,3.764463792,5.541373457
121438,0.558141495,2.521371113,0,1,7.151007751,7.228490804
121439,-0.663395136,-0.456674817,0,0,1.751575123,4.61387094
121440,-1.363638649,-1.09684062,0,1,0.085047113,5.194049823
121441,1.120665904,-0.503104066,1,1,3.856761562,7.492284075
121442,0.45173657,0.032024042,1,0,3.898482297,7.111549366
121443,-1.050234808,-0.824199212,0,0,1.225773998,5.121319038
121444,-1.875171928,-0.202970372,0,0,1.046212288,7.013967004
121445,0.079145316,-0.304000916,0,0,3.25333311,6.297692382
121446,0.99337636,-1.32455545,0,1,3.148442044,6.141956549
121447,0.046498543,-1.003816556,0,0,1.825792397,3.753876868
121448,0.380720546,-0.896718338,0,1,1.065408694,5.631055393
121449,0.812570581,0.637361185,1,1,4.334805088,7.495954465
121450,0.33271194,0.258236802,0,1,3.060867123,6.320797873
121451,0.28574388,0.3332794,0,0,3.345030284,7.257439364
121452,0.531806707,-0.354765687,1,0,3.867879269,6.179305604
121453,-1.120814571,-0.043793072,0,1,2.414137111,6.002895361
121454,0.513008285,0.511598224,0,1,2.995514315,7.823035155
121455,1.73005528,-0.49930408,0,0,4.376872562,9.498957108
121456,-1.410783629,-0.544828655,0,1,1.684459141,6.642857139
121457,-0.422594113,-0.804957081,1,0,2.414287482,5.710297217
121458,-1.039206013,-0.136371551,0,0,2.483485793,5.906860312
121459,-0.069111463,-1.038271513,1,1,1.191024514,4.300179318
121460,-1.144435949,0.369963143,0,1,1.5038333,5.198560542
121461,0.471586944,-0.818661629,0,1,2.335584157,4.152728267
121462,-0.172005161,0.496622859,0,0,3.417858892,7.378835491
121463,0.130761695,1.562581221,0,1,4.357071849,7.314176189
121464,-1.342197432,-1.556769176,0,1,0.020260132,3.280607938
121465,0.722829078,0.350118268,1,1,3.74426739,8.139478899
121466,-0.548043983,1.087258762,0,1,3.835433259,6.586516607
121467,-0.644978497,0.511878415,0,1,3.264369888,6.226845299
121468,-0.179442197,-0.775031363,0,0,1.849482726,4.597940212
121469,-0.423889967,1.171525085,0,1,3.764900482,6.919061286
121470,-0.38624661,1.508257404,0,0,4.054257911,5.855240901
121471,0.155428677,-0.253594717,0,0,3.751099262,5.248696938
121472,-1.004259799,0.676501262,0,1,2.588079232,6.001240131
121473,0.206143603,-0.07827505,1,1,2.138350368,5.868191067
121474,0.09990781,-0.121433943,1,1,2.382673211,6.267996293
121475,-1.196613889,0.65449179,0,1,1.430188558,6.981484652
121476,1.857149161,1.698026567,0,1,5.892671103,11.70029769
121477,0.105538269,-0.253519603,0,1,3.179102797,5.597338514
121478,0.08464625,-0.621393822,0,1,3.014496032,5.453750576
121479,0.281030685,0.374488272,0,1,3.597659044,5.999480064
121480,-1.202909103,-0.328851772,0,1,1.359678384,6.204507414
121481,0.874201692,0.900468741,0,1,4.702078464,8.947792187
121482,-1.258305551,1.095854887,1,1,3.066018578,7.294136748
121483,-0.285697415,-0.026705335,1,0,2.631483669,6.249565601
121484,-0.162983994,-2.113705396,0,1,1.566257803,1.959149779
121485,0.421073453,-1.608646747,0,0,2.199591542,4.771498581
121486,0.830076299,-1.30209786,0,1,2.010200774,5.910592989
121487,1.060173683,0.231078102,1,1,3.083399422,7.724768456
121488,0.608389333,-0.717006143,0,1,3.047413157,6.570680641
121489,-1.808979565,-0.980991712,1,0,0.278699569,6.662855606
121490,0.32083358,0.456775396,0,1,3.950619053,6.615376099
121491,-0.860592552,1.32538794,1,1,3.833841992,6.910525777
121492,-0.019037997,-1.64037312,1,0,1.610319164,2.973920716
121493,0.269267846,-0.772754255,1,1,2.1792998,5.35577982
121494,0.822154926,0.224953497,0,0,4.007897002,6.850078879
121495,0.150489883,-0.28885391,1,1,2.782112774,5.77696943
121496,1.123232884,-0.908909642,0,0,2.656446388,7.215788159
121497,0.336285807,0.041948145,1,1,3.67904821,6.800226387
121498,-1.033437699,-0.075334862,0,0,1.636095872,5.86891354
121499,-0.946199073,2.040431995,1,1,3.075343676,6.066259136
121500,1.015916973,-1.633788169,1,0,2.624518616,5.188739045
121501,-0.450598688,0.609590324,0,0,2.939681674,6.634754854
121502,1.173744381,0.871814589,1,0,3.910919884,9.255228457
121503,1.904723422,0.133491249,0,1,5.174630933,11.74418193
121504,1.281843839,-1.159186774,0,1,3.130283233,7.065223889
121505,0.870501891,-0.209635343,0,1,3.214852015,8.527159718
121506,-0.146671311,1.380591232,0,0,3.619364076,6.499560687
121507,0.968638877,-0.168129212,0,0,3.813474382,8.927699882
121508,2.552230163,1.258829699,0,1,6.993041843,15.77936111
121509,-0.441769294,-2.422844229,1,1,-0.05471569,2.169834171
121510,0.27781194,-0.391055165,0,0,3.31478865,6.014046855
121511,-0.626538655,-0.495612159,0,0,1.709021133,4.987455998
121512,0.1531314,1.314912513,0,1,4.480752432,6.009713393
121513,-0.980318226,-0.070380347,0,1,2.192933385,5.986956892
121514,-0.201751119,-0.823773552,1,1,2.207970942,4.940824034
121515,0.281295785,1.772111339,1,1,4.826902839,6.569954493
121516,0.616178612,0.071113972,1,1,3.282039608,6.225026901
121517,-0.438782181,0.04678735,0,1,2.571841252,5.642107745
121518,-1.717542947,-0.060177993,0,1,1.931638509,7.036458272
121519,-0.193299763,0.47735281,0,1,2.813143247,6.915161714
121520,0.9485047,0.745329422,0,1,5.533938744,8.295450142
121521,-0.13193723,-0.517409269,0,0,2.765293589,5.045554184
121522,-0.627393073,-0.781705901,1,0,1.346327937,4.324586322
121523,-0.615064838,-0.123127431,0,1,2.254942486,6.380663991
121524,-1.220252049,0.443228591,0,1,1.661316892,6.183515876
121525,-0.108507205,-0.834885737,1,1,0.799168192,3.861617278
121526,-0.640129674,0.838910112,0,1,3.226852498,7.139994439
121527,0.904153285,2.38872128,0,0,6.359173521,7.959859085
121528,0.567122842,-0.675605128,1,1,2.268146949,6.140358666
121529,-0.721145781,0.389152207,0,1,2.650475524,6.149848095
121530,0.805636653,1.407746536,1,1,5.349325818,8.132753672
121531,-0.874225931,0.100979602,1,0,2.496794688,5.770339673
121532,-1.161592516,0.379874696,1,1,1.381021875,6.385388212
121533,-1.013397893,1.455274358,0,1,2.955135408,6.252875115
121534,-0.778015669,0.609133662,0,0,3.064445733,6.002610863
121535,0.151129106,0.049084608,0,1,3.368805875,6.119835348
121536,-1.804273305,-0.091102913,0,0,1.100081407,6.726131787
121537,-0.979550878,-0.585000077,1,0,2.055571379,5.568380013
121538,0.488720979,2.717428733,0,1,6.477562152,7.685143063
121539,1.898205964,0.516636199,0,0,5.433803075,11.7146323
121540,0.385392765,-0.350833911,0,0,2.967871379,5.456244586
121541,-1.001035116,0.442974744,0,1,2.423335333,7.080596513
121542,-0.444448217,1.756205799,0,1,4.195928127,6.591567271
121543,2.146384552,2.140420777,0,0,6.89687448,13.76417799
121544,-0.635496565,-0.507267381,1,1,1.472152071,5.144864752
121545,-1.210918887,0.648398075,0,1,2.56984884,7.033792005
121546,-0.854835666,-0.603773367,0,0,1.079409498,5.34148654
121547,-0.887569617,-0.55683344,0,1,2.310631213,4.890952907
121548,1.653725892,-2.466667068,0,1,1.715575977,5.458782889
121549,0.525892821,-0.806398646,0,1,2.413733751,6.891073595
121550,2.344212723,0.827985527,1,1,5.740789154,13.89227272
121551,-1.018750997,-0.610749324,0,1,0.551444186,5.041673557
121552,-0.569930871,1.150657995,1,1,3.22395235,6.174496011
121553,1.694467402,0.15361751,0,1,5.099670209,10.67683116
121554,-0.143221076,1.043745011,0,0,4.589485053,6.352959158
121555,0.027361259,0.467955916,0,1,3.115294967,6.997351511
121556,0.221304047,-0.788258817,1,0,2.030373654,5.672236591
121557,1.363263053,-0.591859475,0,0,3.037916196,8.973595072
121558,1.937799249,1.180183836,1,0,5.908915106,11.79926613
121559,0.193700851,-1.243785679,0,1,1.218750043,4.598158
121560,1.675827097,0.315378142,0,1,4.660270983,10.96655266
121561,0.893568945,1.476935385,0,1,4.957068717,8.66412067
121562,-1.120002715,0.363630444,0,1,1.580238461,5.988025378
121563,-0.376926156,0.319488753,1,0,3.075502722,5.20872449
121564,0.457126775,-1.663573891,1,1,2.468258006,4.394493658
121565,-0.228079476,0.089649103,0,1,2.817504557,5.302197874
121566,-1.252325069,-0.735347543,0,1,1.242835778,5.07730965
121567,0.124634866,0.686242624,1,1,4.261182554,6.524828705
121568,-0.146703944,-0.698785554,1,1,2.043719465,3.260143271
121569,-1.004171239,-0.357271253,0,0,1.219378963,5.979163984
121570,-0.799022846,0.595315775,0,0,3.209724109,5.92619134
121571,0.252999152,-0.650255878,0,0,2.651232537,5.813132057
121572,0.228025086,2.330463508,0,1,5.224263138,7.207914045
121573,0.752366783,0.254654299,1,1,4.343005053,7.279385888
121574,0.717125947,1.264247692,0,0,4.66472408,7.815180081
121575,-1.521350672,-0.426119479,0,1,0.531263858,6.540796875
121576,-0.617095306,-0.645683519,0,1,1.609763747,5.16890107
121577,2.114278225,0.510283003,0,1,5.410190202,13.26303401
121578,1.115799748,0.298932269,0,1,5.113837763,9.008870436
121579,2.752864283,-2.010038748,0,1,3.636022008,13.30056127
121580,-0.484384803,-0.440621295,0,0,1.442953152,4.424029527
121581,-0.348793548,0.91450184,0,1,3.983157255,6.392108473
121582,0.090204427,0.650533757,0,1,3.437162537,6.722100268
121583,1.042308035,0.225408024,1,0,4.305682458,8.238360912
121584,0.72852793,-0.440244279,1,0,4.129761036,6.781238007
121585,-0.644877892,-0.886200508,1,0,2.1608814,4.233068108
121586,0.084408033,-0.954141093,0,0,1.239818303,4.58943819
121587,-1.06995062,0.651408742,0,0,2.515441967,6.911795425
121588,-0.930412249,0.567428793,1,0,1.803079209,7.041849122
121589,-0.322155973,-0.578684867,0,0,2.595817155,5.379447399
121590,0.908625572,0.992311093,0,1,4.416625292,7.108647978
121591,0.214197794,1.410029592,1,1,5.077467892,7.057169851
121592,-1.681553667,1.080837684,1,1,2.243211575,7.972337055
121593,-0.803852679,-0.230860344,0,1,1.272903542,6.025737645
121594,0.358551193,-0.693636617,1,1,3.208406929,5.257435319
121595,-0.042642041,-0.42674337,0,1,1.652273187,5.882644498
121596,-0.227689154,2.104499288,1,0,4.442740334,6.454213023
121597,-1.856661684,-0.21471306,0,1,0.503972968,6.769302322
121598,0.392827601,-1.131654191,0,1,2.241453235,4.450795496
121599,-0.168249706,0.302876915,0,1,2.793367689,6.868076997
121600,0.359185229,0.823009189,1,1,3.691034633,6.890938414
121601,1.096900607,-0.330569754,1,1,3.663919227,6.961031082
121602,0.087567919,-1.419321389,0,1,1.818465874,3.689697272
121603,-0.052504222,-1.451072828,1,1,1.363964431,3.618621019
121604,0.010873766,0.823422497,0,0,3.553150674,6.166337021
121605,0.413222644,0.091215785,0,0,2.557477336,6.793684347
121606,0.807012584,1.071199872,0,1,3.405524728,8.038531957
121607,-0.828613884,1.186114471,1,1,3.092624077,6.104084982
121608,-0.756422142,-0.445525721,0,1,1.574121981,4.691130236
121609,0.725750588,0.177594459,0,1,3.667261125,6.694836567
121610,-0.023155517,0.172730879,1,0,2.717352433,6.401532644
121611,1.313343363,0.068016945,0,1,5.20676439,8.775674483
121612,0.745472098,0.720070696,0,1,4.266976842,7.475206991
121613,2.087698764,1.383315803,0,0,7.182645258,13.10987035
121614,0.704485009,0.719540951,0,0,3.728077533,7.912714405
121615,0.168934154,-0.162243762,0,1,3.837682621,6.373616602
121616,-0.012469144,0.024400106,0,0,3.210927974,5.988853472
121617,-0.449223816,-0.413633244,0,0,2.973419288,4.591426197
121618,-0.063495763,-0.324260025,0,1,3.397422948,5.46605964
121619,-0.193615781,-0.166727109,0,1,2.455139866,5.730333837
121620,0.905852994,0.792343169,0,1,4.073246409,8.181338393
121621,1.024638297,1.245064806,0,1,5.159148237,7.815948991
121622,-0.720469246,0.028871254,1,1,2.447703941,5.63483131
121623,0.301338297,0.44223568,0,1,2.824070399,6.723909972
121624,0.512722705,1.42022514,0,1,4.759277336,7.219655234
121625,-0.548931176,0.230782527,1,0,3.274409691,5.989742872
121626,-1.2169151,0.417018141,0,0,2.689085349,5.455680559
121627,-1.592376195,0.360497861,0,1,1.791105361,7.16484366
121628,1.240838853,0.621866101,1,1,4.605447179,9.54059592
121629,-1.063798689,-0.774853449,1,1,1.368908152,4.825842153
121630,0.617026404,-0.112373037,1,1,3.294639325,6.209504705
121631,-2.178310088,1.416947609,1,1,2.066067395,9.239401223
121632,0.185618058,-1.429545567,0,0,1.929424939,3.717700996
121633,0.234404718,2.214497101,0,1,4.618234632,6.887342319
121634,-0.146548209,-0.161558712,1,0,2.369653693,4.938430982
121635,-0.641696547,0.647018364,0,1,3.907241002,6.113127763
121636,0.251357278,0.811842908,1,0,4.248487911,6.355352433
121637,-0.725751923,0.72890757,0,1,3.790860258,6.139164118
121638,-1.178005567,0.496469401,1,1,3.40872121,6.610743016
121639,-0.791880139,0.038394744,0,0,1.975949552,5.861754638
121640,-1.558653346,0.097935278,0,1,1.940402833,7.312985819
121641,-0.019777214,-1.528463154,0,0,1.921991411,3.573089693
121642,1.731205704,0.622348333,0,1,5.418523165,10.70316786
121643,-1.08966703,-1.007512687,0,1,0.798271541,4.675408046
121644,-0.249001519,-0.567600612,0,0,2.04973882,5.329266579
121645,-0.092903645,-2.167807843,0,1,1.486512117,1.796803726
121646,1.6923503,-0.717418963,0,1,4.274896701,9.897646538
121647,1.212087003,-0.168022937,0,1,3.393247789,8.225662317
121648,2.447812887,0.858945687,1,1,6.088363799,14.77959098
121649,1.062407815,1.195746588,1,0,5.595455745,8.469994711
121650,0.083496256,0.150714111,0,1,3.037715265,5.327183617
121651,-0.125449755,0.361545638,0,1,3.063106354,6.82890973
121652,0.075772006,0.362102465,1,1,2.498138627,5.854633774
121653,-0.793665286,-0.416593865,0,0,1.83376183,4.855325503
121654,0.554366101,0.02099295,0,1,3.288157449,6.858085528
121655,0.484645627,0.670970939,0,0,4.043040076,7.646048701
121656,0.887991402,0.49394901,0,1,3.48443392,8.015352911
121657,-0.232271203,-0.865227219,0,0,2.787392559,4.624017969
121658,1.15785723,-0.692675218,1,1,2.895432073,7.353376287
121659,0.000116634,1.617718668,0,1,3.787928533,6.709630488
121660,-0.792982538,-0.272462891,0,0,2.442885688,5.9001258
121661,0.118493113,-1.78650883,0,0,1.915157112,2.46206106
121662,-1.068975624,1.251364851,0,1,2.759822501,5.887943254
121663,0.452096311,0.825522269,1,0,3.856449955,7.46186718
121664,0.255808348,-1.95283878,0,1,1.087281552,2.570259505
121665,-1.018548083,-2.226197738,0,1,-0.10702452,2.117781305
121666,0.641721601,2.710259585,1,0,5.890198067,8.521573339
121667,-1.567374686,1.071138706,0,0,2.054343112,7.297391703
121668,1.089475729,0.186729657,0,1,3.447654196,8.760414724
121669,-1.370511669,-0.866686361,0,0,0.511226309,5.183765245
121670,-2.020016237,-0.125562831,0,0,0.559417586,7.957327945
121671,0.217517566,0.822048537,0,0,4.251022576,6.199959223
121672,-0.204182876,-0.847785034,0,0,2.091873001,4.613744318
121673,-0.690116221,-0.131628217,0,0,1.610097264,6.122699893
121674,0.301389971,1.390970165,0,1,5.261029656,7.091339997
121675,2.046487287,-0.007945491,0,1,4.37097209,12.38648142
121676,-1.077845155,1.228423626,1,1,2.928223027,6.659376222
121677,2.556969702,-0.753749806,0,0,6.052072654,13.60269707
121678,-0.497454874,-0.120340807,1,0,1.921893411,5.806015252
121679,0.022185775,-0.676415191,1,0,2.071630835,5.290102222
121680,-1.386702678,0.612337081,1,1,2.069334588,6.988377872
121681,-0.135176445,1.129083719,1,1,3.266405846,7.022681627
121682,0.544329817,1.020116686,1,0,4.911988056,7.402275479
121683,0.062999746,0.701428766,0,1,3.491511689,6.53862067
121684,-0.72735412,0.502550361,0,1,2.425727954,5.92820023
121685,1.011409823,1.32801864,0,1,4.649652964,8.537574266
121686,-0.293610601,0.600354751,0,0,3.378162063,6.423739235
121687,1.306732422,-1.555622916,0,0,2.849332488,6.760934633
121688,-0.356423521,0.58509235,1,1,3.15794168,5.794172493
121689,-0.282480231,-0.653665044,0,0,1.817484484,4.345378547
121690,0.442739708,-0.464426944,1,1,2.381059003,6.618658667
121691,0.080966076,-1.541108013,0,1,1.339652175,2.843945962
121692,-0.459044389,0.291488461,0,1,2.833021274,5.358676838
121693,-0.088917267,-0.033398004,1,0,2.168150188,5.378777132
121694,0.3289293,1.105822509,0,1,3.968285297,7.492956993
121695,-0.232410001,-0.011310659,1,0,3.392591291,6.120759824
121696,0.086151714,-0.466557317,0,1,3.12581418,6.067348149
121697,-0.774631212,0.855592385,0,0,3.83404626,6.414604192
121698,-1.151052771,0.605589837,1,0,2.916385174,5.767621388
121699,-0.199009269,-0.329098176,0,1,2.418671824,5.178456746
121700,0.335357145,0.486451739,0,1,3.335988524,6.718819498
121701,-1.02718213,-0.024973756,0,0,0.427595702,5.619784036
121702,-0.432103976,-0.731008852,0,1,2.555223839,4.589487905
121703,-2.08116964,0.859447569,0,0,1.504941801,8.324623241
121704,0.898874011,-1.156794804,0,0,3.076297059,5.328668104
121705,-0.09848329,-1.216305553,1,0,1.872616482,3.415275007
121706,-0.348617092,-0.631234306,1,1,1.857599488,4.606913801
121707,1.356809995,-1.364479328,1,1,3.067799521,6.170916294
121708,-1.781988828,-0.347457012,1,0,1.291709708,7.345598459
121709,-0.286948386,1.967984639,0,0,4.571740791,4.682300539
121710,-0.757025298,1.477832522,0,0,3.452885797,6.50461359
121711,0.507246094,1.655290496,1,1,4.463656767,7.278146374
121712,0.280193221,-1.61010932,0,1,2.286129066,3.965081498
121713,-0.924291861,0.548395285,0,1,3.262664134,5.427634738
121714,-0.882947478,2.393570171,0,0,5.065982589,5.899692265
121715,-1.826516167,-0.626839859,0,1,0.592933582,6.344765646
121716,0.47271138,0.022131301,1,1,3.051467168,6.808340911
121717,-0.469864655,1.450006408,1,1,3.453747732,6.844909206
121718,0.077470686,1.078520714,1,1,4.393707861,6.712332495
121719,-0.418055119,1.04314593,0,0,3.477602003,7.064165355
121720,0.234338811,-1.619283269,1,1,1.124494281,3.766258777
121721,-1.211030156,1.129842066,1,0,3.645901909,6.820067938
121722,0.002871917,1.145731717,0,0,4.306865815,5.947283435
121723,0.728496794,-1.118083783,0,0,2.914079573,4.989475658
121724,-1.189694363,-0.101836001,0,0,2.186682995,6.43497538
121725,0.169691446,-0.695635509,0,1,2.59467212,5.152337899
121726,0.511042915,-0.214256357,0,1,3.333109192,7.049765079
121727,-0.756769321,0.255036067,0,1,1.937414143,6.702281998
121728,-0.643043997,-1.450739454,1,1,0.800575072,3.70441948
121729,1.572201431,-1.967708211,0,1,2.971705734,6.23416162
121730,-1.657566094,0.829353494,0,0,1.487524956,7.323439147
121731,0.263447142,-0.567433758,1,0,2.415982011,6.675328814
121732,1.940783034,-0.394367523,0,0,4.713681487,11.22503758
121733,-0.112442343,0.015557181,0,1,2.00933312,5.775162314
121734,0.612418033,0.690521046,0,1,3.612602671,7.275797516
121735,1.362357968,-0.467553705,0,1,4.07121664,9.246300383
121736,-0.045867906,-0.299598759,0,1,3.482243154,5.002755114
121737,-1.328888336,-0.329234953,0,1,2.251539534,6.624913029
121738,0.332739039,0.114593944,1,1,3.912196746,6.494539945
121739,1.428078164,0.198687358,0,0,5.554116535,9.227525216
121740,-0.99060294,-0.515554159,0,1,1.349018464,5.204284968
121741,-0.816409328,-0.600794949,0,1,1.364831792,5.741090513
121742,-0.088380477,0.762356451,1,1,4.199078296,6.06620123
121743,0.86394186,-0.913008352,0,1,3.120877579,6.648910806
121744,0.420436328,-0.068283208,0,1,2.361469275,5.934616895
121745,-0.351224071,-0.667922822,0,1,2.921196788,4.776396576
121746,-0.73567929,-0.531829512,0,1,2.217786837,4.845910016
121747,1.043510578,0.940458139,0,1,4.881089049,8.6308478
121748,0.829801017,-2.274712093,1,0,2.184306008,3.631853952
121749,1.243605853,0.303719955,0,1,4.464899944,8.928170992
121750,0.865912221,-0.17126366,0,1,3.607879826,7.741674742
121751,0.1847522,1.334531341,0,1,3.622247602,6.803377872
121752,1.013471037,-0.927115133,1,1,3.772080592,6.116550069
121753,-0.794839218,0.448879295,1,1,2.98119281,6.45988935
121754,0.197899225,-0.889162806,0,0,1.781702062,5.397260302
121755,-0.058086426,-0.681472018,1,1,2.715342796,5.462867065
121756,0.583874705,2.274703379,0,0,6.028829197,8.185935366
121757,-0.907666872,0.443052669,1,1,2.102340232,6.181981604
121758,0.420881485,-0.200657455,0,0,3.516302578,6.748677868
121759,-0.376740007,-0.345124424,0,0,1.885766695,5.066374663
121760,-1.463843006,-1.975298903,0,0,-0.105658711,3.919796682
121761,-0.862126608,-0.60363562,0,0,1.503212421,4.79449188
121762,0.746488042,-1.101195841,1,1,3.285049404,5.619855731
121763,-0.52360367,1.072510855,0,0,3.491014298,6.572739628
121764,0.795767677,0.478202825,0,0,3.823310446,6.841273594
121765,1.104378205,2.654947295,1,1,5.747770797,8.833004196
121766,-0.100226583,0.610281687,0,0,3.035426883,6.017658559
121767,-0.129017027,-0.18308657,1,1,2.002084326,5.244988433
121768,-0.898318378,1.691708476,0,1,3.135369286,6.016516589
121769,0.193052206,1.533969111,1,1,3.422423647,6.40845289
121770,0.383643189,-0.865622672,0,1,2.388993311,4.462508604
121771,0.017867595,0.647999499,1,1,3.747967027,6.447750188
121772,0.218141685,-1.816287051,0,0,0.657908865,2.967948077
121773,0.017016409,-0.387555176,0,0,2.71092054,5.361333743
121774,-0.413653074,-1.369110399,0,1,0.531995335,2.445457256
121775,1.888867121,0.983472603,0,1,6.791354346,12.29087154
121776,-0.827084891,-0.223304794,1,1,1.685941847,6.029393942
121777,1.291836744,-1.625321926,0,1,2.52218927,5.88242595
121778,1.576438056,0.363067967,0,0,5.230734136,9.475049042
121779,0.475129075,-0.160484731,0,0,3.120223163,6.462937788
121780,0.440854747,1.957967207,0,1,4.838251674,6.446625804
121781,0.110178193,-0.686722741,1,1,2.106832576,4.381630671
121782,-0.522894132,1.044314959,1,0,3.697414054,6.742540711
121783,0.278174383,0.236284142,0,1,2.895470891,7.089750624
121784,-0.548954025,1.413055233,1,1,3.779098197,6.488644913
121785,0.130563101,-0.806863825,0,1,2.223906887,4.183865198
121786,-1.749824499,-1.224522144,1,1,0.198582186,6.312051964
121787,0.407593461,-0.880727898,0,1,1.55156393,5.320115723
121788,-2.030958872,-0.840856331,0,1,-0.291341273,5.990655548
121789,-0.147736082,0.592183177,0,1,3.570105611,6.789443578
121790,-2.532554525,-0.050867406,0,0,-0.116673901,9.88483636
121791,0.9000359,-0.867728174,0,1,3.641065801,6.31223829
121792,-0.576959678,0.200872224,0,1,2.18006121,5.814849217
121793,-0.992314214,-0.914622711,1,1,1.046178783,4.699215892
121794,-0.116200282,0.176972309,0,1,3.284947756,6.239261819
121795,0.574860775,0.016208743,0,0,3.235936848,7.006537209
121796,0.00268653,0.249387081,1,1,3.147146955,6.65243946
121797,-0.873989044,-2.09755927,0,1,-0.361268354,1.949151127
121798,-0.901732961,-0.486628027,0,0,1.610307923,5.505024035
121799,-0.818430255,-1.138029088,0,1,1.409880309,4.442907672
121800,1.062592339,-0.831040134,1,0,3.303592337,7.389519606
121801,-0.367418975,0.575272595,0,1,3.625880688,5.985545796
121802,0.439350841,-0.728152181,0,0,3.093717943,6.047560527
121803,-0.888529626,-0.067105703,0,0,2.013030304,5.398589138
121804,-0.692840554,-0.130901865,0,0,0.675152985,4.914354954
121805,-0.861649625,0.415803973,0,0,1.642788858,6.341883784
121806,-1.413127749,-0.213518846,0,1,1.772182702,6.673443926
121807,0.291430618,0.292820132,1,1,3.656247415,6.432292569
121808,2.417832258,-0.229360719,0,0,5.8042706,14.3154964
121809,0.144146379,-0.093066964,0,0,3.196716234,5.543036605
121810,1.905201556,1.007353873,1,0,6.713281115,12.0413886
121811,1.931466346,-0.57541199,1,0,4.023633122,10.47128956
121812,0.165389605,0.051240021,1,1,3.297276561,6.496914645
121813,-1.151563957,0.343912908,0,0,1.534863433,5.972164041
121814,-0.988402653,1.053936394,1,0,3.752219764,7.159368938
121815,-0.209094157,-1.520768215,1,1,2.029649924,4.176453247
121816,-0.559737242,0.047011006,1,0,1.514758928,6.088487017
121817,1.746120345,0.867553887,1,1,5.318805105,11.85330178
121818,0.092654421,0.876130789,1,0,3.881110059,6.749870716
121819,0.1718086,-0.889852086,1,0,2.121229923,4.995644068
121820,0.413033337,0.860312245,0,0,3.660778103,7.075829948
121821,3.050754935,0.296551612,1,1,6.437033355,19.17845038
121822,-0.481842807,0.930786517,0,1,2.883194384,6.798122139
121823,0.689846663,1.581266267,0,1,4.585689652,7.46311769
121824,0.750367128,-1.70946778,0,0,2.010158544,4.706987959
121825,-0.060824996,1.28857444,1,0,4.671970723,7.045593025
121826,1.709791758,-0.831333914,1,0,4.409580781,9.655803955
121827,-0.216024169,0.655168667,0,1,3.652355353,6.169962115
121828,-0.408910381,-0.257269556,0,0,1.78578206,5.723875512
121829,0.910168621,1.014130953,1,0,4.41121361,7.652650524
121830,1.142119103,0.504778892,1,1,5.132721249,9.566623731
121831,-1.009337073,-0.13717058,1,1,2.315343253,5.641689297
121832,-0.985284662,-0.508033529,0,0,0.75880769,4.884269771
121833,0.57522532,0.165885088,1,1,4.173417555,6.501498625
121834,2.210038203,0.263573694,1,0,5.750173448,14.1339572
121835,0.40907223,-0.027584597,0,0,3.37667204,6.060412127
121836,0.771282219,1.666318801,0,0,5.588312264,7.34180774
121837,0.169705276,1.524133445,1,1,4.905406801,6.861455141
121838,-0.098230528,1.076792566,1,1,4.679564038,6.141941753
121839,-0.078676,-0.103105747,0,1,2.587702538,6.809477218
121840,-2.022289571,-1.800888714,1,1,-1.699974618,4.375868215
121841,-0.121153406,0.753489471,1,1,3.294861322,6.510828762
121842,-0.042805922,-0.843799014,1,1,1.764047346,3.985367775
121843,-0.959727678,0.752813777,0,0,2.657424684,5.731521793
121844,-1.022031116,0.835411635,0,0,3.037591174,6.242618369
121845,0.696451641,1.497748587,0,0,5.756916024,7.761026438
121846,2.461294785,-0.251132432,0,1,5.342988547,15.78557037
121847,-0.114295049,1.44549692,0,0,3.970878603,6.389060752
121848,-0.045759348,-1.561866312,0,1,1.330296438,2.955347631
121849,-0.767819336,0.387223236,0,1,2.908170681,6.007089233
121850,-1.212917545,2.01871396,1,1,3.824726223,6.252773084
121851,1.300920945,-0.930652033,0,1,3.654648939,7.282801562
121852,-0.851313272,0.136584225,0,1,2.026574723,5.943506458
121853,-0.424254423,-0.102721041,0,1,2.85324319,5.392747282
121854,0.680641513,-0.195416798,0,1,3.072949115,7.560970959
121855,1.427281637,0.866843638,0,0,4.910784556,9.654973002
121856,1.022122385,-1.15350879,1,0,2.158263637,6.409346106
121857,-1.432601175,-0.018545182,0,1,1.097844134,5.846007514
121858,1.790855581,1.215760888,0,0,5.740391532,10.27820448
121859,0.744838191,1.246529867,0,0,4.46676577,7.156676605
121860,-1.108642065,-1.440572561,0,1,0.69453501,3.33234472
121861,1.300336179,-0.607422658,1,1,3.101810179,8.770358063
121862,-0.801551011,0.608795016,0,1,3.238919576,5.654237855
121863,-0.247614624,-0.121897811,1,0,3.385219972,5.923113974
121864,0.341715924,0.174731809,0,0,2.505491108,6.750269541
121865,-1.626681709,-0.468942918,0,0,1.166375798,6.87704847
121866,0.724457413,-0.68660674,0,0,2.897220897,5.814869882
121867,-0.32193313,-0.29034396,0,1,2.184687547,4.972101485
121868,-2.551773782,0.10159931,0,0,0.854347567,10.67086318
121869,-0.611025352,0.585753439,1,1,2.623349812,5.8755218
121870,0.259585501,-0.794770027,0,0,1.90058204,5.877462625
121871,0.4671752,-0.48548025,0,1,2.215411153,5.558268751
121872,-0.687439387,-1.461392438,0,0,0.866237312,3.755167732
121873,0.438768719,-0.151452203,1,1,2.500657073,6.040861633
121874,-0.515454035,-1.565753518,0,0,1.266291368,3.139221179
121875,1.099398821,-0.282413368,0,0,3.474259927,8.6457642
121876,0.340486138,0.305451137,0,1,4.211011283,5.564895075
121877,-1.372904623,0.687461505,0,1,1.781063887,6.946431915
121878,-0.254926811,-0.202538195,0,0,1.833742661,5.71209241
121879,-1.940731413,1.226721873,0,0,1.769218791,7.6041684
121880,0.10290038,-0.215831413,0,1,2.894843723,5.67293517
121881,-0.694635807,-0.058426338,1,0,2.18187385,6.092993319
121882,0.638357059,-0.08204229,0,0,3.640995947,6.725701912
121883,0.471527521,-1.094015741,0,0,2.401765359,4.401429302
121884,-1.832323894,-0.779519247,0,0,0.124753612,6.170563739
121885,-0.359472439,-1.038645368,0,0,1.082219167,4.467540236
121886,-0.072523604,-0.268754306,1,1,2.582796973,5.093072185
121887,-1.885550063,0.738930204,0,0,1.865005224,7.959277496
121888,-0.22668407,-1.154108938,0,1,0.906080029,3.800827704
121889,-1.519595228,2.279147521,1,1,3.681155576,7.750981312
121890,-0.491671124,-2.131139717,0,1,0.487357739,1.585357601
121891,-1.457350541,0.079862498,1,0,0.690901239,6.686564178
121892,-0.739779304,-0.246919529,0,0,2.222957613,5.012919746
121893,-0.044476485,-0.033888777,1,1,2.805419588,6.402211381
121894,-0.039223608,-0.178084756,1,0,2.795947954,5.954157845
121895,1.614190628,-0.358364524,0,1,3.68751658,9.866572925
121896,1.106484484,0.207169383,0,1,3.866296794,7.755255346
121897,0.954339231,0.558892475,0,0,4.09678467,8.042943302
121898,1.13800979,2.540514262,1,0,6.272722884,8.754721606
121899,-0.082706418,0.444621338,0,0,3.458218179,5.782245351
121900,1.896403907,0.237580561,0,1,5.377788248,11.69983797
121901,-2.643424964,-0.448990935,0,1,0.78656325,8.960899474
121902,-0.358907167,0.133194011,0,1,2.125174856,5.526640325
121903,-0.644241846,2.317369766,1,0,5.124031195,6.276898965
121904,2.183720442,-1.628971422,0,0,4.219266061,10.30608398
121905,-0.924831003,1.05808814,0,1,3.200716447,7.631752947
121906,-0.814335235,-0.411558562,1,0,2.332545678,5.507194114
121907,-0.78821289,1.40854756,0,0,4.125078223,6.927973323
121908,-0.072042908,1.255251473,0,0,4.487214785,6.894444218
121909,-0.578496323,0.797490249,1,0,2.143354837,5.984615132
121910,-0.263687077,0.192493685,0,0,2.558353416,6.461098955
121911,-0.428857041,-0.259659062,0,1,2.116672704,5.558392013
121912,-0.091283051,0.250197958,0,1,3.466551269,6.100377409
121913,0.783551427,-0.952353873,0,1,3.640513644,6.133478861
121914,-1.321655086,1.261130922,0,0,3.262413956,7.600136093
121915,2.040316692,0.961840405,0,1,5.418161045,12.62432008
121916,1.308688261,-0.371739298,0,0,3.937551912,8.633016285
121917,0.615975414,0.433866612,1,1,4.076391531,8.383351024
121918,0.174848835,-0.849505604,0,1,2.05771068,4.512121814
121919,-1.619495936,1.243433094,1,0,3.033609887,7.909728042
121920,0.781318828,-0.658758861,0,0,2.698989562,6.47631584
121921,0.353186295,-0.456304061,1,0,3.122546014,5.364253617
121922,0.930411846,0.530260425,0,0,4.747143053,8.326621929
121923,1.550208677,0.130256709,0,0,4.360328376,9.746472003
121924,-0.081433727,0.042532871,0,0,2.920724344,5.157946006
121925,2.799523947,0.689504994,0,0,6.382708186,16.92557646
121926,0.112459842,0.905342517,0,0,4.550365779,6.674257895
121927,-0.233355673,0.358255052,0,1,2.969645434,6.370966999
121928,1.017560978,-2.584744457,1,0,0.172798704,4.184233582
121929,-1.320878203,-1.242954923,1,0,-0.666461483,4.609867783
121930,-0.337289402,-0.349021399,1,1,3.597347345,4.806571261
121931,0.456515033,0.67209977,0,1,4.425995733,7.171970238
121932,1.474417091,-0.317291718,1,1,3.67901004,9.269228222
121933,-0.392065722,-0.472670029,1,1,2.926231269,4.997935684
121934,-0.893321859,0.20070396,0,1,2.478840762,6.412387585
121935,-1.218853229,1.154888514,1,0,2.676849411,7.54379508
121936,0.267058622,0.819482771,0,0,3.623838243,7.322699921
121937,1.621035686,-2.266939144,0,1,1.652430856,6.637153979
121938,-0.133167892,-0.597683602,0,1,2.843302495,5.809878419
121939,0.463277162,0.842539427,0,0,4.53548876,6.645306733
121940,0.431577911,0.136706843,1,1,4.052084782,6.541004588
121941,-0.16781561,0.928200693,1,1,3.880660433,5.727984756
121942,0.029244218,1.697865029,0,0,4.479854362,6.421547231
121943,-0.507937326,1.828316166,1,1,4.189517236,5.681251259
121944,-1.181349002,0.274008127,1,1,2.116621773,5.569803037
121945,0.080433185,-0.702152473,0,1,2.679382087,4.850042089
121946,-1.353819621,0.931331569,0,1,2.77361649,6.560316432
121947,0.000977389,0.956048566,0,1,4.469801586,6.561006448
121948,1.78501825,0.677156176,1,1,4.793950788,10.88772013
121949,0.963404165,-0.378523617,0,1,2.698127469,7.53210866
121950,1.429558752,1.532273076,1,1,5.547214373,10.15648697
121951,0.571922832,-0.217232618,0,1,2.918225819,7.255506865
121952,0.054317984,0.155997586,1,1,3.132012836,5.777480419
121953,0.467809544,-0.005600139,0,1,3.000589593,6.847918331
121954,-0.286385381,-0.166561545,0,1,2.168948804,5.111104491
121955,0.00590598,1.228417795,1,1,4.488794198,6.956581339
121956,-0.927793711,-1.934865609,0,0,0.104159126,2.506509522
121957,-1.51570586,0.227808556,0,1,1.805140481,6.518432478
121958,0.280910501,1.174778544,0,0,4.7880369,7.098851847
121959,2.486085021,-0.160338814,1,1,5.644275677,13.47600017
121960,1.062696973,-0.577316804,1,1,3.990666395,6.936726157
121961,1.105920517,0.287742395,1,0,4.439983815,8.462246301
121962,-1.191776132,0.329842627,0,0,2.075999837,6.512462067
121963,0.526069707,0.390473409,0,1,3.902896094,7.445049628
121964,-0.271637241,1.478759499,1,1,4.261721197,6.825835338
121965,1.145357307,0.694011963,1,1,5.023142626,8.320300627
121966,-0.690783449,-0.387207737,0,0,1.475681568,5.520877669
121967,0.827540271,1.711660903,1,1,5.6701584,8.806976595
121968,1.038037516,-0.175324186,0,1,2.871163403,7.754313365
121969,0.165562403,1.243052982,0,1,4.345527232,6.760260847
121970,-1.290654595,-1.396406656,0,1,0.749389893,3.486677788
121971,1.057770465,0.144805394,1,1,4.691203316,8.867719832
121972,-0.93264748,-0.181618436,0,1,1.047501872,5.835546283
121973,-0.342556209,0.511839404,0,1,2.65913264,6.151866243
121974,-0.116971275,0.443515218,0,1,2.80629965,6.315809994
121975,1.592020489,0.200004507,0,0,5.785152366,10.74245834
121976,-0.097884453,-0.504849251,1,1,2.888650484,5.8526073
121977,-0.467775296,-0.100159179,1,1,3.123192622,6.444830013
121978,1.028330688,0.795971526,0,1,5.686104916,8.081882722
121979,-1.472236468,1.880263106,0,1,3.098809567,8.360119046
121980,-0.543715246,-0.540788857,0,0,2.063635086,4.750361381
121981,-0.166471788,2.062063387,0,0,4.411654409,7.438282417
121982,0.643194534,0.233658445,0,0,2.990312407,7.278640808
121983,-0.579781039,0.182477352,0,1,2.520248664,5.431173004
121984,2.28168286,0.874326925,1,0,6.963792416,14.05014887
121985,-0.440859979,-0.341717113,0,0,1.490294254,5.439446426
121986,0.606927675,0.964645992,0,0,4.529506332,7.374477126
121987,-1.146995952,0.391144644,0,0,2.686738087,6.439071185
121988,0.723281843,1.261100177,0,1,4.571242043,7.769990508
121989,-1.204383696,2.30708653,1,0,3.939687698,6.919366035
121990,-0.405410017,-0.438092187,0,1,1.288977871,4.532497309
121991,-0.499896778,0.58764684,0,1,2.374704349,6.21412677
121992,-0.926541594,1.736982224,0,1,4.143241504,7.378734948
121993,-0.459549548,0.125821968,0,0,2.526527438,6.202540963
121994,-1.11994657,-0.521886954,0,1,0.704982866,5.321873662
121995,-2.013430052,-0.0287084,0,1,1.218510982,8.220631663
121996,-0.103142458,-1.761313157,0,1,1.329000936,3.515317202
121997,-0.18516672,0.504076821,0,1,2.754555942,4.745146963
121998,1.354566765,-0.907952203,1,1,3.119940025,7.207609851
121999,-1.818044589,-0.122732897,0,1,2.035312441,6.229047755
122000,1.794486017,-0.320509513,0,1,4.46315248,10.20247755
122001,-0.471275519,1.084072427,0,0,4.880890983,5.739536776
122002,-0.379223276,-0.362273884,0,0,2.083021051,5.358084365
122003,-0.681070668,0.115207784,0,1,2.145266307,6.555252233
122004,-0.017574699,0.162635156,0,0,2.090956755,5.487840796
122005,0.10286154,-1.55748072,0,0,1.796631869,4.017768358
122006,0.648846945,-1.392276436,1,0,2.145059199,4.361559503
122007,-0.30065675,1.2514153,1,0,2.722143709,6.444949264
122008,0.595389557,1.532119449,0,0,4.557135694,8.784621672
122009,-0.479742779,-0.555070171,0,0,1.790987808,4.355037943
122010,1.175624841,0.150469043,0,0,3.589346554,9.456718548
122011,2.077009079,-0.920518035,0,1,4.43722104,11.79955616
122012,0.733301696,0.636084384,1,0,4.143966959,7.592492218
122013,1.191315642,0.623928126,1,1,4.084750315,9.513229598
122014,0.710681175,0.175948562,1,0,3.6521489,7.341314507
122015,0.987199202,-0.463147012,0,1,3.61028261,7.336165486
122016,0.934117327,1.887001131,0,0,6.656730909,8.464325847
122017,-0.689806608,0.716917213,0,0,3.707987674,6.721057728
122018,0.442476119,-0.931510863,0,1,3.265275087,5.450642403
122019,0.11266588,0.907042262,0,0,4.797339245,7.045157786
122020,0.772750039,-0.860429082,1,0,3.293573956,6.522035419
122021,0.282622057,0.479894361,0,1,3.649552883,6.096154212
122022,0.924760922,0.057411345,0,1,4.14032073,7.827569305
122023,-0.556591743,1.122345694,0,0,3.201808868,6.593265868
122024,-1.071532966,-0.634260317,1,1,1.380535585,5.274135591
122025,0.772129515,0.332998337,1,1,4.010065126,7.622527563
122026,0.151869769,-0.800035599,1,0,2.790850578,5.123781982
122027,0.916746701,0.57846243,0,1,4.681915257,8.643943255
122028,1.95459052,0.700357718,0,0,6.076427659,11.1802359
122029,-1.383741012,0.105243261,1,1,1.62613897,5.812484995
122030,-0.088661527,-0.156838694,0,0,2.406189321,5.037450086
122031,-0.198886837,0.164767311,0,0,3.148699119,6.105829224
122032,-0.739111378,-1.589668599,0,0,0.898150459,3.283094134
122033,0.408374081,1.094751915,0,1,3.783337956,7.81892357
122034,0.460323923,0.295215944,0,1,4.210517707,6.85966838
122035,-0.768501003,0.862462581,1,1,3.128091334,5.879886014
122036,-1.968149162,2.035826937,1,1,2.87016223,8.348410225
122037,-0.553914175,0.713511715,0,0,2.604895976,6.896777876
122038,-0.457618017,0.107850364,1,0,2.845731499,5.332880133
122039,-0.342393747,-2.002653897,1,1,0.788742267,2.606949532
122040,0.628277024,-1.069136321,0,1,2.660982056,5.03517464
122041,-1.149694478,-0.486013739,1,1,1.451892316,5.707176619
122042,-0.285668346,0.351715406,1,0,2.960856182,6.392191316
122043,-0.511003623,2.68278794,1,1,5.308060084,6.971929931
122044,-1.539837814,-0.326044417,1,1,1.26239561,6.61079135
122045,0.485551741,1.088199081,1,0,5.555860907,7.947007887
122046,0.628960314,0.846638783,0,0,4.220687172,6.931645052
122047,-0.693198887,0.595249915,1,1,3.935783934,5.990121684
122048,1.302804542,0.492482167,0,1,3.106119421,9.395567363
122049,2.394680923,-0.059391346,1,0,4.938826534,13.30674162
122050,-0.330438278,-1.72079809,1,1,0.894796924,2.985079284
122051,-0.44018688,0.513301406,0,0,4.166856226,6.1217311
122052,0.896554724,1.397130164,0,1,5.374458743,8.971599527
122053,0.220310221,-0.569023144,0,1,2.754038704,5.323201265
122054,-1.318504282,-0.182183118,0,1,1.587838822,6.466113858
122055,-1.026759935,-0.199926714,0,1,0.825363268,5.034790841
122056,-1.387912809,-0.35435197,0,1,1.668551952,7.209558925
122057,-0.631902794,1.019308133,1,1,3.560384529,5.539402439
122058,-1.169609791,-1.685735722,0,0,0.145899034,2.382673789
122059,0.784374259,1.505890184,1,1,6.216389755,7.611572467
122060,0.773250115,-0.142166493,0,1,4.023557085,7.337525227
122061,-0.858655647,-0.209557832,0,0,1.922487331,5.743388633
122062,-0.394898904,-1.200887944,0,1,1.488283854,3.872217113
122063,0.013218271,1.287966927,0,1,4.078634735,6.713669085
122064,0.85449315,0.353126215,0,1,4.09167261,7.211619127
122065,-0.057120709,-0.979311909,0,1,1.550178822,5.046442126
122066,1.090262908,-1.437052065,0,0,2.68820694,7.022531515
122067,-2.143151808,-0.062512676,0,1,0.475206315,7.692660947
122068,-0.423203901,-0.354493015,1,0,2.320340114,6.01201229
122069,0.725128776,0.539251577,0,0,4.27271525,7.311258235
122070,0.664196846,1.090669062,0,1,4.81475707,8.873647469
122071,-1.268311846,1.749072238,0,1,2.882560731,6.174085736
122072,-0.853481376,0.3095915,0,1,3.888477246,5.940251227
122073,1.873908079,1.628865159,0,1,6.957071553,12.54786926
122074,1.413377253,-0.021633315,0,1,4.752076439,9.746737301
122075,-1.458524379,-1.069271368,0,0,0.676905702,5.348062602
122076,-0.316695514,-0.684153707,0,1,2.238514001,4.377690677
122077,-0.71766427,-0.235847507,1,1,2.465020069,4.904893303
122078,-0.639505239,-0.51608355,1,0,1.370784065,4.811239823
122079,0.09250473,-0.990778485,0,0,1.97242073,5.149567929
122080,0.718174166,0.946472729,0,1,3.963226987,8.094619721
122081,-0.457831382,0.009846405,0,0,3.074285453,5.61623194
122082,1.518365632,0.801017272,0,1,5.504023462,10.81479386
122083,1.616816515,0.770958421,1,0,5.903571676,11.37904018
122084,1.031419561,-0.565791447,0,1,4.131600556,7.012538062
122085,-0.029671412,-0.76330808,0,1,2.254942455,4.555088647
122086,0.083876039,0.543609157,1,1,4.086269568,6.349427855
122087,0.235061668,-1.497361769,0,1,0.733347632,3.339362539
122088,-0.789818229,-1.177977669,0,1,0.696740325,3.045293216
122089,0.312211033,-0.392558671,0,0,3.664183187,5.430391561
122090,0.269753051,-2.072002755,0,0,1.118609811,3.220324032
122091,0.098786468,-1.020716599,0,1,2.257061157,4.336760251
122092,0.713349239,0.771547625,0,1,4.599355835,7.899351267
122093,0.555724468,0.941994389,0,1,4.078993096,7.036887011
122094,0.810267328,-0.517312679,0,1,3.083834031,7.150770992
122095,-1.445273828,0.714491555,0,1,2.089471407,7.184994918
122096,0.321854711,-2.276877119,0,1,0.578001967,3.160412213
122097,-1.71442628,-1.294080399,1,0,-0.219474447,6.002052134
122098,-0.078915595,-1.399616628,0,0,1.510188906,3.859475018
122099,0.655081925,-0.509884203,0,0,2.234943907,7.037918117
122100,1.546226007,0.426706697,0,0,5.054757941,9.55930781
122101,-0.130471518,0.421848684,0,0,2.950199999,5.92415833
122102,-0.93323158,1.446001341,0,0,3.208785935,6.713531141
122103,1.050432088,0.246567425,0,1,4.208402233,7.965345327
122104,1.933233212,-1.465328836,1,0,3.507185037,9.224288421
122105,0.809485494,1.204135244,0,1,5.060160958,7.682749729
122106,0.49667023,-0.15557696,0,1,3.121954305,6.777212628
122107,-2.059901909,1.085201061,0,1,1.278848938,8.858867449
122108,-0.426644477,-0.071370952,0,1,2.511671547,5.059302504
122109,0.986405985,0.989060337,0,1,4.005142439,8.17422183
122110,-1.155704929,-0.987524118,0,1,0.189841333,5.893678083
122111,-0.707756143,0.688990161,0,1,2.69693847,6.229042232
122112,1.079510833,0.502396535,1,1,4.438800122,8.707197066
122113,-0.440587214,-0.143723893,0,0,1.492504901,6.091116124
122114,1.386266437,-1.123781344,0,1,3.671549869,8.152454899
122115,0.779821787,-0.107071435,0,0,3.285525709,7.758246882
122116,0.489646331,0.025048706,0,1,2.993850136,6.538003656
122117,1.031514207,0.530698662,0,1,5.089701773,8.665365959
122118,0.070454398,2.264794296,0,1,5.140022187,6.794288835
122119,1.250852048,0.27157631,0,1,4.661681341,9.807322009
122120,0.775492746,0.117147863,0,0,4.189447362,7.475241563
122121,-0.691245224,-1.723165642,1,1,0.201933082,2.888188684
122122,2.064662643,-0.439300561,0,0,4.370328666,11.80875235
122123,0.589091367,1.264796065,0,1,5.225579185,7.505294195
122124,-0.439053452,-0.27780717,0,1,2.135576043,5.317600698
122125,0.51915328,0.528129372,1,0,4.361659229,6.978710691
122126,0.033218635,-1.055792996,0,0,2.162909944,4.706623105
122127,1.289091679,0.76273567,1,0,4.61818399,9.187983273
122128,0.181915985,0.804784659,0,0,3.796628796,7.395280775
122129,-3.243878042,0.063452451,1,1,0.19874575,12.60407919
122130,-0.422840725,-1.960212199,0,1,0.852363481,2.370481673
122131,0.544841563,-0.984012659,0,1,2.484775639,5.257787472
122132,1.416197877,-0.141768798,0,1,5.290215142,9.462722646
122133,0.666577464,-0.578637627,1,1,2.978215964,6.086309211
122134,0.822430363,1.417210239,0,1,5.134581955,8.372401638
122135,-1.574051554,0.618025202,0,1,0.863601412,7.684846332
122136,-1.64769326,-0.114592387,0,1,0.968704299,5.880684624
122137,0.259571233,-1.092170358,0,1,2.353750455,5.589890179
122138,-0.330952091,1.496818385,0,1,4.383767065,5.799969922
122139,0.89533409,1.034392917,1,1,5.850272531,8.21481534
122140,1.63036469,-0.315632422,1,0,4.326158382,10.20644092
122141,1.001736878,-0.602554087,0,1,2.591490943,8.105105752
122142,1.248232054,-1.128353428,0,0,3.49536148,8.187537051
122143,-0.830230442,1.748075373,0,1,4.78305987,6.601518788
122144,0.60891569,0.329224802,1,1,4.334457939,6.451279117
122145,-0.18030478,-0.380968108,1,0,2.82872844,4.446198262
122146,-0.074654559,-0.088498141,1,1,2.464909392,4.711240833
122147,0.682206469,1.701340782,0,0,6.158562197,7.744506974
122148,-0.839961135,0.179394633,1,1,2.345109254,5.786531355
122149,0.811400736,-0.276248446,0,0,2.65542515,6.30118919
122150,0.822727268,-1.377095742,0,1,3.956905115,5.801268633
122151,2.301111601,0.339059246,0,1,6.695218566,14.65245411
122152,-0.044316671,-0.713250821,0,1,2.288123629,5.744579417
122153,-0.26510705,0.740598654,0,1,3.525610189,7.003261663
122154,2.390075056,-1.298516548,0,0,4.056760731,10.71677122
122155,-0.097729717,-1.122361589,1,0,1.416852513,4.78615185
122156,-1.21045248,0.089875094,0,0,2.019246037,6.026639351
122157,-0.500853597,0.334222458,0,1,3.031127324,6.687293294
122158,0.69407605,-1.250713871,0,1,3.141895041,5.074192295
122159,-0.531211296,-0.276429312,0,1,1.694067362,5.047918632
122160,-2.169283371,-0.257651383,1,1,0.77897074,8.108766106
122161,-1.275093113,-0.221966156,1,1,1.580757475,6.445780111
122162,-0.046501114,-1.876443424,1,1,0.568818084,2.979376156
122163,-1.11355057,0.394622922,0,1,2.507821468,6.761387693
122164,0.889791686,1.895737483,0,0,6.308623625,7.569658156
122165,0.350790186,-0.656424988,0,0,3.159572049,5.50861163
122166,-0.919708288,-1.274979552,0,1,1.828216356,4.136080729
122167,1.027466197,-1.360621396,0,1,2.298997497,6.455850618
122168,-0.776403395,-0.127826233,1,0,1.710910338,6.754326155
122169,1.275287154,0.610524355,1,1,4.844845094,9.157290317
122170,-0.137102448,0.633224902,0,1,3.627160849,7.134058402
122171,1.923046556,-0.336221869,1,1,4.795708189,10.85286657
122172,1.143311508,0.615292941,0,1,4.994442887,9.245869138
122173,1.245858994,0.14676597,1,1,4.064313962,9.443940946
122174,-0.689459014,-1.04460152,0,0,1.213018097,3.074891699
122175,-0.194462418,-1.011525452,1,1,1.723160396,5.066216463
122176,-1.432949398,2.34253698,1,1,3.839740144,8.190841579
122177,-0.929182776,-0.48484665,0,1,1.850761358,4.907346237
122178,0.130541986,1.803167662,0,0,5.329112021,6.660427934
122179,0.665636214,1.39289878,1,1,5.012815418,8.567439083
122180,0.171602121,0.032169323,1,1,3.381237225,5.826153079
122181,0.212551307,1.228956512,1,0,4.40067121,7.257110878
122182,-0.891887089,-0.590001412,1,1,0.517244908,3.887369813
122183,0.931865965,1.400507452,0,0,5.527099985,8.378100465
122184,-1.452935772,-0.484778984,0,0,0.969819318,6.620307752
122185,0.497553806,0.604871236,0,1,3.91702964,6.609728548
122186,1.189227914,1.449005288,0,1,6.630591923,9.447766453
122187,-0.41294531,1.111467202,0,1,4.02896388,6.334736162
122188,-0.868501099,1.059727397,0,1,4.438559583,6.041257201
122189,-0.176662492,0.448431737,0,0,3.462792375,6.525673486
122190,0.78748777,0.886735601,0,1,4.50038728,8.479211669
122191,0.378079081,0.329140552,1,1,3.239490759,6.264241703
122192,-1.257180053,0.45267303,0,0,1.539218681,5.855200095
122193,-0.64506663,-0.490878669,1,1,1.320264133,5.724216909
122194,0.40864191,1.589360687,1,1,4.152705945,7.345020851
122195,0.989888565,-0.070387407,1,1,4.691060558,8.183270249
122196,-0.187874332,-0.713925732,0,0,1.82497857,5.512735036
122197,0.055912203,-2.321680587,1,1,0.326763028,1.291812393
122198,-0.123208263,-0.644021667,0,1,3.009370783,4.980120646
122199,-0.167665829,-1.51074968,0,1,1.530864793,4.176139989
122200,-0.414722549,1.495751511,0,1,3.970921133,6.22614283
122201,0.190918719,-1.118390184,1,1,2.060939746,4.841594323
122202,-0.455284748,0.13054879,0,0,2.472834216,4.93919696
122203,-2.285845459,2.360208071,1,0,3.912441811,9.125675252
122204,0.259258312,0.256922712,1,1,3.178585545,6.74939818
122205,0.780788295,0.561676047,0,1,3.634586724,7.850898159
122206,1.437853817,1.70087757,1,1,6.400308857,10.62623779
122207,-0.816025932,-1.94148646,1,0,0.360918322,2.562922479
122208,-1.696013743,2.202472968,0,1,3.496085918,7.251928677
122209,-1.077162909,1.505112638,0,1,2.881411287,6.708768143
122210,-1.066637137,1.296894951,0,0,3.804319598,6.414646494
122211,1.286711889,0.233669926,1,1,4.528089486,8.795758374
122212,-0.637026915,1.150314229,1,0,3.636265804,6.950144483
122213,-0.552488288,1.56183799,0,1,3.501497006,6.137491591
122214,-0.585025213,1.38707236,1,0,3.946523027,6.580450117
122215,-0.692400259,-0.742150887,0,0,2.693681226,4.546759507
122216,0.704368301,0.019728319,1,0,3.525454397,7.216269351
122217,0.641340905,2.789486741,0,1,5.660082217,7.676399188
122218,-0.921730739,-0.349378972,0,1,1.317778884,5.875193202
122219,0.137114027,-1.052151994,0,1,3.222179147,4.635566946
122220,-1.653837484,-0.919794254,0,0,0.197060998,5.730078192
122221,0.739998121,-0.707824835,0,1,3.403482978,5.965205875
122222,-0.700148118,0.485737776,0,1,2.230073951,6.28460717
122223,-1.008667184,0.918177222,0,0,3.468458586,6.316046565
122224,1.930986899,0.285027714,1,0,4.421373594,12.20935391
122225,0.446062657,-0.710524663,0,0,2.485701971,5.870376274
122226,0.284479466,0.482548407,0,1,3.661771892,6.846715059
122227,-1.267514004,-0.958547511,1,1,1.207553608,5.121202632
122228,-0.807774719,0.211884793,1,0,2.38470671,6.338184309
122229,-0.526812763,0.193383461,0,1,2.19552327,5.055135131
122230,-0.488526083,1.097430996,0,1,3.030095397,5.902943135
122231,-0.179743533,-1.012972488,1,0,2.210043108,4.472966558
122232,1.63084431,2.068925793,0,1,6.335588525,10.65842526
122233,0.771442009,0.463464327,0,1,4.517196331,8.044013094
122234,-0.025630588,0.444717665,0,0,3.013848856,6.148914735
122235,-1.071911759,-1.152219996,0,1,0.23644443,4.608682271
122236,0.584161737,-1.186788269,0,1,2.597281409,4.695715495
122237,1.820476689,-0.785030654,0,1,3.442364405,11.29316499
122238,0.54754228,-1.238971601,1,1,1.793024732,5.385427202
122239,-0.018724876,0.41781264,0,0,2.792951425,6.387984325
122240,-0.428884255,-0.631146087,0,0,1.842752156,5.105709289
122241,-0.269716805,1.305424442,1,1,3.639265368,6.766091342
122242,1.011808985,1.106142376,0,0,3.950331288,8.333941471
122243,1.038822086,1.519786792,1,0,5.920698,8.410283539
122244,0.811844913,-2.281516356,1,0,1.809783736,3.798078858
122245,0.642982577,0.450870148,1,1,4.529421998,7.562713944
122246,-0.221326588,-1.472612955,1,1,0.955900014,3.750964063
122247,-0.680716504,-0.333204915,0,1,1.18884572,6.292100027
122248,0.87490587,0.719991414,0,1,3.866376779,8.670993849
122249,-1.159530837,0.609591301,0,0,2.245724406,6.497184874
122250,-1.919581892,-0.426635162,1,0,0.632049737,6.566270433
122251,-0.01610219,0.74700984,0,0,4.101592457,5.974986009
122252,-0.257841782,0.561621868,1,1,3.915867198,5.792416325
122253,0.295352983,0.487538469,0,1,4.51948575,7.113915283
122254,0.662658933,-0.282519766,0,1,3.179739732,6.591286524
122255,0.881126333,1.554347704,1,1,5.584041149,7.799451104
122256,-0.159483264,-2.262416942,0,1,0.669441501,1.25359811
122257,0.657797737,0.022093087,1,0,3.711006803,7.102935225
122258,0.482015915,-0.796564191,1,1,2.37396823,5.269959702
122259,-0.462671784,0.056737173,0,1,3.251373511,5.279379821
122260,-0.17474934,-0.054580732,1,0,2.948256487,6.491309024
122261,-0.492837528,-0.130579822,1,0,2.669099108,5.170936313
122262,0.683771877,0.537658432,0,1,3.889727149,7.427798917
122263,-1.263990098,0.213639592,0,1,1.386152393,6.042158455
122264,-0.72901856,0.37357656,1,1,2.86482,6.826330504
122265,1.191946819,0.82114879,0,1,4.961861142,8.777158677
122266,-0.658319272,0.092973366,1,1,1.989838567,5.57159851
122267,0.383887617,0.455372617,0,1,3.83817484,6.30827729
122268,-0.855652229,0.52926159,0,1,2.322660564,5.653740021
122269,0.319254883,-0.955989605,0,1,3.541149349,4.72594331
122270,0.361386969,-0.446071886,0,0,3.164370226,5.836691712
122271,-0.89771232,-0.400103486,0,1,2.022950405,4.814130234
122272,-0.950527509,-0.718289383,1,0,1.685367155,5.27041453
122273,1.480793077,-1.295601452,0,0,3.240917588,7.043122207
122274,0.780502895,0.467008182,0,0,4.387981836,8.117373662
122275,1.523139508,2.001306917,0,1,6.069670889,10.61853529
122276,-0.145039737,0.316658954,0,0,2.368369271,6.0272185
122277,0.064949057,-1.102826405,0,0,2.537829176,4.478170076
122278,-0.437468194,2.768398055,0,1,4.50297089,6.460769095
122279,0.423670518,-1.55620735,0,1,2.191683711,4.56494982
122280,0.632704827,1.054003959,0,1,4.84884704,6.837768895
122281,0.708389983,-1.459792954,0,1,1.474873975,4.375240819
122282,0.26480701,-1.631477664,1,0,1.244954075,2.815054182
122283,-0.245289318,-2.787052656,0,0,0.099628139,0.519779641
122284,-1.840889725,0.332406498,0,1,2.342672871,8.07177303
122285,1.101267265,-0.115811288,0,0,3.762744851,7.953034306
122286,0.683400109,1.884163078,0,1,5.510651279,6.507702496
122287,-1.014050738,0.632232785,0,1,3.55586446,7.387730136
122288,1.252741638,0.181705982,0,1,4.434928636,8.400138765
122289,0.403427286,0.495278915,1,1,3.865257726,7.252838205
122290,-0.440095963,1.262007969,1,0,3.935015489,6.706733888
122291,-1.27756452,-0.403338196,0,0,2.524302821,5.580448723
122292,0.133966931,0.940965598,0,0,4.74408901,6.366644989
122293,-1.106314366,0.933945281,1,1,2.502749898,6.538876147
122294,-0.121419524,1.011164189,0,1,3.710701357,6.261453734
122295,2.165831736,0.948348545,0,1,6.989504584,12.18050927
122296,0.33485545,0.350820514,0,1,3.78607201,6.551385649
122297,0.643848454,0.60778386,1,1,4.536897768,8.344229471
122298,-0.846686487,0.247755467,0,1,2.245891479,6.782831727
122299,0.558893124,-0.948654269,0,1,2.562621914,5.185552767
122300,-0.107813779,-1.389024369,1,0,1.464258853,3.899623057
122301,-2.639568056,-0.199810368,0,1,-0.621819152,10.72346566
122302,-0.322697469,1.526228197,0,0,4.373234889,6.580263529
122303,-1.428046962,0.595241233,0,1,1.613414272,6.55887485
122304,0.188075993,1.069037267,0,0,3.702170233,6.478150917
122305,-0.425196048,0.60533769,1,1,3.115207693,6.805902371
122306,-0.988048329,0.449276505,0,1,2.798100022,5.665835533
122307,0.142751849,-0.492433471,0,1,2.718911479,6.003642398
122308,1.142196509,0.135510644,1,1,4.70633249,9.362673101
122309,0.702908221,1.559803543,0,1,5.687073715,7.329863532
122310,1.317651769,1.075391952,0,0,5.248013592,9.483143872
122311,-0.203876922,0.349397318,0,1,3.338095119,6.507835695
122312,0.554364442,0.85317688,0,0,4.530332205,7.012298183
122313,0.579086736,-0.550325434,0,1,2.235899193,6.028702325
122314,-0.239255672,-0.195012111,0,1,2.663614448,5.451830614
122315,-0.375073727,0.769089635,0,1,3.248902835,6.938121403
122316,-1.778782608,-0.612125446,0,1,0.214115555,5.642770575
122317,-0.307718715,1.260833615,1,0,4.545447752,6.046442929
122318,-0.982942842,0.521074864,0,0,2.743807815,5.726531036
122319,0.118643987,-0.658611056,1,1,2.574826472,5.875670363
122320,2.075713315,0.712729431,0,1,6.696396144,13.0173824
122321,-0.498133161,1.180842801,1,0,3.660948861,6.126504198
122322,0.041293827,-1.184427579,0,0,2.312397813,4.955994549
122323,-2.96032211,0.652131424,1,1,0.735685168,12.72850165
122324,0.414322208,-0.879433461,0,1,2.493747656,5.225691929
122325,-1.48572808,-0.745760157,0,1,0.565524436,5.343345826
122326,-0.516065481,0.460002564,0,1,2.741149172,4.757211904
122327,0.277850019,-0.410960198,1,0,2.637403987,4.786943617
122328,-1.743585758,-1.232601205,0,0,0.518289352,5.266577996
122329,1.595616,-0.444550581,0,0,4.111733757,8.982498997
122330,1.240509668,0.907274377,1,0,5.494772037,9.767621033
122331,-1.655287675,0.774459484,0,1,1.958463508,7.946764942
122332,-1.043833655,-0.935581388,0,0,1.422066363,5.04575
122333,0.795705599,-0.538161806,1,0,3.835277313,6.851552618
122334,-1.545994908,-1.15897022,0,1,0.790405633,5.269296986
122335,-0.403708655,0.667469274,0,0,2.905357055,5.768592919
122336,-1.490828042,0.034511724,1,0,1.07403268,6.572523799
122337,1.637294131,-1.325917018,1,1,3.94403964,8.325434283
122338,-0.529553134,-0.483168301,0,1,1.305905628,5.398493218
122339,-0.95667501,0.812258989,0,1,2.90446483,5.499908737
122340,-0.111837638,-0.089870171,1,0,2.522034889,5.853474089
122341,1.474673474,0.274094821,0,1,4.176853143,9.773414475
122342,-0.073643817,-0.069761023,1,0,2.23031869,5.25826213
122343,-0.783682616,1.209142197,0,1,3.281231475,5.785181552
122344,-0.454652365,0.024700581,0,0,2.419178359,5.990204042
122345,-2.050110029,0.639761168,0,1,1.33395233,8.647254717
122346,1.420786448,1.246630777,0,0,6.275683225,10.44817446
122347,-1.043793449,0.598483986,0,0,2.953249166,5.969489892
122348,0.05162858,-0.61984038,1,0,2.056836575,4.962330343
122349,0.524523253,0.666086969,1,0,3.452366986,7.557197841
122350,0.448142609,0.494382376,1,1,3.264359502,8.131086396
122351,-0.093436234,1.65065342,0,1,5.205010858,6.774456493
122352,-0.845004127,0.39583903,1,1,2.973807673,6.625028438
122353,-1.342091809,-0.102395556,0,1,1.739837859,6.63686435
122354,0.254376839,0.173946993,1,0,3.314205046,6.938738434
122355,0.683380014,-0.796673775,0,1,2.28201585,6.76738666
122356,-0.813784642,-1.2698923,0,0,1.468427901,2.737284157
122357,-0.832834869,-0.686982773,0,0,1.058952394,4.887371875
122358,-0.851619903,-1.375841262,0,1,0.967547971,3.052276448
122359,0.323736772,-0.278323908,0,1,3.256235,5.821803137
122360,0.149260825,-0.397110374,0,1,3.290945466,5.81214712
122361,2.155846558,-1.978000099,1,0,3.592811388,10.19699557
122362,-0.596668291,-1.521015864,0,1,0.801702051,2.598311277
122363,0.700604688,-0.634757932,0,1,3.738335334,5.692406601
122364,0.266653621,-1.24184974,0,0,2.65766276,5.398782303
122365,0.029476901,-0.154857976,1,0,2.343309341,4.991447234
122366,-0.547693903,3.037878472,0,0,4.707978564,6.031578558
122367,0.281501103,-1.87881969,1,1,1.509151114,3.339844608
122368,2.176591116,-0.17248089,0,1,5.890797053,12.4054876
122369,-1.134830521,-0.718080875,0,1,0.609382121,4.951707482
122370,0.939926573,1.075074375,0,0,5.347882626,9.128847575
122371,0.477085094,-0.735551227,0,0,2.656504667,5.632577248
122372,0.689311534,0.269158874,1,1,4.225320467,7.998070665
122373,0.176319647,0.082448531,0,0,3.250685105,5.97338252
122374,-0.250043996,0.150979596,0,1,2.34500646,6.337685276
122375,-0.525645002,0.659956611,0,0,3.033856303,6.281007672
122376,0.236462676,1.939334792,0,0,4.968232484,6.948385217
122377,-1.19381319,1.248530016,0,0,2.841131892,7.021205383
122378,-0.902616821,-0.577658796,0,1,1.364475514,4.728551167
122379,-0.100660273,1.561608101,0,1,4.046326469,6.978074336
122380,-0.875443875,1.044815641,0,0,3.577263585,6.482743241
122381,0.993288699,1.220721083,0,0,5.461971805,8.838144585
122382,-0.616098858,0.833997608,1,0,3.90118343,6.846453484
122383,0.026735374,0.482824047,0,1,2.96621804,6.109693637
122384,-0.420297729,-1.937904849,0,1,0.09965865,1.8883447
122385,0.201083019,0.794182459,1,1,3.386601141,6.263530862
122386,0.925317953,0.369608249,0,1,4.214153904,8.40714216
122387,-0.354854988,-0.747515642,1,1,2.223393721,4.033937847
122388,0.822794425,0.908862887,1,1,4.398365011,8.874892402
122389,-0.038884659,0.259100043,0,0,3.314690008,6.847842392
122390,0.18758805,-0.493483787,0,1,3.276796308,5.110526388
122391,0.885863523,1.464994401,0,0,4.543117059,7.757572519
122392,-1.666634429,0.526963578,0,1,1.967490367,7.083983231
122393,0.416326151,-0.161895597,0,0,3.304085529,6.358451847
122394,-0.978302845,1.745940541,1,1,4.66673502,7.369309854
122395,-0.177138364,1.743211705,0,1,5.020353856,5.303340999
122396,0.882728437,0.059074408,1,0,4.213662087,8.345457647
122397,-0.171441184,0.186429708,0,1,2.443186759,6.496581202
122398,0.53029464,0.182660948,0,1,3.518800963,6.947525057
122399,-0.406251612,1.099765993,0,1,3.151626254,6.00144317
122400,1.6640582,-0.021326874,0,1,3.725551458,10.67309652
122401,0.157749389,0.751375695,1,0,3.735631331,6.981114158
122402,-0.33873205,-2.095238065,0,0,0.298140754,2.138384205
122403,0.154596054,1.077919255,0,1,4.681919617,5.52463766
122404,-1.296134232,-2.160763417,1,1,-0.043170419,2.180213303
122405,0.596040934,-1.004898867,1,1,1.667206365,5.542400037
122406,-1.403704663,-1.181437334,0,1,0.419602586,3.830319778
122407,0.329912939,1.305877543,1,0,4.419928902,6.316246183
122408,-1.367546637,0.21055925,1,1,2.189754785,5.581502607
122409,0.295787641,0.209828933,1,1,3.795342429,7.23691798
122410,0.630428715,-0.024558445,0,0,4.172993676,8.085716246
122411,-1.430525204,0.236664154,0,0,1.187511924,6.769143574
122412,1.044105883,-0.260601775,0,1,4.466897611,8.136511149
122413,-0.826759874,0.806980094,1,0,2.785878606,6.194977036
122414,-0.534793138,-0.255965895,0,0,1.96414434,5.041661336
122415,0.833828494,0.574484232,0,0,3.902318326,7.500022793
122416,2.371879046,-0.393510865,0,0,5.617881469,13.30200055
122417,1.136376938,-0.868796048,1,1,3.040828416,6.617667139
122418,2.118692628,1.456851992,1,0,6.485812089,12.70695287
122419,0.770987633,-1.338148976,0,1,2.479639152,5.816387574
122420,0.543120166,-0.688315021,1,1,2.922458317,5.742173722
122421,0.737626045,0.172592484,1,1,3.988673886,7.829726572
122422,-0.16926624,1.95928715,0,1,4.585387263,6.521348359
122423,-0.826689182,-0.51068838,1,1,1.268307967,5.107109446
122424,0.741794632,-0.573854753,0,0,2.84283119,6.477208365
122425,-0.537203339,0.94060203,0,0,4.488355559,6.08043602
122426,0.926063387,1.960164777,0,1,6.221608991,7.152016706
122427,0.632692241,1.094059752,0,0,4.71377286,7.326557962
122428,0.051867185,-0.218520011,0,0,3.029892004,5.634895431
122429,0.194115769,-0.531480169,0,1,2.222256017,6.200793889
122430,1.166199383,-0.786781292,0,1,3.49604918,7.993982728
122431,0.806610119,2.081628366,1,1,4.690600906,8.108297207
122432,-0.064690267,1.294357737,1,0,4.833515853,6.321185753
122433,0.386848109,0.100402123,0,1,3.961938946,7.447732843
122434,0.856191143,0.688060022,0,0,4.476823851,8.402592386
122435,0.525236481,0.043651677,1,1,3.527225837,7.542155025
122436,-0.668185705,1.688117204,0,1,3.790788353,6.715504451
122437,0.308295316,0.861883806,0,0,3.56067021,6.621801343
122438,2.151836788,1.021135527,0,0,7.080396035,13.11216848
122439,-1.02175447,-1.087718687,0,0,1.8618237,4.810835993
122440,2.03514004,-1.648988861,0,0,3.635946028,9.303474578
122441,-0.707637821,0.69675916,1,0,2.550215447,6.142823636
122442,0.31843413,-1.45017604,0,0,2.055169722,5.031914479
122443,0.12621878,2.028121476,0,1,4.528993589,6.605409809
122444,-0.867403448,-1.549864216,0,1,1.111811062,2.744147546
122445,-0.642633531,0.127361232,0,0,2.199736372,6.358321446
122446,-0.402085166,1.030808087,0,0,3.809699284,5.898811595
122447,1.174806183,1.377455721,0,1,5.038535341,10.00452645
122448,0.960658692,-0.22998182,1,0,3.774010236,7.399318058
122449,-0.533513869,0.060923996,0,0,2.671345729,5.684629804
122450,1.041366668,-0.862829777,0,1,3.955357373,6.85706778
122451,0.328462482,1.038230214,1,0,4.327289316,6.929787351
122452,1.147063723,0.638254459,1,0,3.683259097,9.235417767
122453,-1.075765635,-0.228543187,0,1,0.398221624,5.677693017
122454,-0.081970715,-1.880483376,0,1,0.914580092,3.249030831
122455,-0.887376028,1.426780851,0,0,3.712337142,6.442458332
122456,-0.442844263,-1.481287529,0,1,0.789776915,3.181977939
122457,0.490470794,1.185708747,0,1,4.276521475,6.876030356
122458,-1.756440939,-0.178570269,0,0,1.257181809,7.03569725
122459,-0.876387178,-0.808092488,0,0,1.450018908,4.404264
122460,-0.975045712,0.242244555,0,1,2.422447282,6.449142165
122461,-0.089876944,1.390210757,1,0,4.784537767,6.415888254
122462,-1.046286488,1.507284544,1,1,4.112863247,7.07559537
122463,0.02938804,0.108839852,1,0,2.737925344,6.080747173
122464,-0.815611274,0.426454685,1,1,3.356396172,5.959912725
122465,1.385260083,-0.884463305,1,1,3.024675242,6.817699984
122466,1.128221226,-0.687854031,1,1,2.779266838,8.077075951
122467,-0.458280988,0.26307009,0,1,2.602525578,5.422616861
122468,-0.037749128,-0.102177798,1,1,3.210453286,5.848115822
122469,-0.014133506,2.02712233,0,1,5.257420357,6.629738602
122470,0.158314097,-1.089545143,0,0,2.489222816,5.188038634
122471,-1.220061718,-0.292399653,0,0,1.581227648,5.688268442
122472,1.896855216,2.571272522,0,0,6.776662017,12.23474444
122473,0.951168304,-1.222935376,0,0,2.512669956,6.082898062
122474,-0.925145436,-1.186985463,1,1,0.892369393,3.103516416
122475,-0.912040221,-2.394462262,0,1,0.286593748,1.762603136
122476,0.566948637,-0.618079272,0,1,2.339403114,5.299622143
122477,1.863086953,0.412192139,0,1,4.737673592,11.27744675
122478,0.726596566,-1.804924048,0,1,2.002044112,3.709947592
122479,-0.501366937,-1.216931401,0,0,1.27608897,3.31544612
122480,-1.642962445,0.580497722,0,1,1.507476874,6.810555542
122481,0.06414718,-1.547728431,0,1,1.54626811,2.896779703
122482,1.310206655,0.616855679,0,1,5.315770621,8.969487995
122483,-0.64066104,0.556422905,1,1,2.777182975,7.154566523
122484,0.160423923,-0.612065572,0,1,1.762767221,5.171737026
122485,-0.728496524,0.70705543,0,1,3.827894178,6.176652466
122486,0.323467844,-1.502018374,1,0,1.814891437,4.423605885
122487,0.764403554,-1.259615047,1,1,2.768015856,5.512972239
122488,-0.537974666,0.842827438,0,1,3.264013688,6.493951042
122489,-0.15808733,0.894803332,0,1,2.846198241,6.079713163
122490,1.912632328,-0.723938802,0,1,4.01050556,9.449663009
122491,0.615426521,0.874358725,0,1,4.970000794,7.449584597
122492,1.250426369,0.134459319,0,0,5.203408898,8.9186192
122493,-0.896068346,-1.533461305,0,0,0.582172247,3.834283782
122494,0.737952693,1.020213809,1,0,4.314321351,8.731260767
122495,0.991190548,0.662287748,0,1,5.211858492,8.141084353
122496,-1.040656379,0.953848543,0,1,1.536046902,6.103987782
122497,-1.910183622,0.778447836,1,0,1.579787852,7.368146842
122498,-1.057939197,-1.122270458,0,1,0.613697704,4.329773264
122499,-1.418637864,-1.859715148,0,1,-0.207659645,2.732106645
122500,0.913822193,-1.35383977,0,0,2.588380305,4.9244171
122501,0.318763503,1.511103874,1,0,4.757471808,6.728456095
122502,-1.136626777,0.642459906,0,1,2.682698783,6.533967008
122503,-1.127881745,-0.553565983,1,1,0.861826045,6.137748446
122504,-0.969522187,-0.733959948,1,0,1.216688586,4.52932195
122505,0.629162047,0.103471814,0,1,3.959891212,6.780118191
122506,-1.387259499,-1.297397295,1,1,0.55131698,4.338185318
122507,1.357915901,-1.594572883,1,0,2.079421973,7.075561917
122508,1.48008531,-0.789250589,1,1,3.249046656,8.256734378
122509,0.050384943,0.221777096,1,0,2.891274118,5.655944166
122510,-0.481395199,0.565538548,0,1,2.753736454,6.15357838
122511,-0.242366819,-0.876481547,0,0,1.521746188,3.746442892
122512,-0.794540108,-0.32622026,0,1,1.41965709,5.733306092
122513,1.59140148,0.017485881,1,0,4.396490434,9.761374932
122514,-0.612373201,-1.22775683,1,1,1.170747305,4.350970407
122515,-0.041426555,-0.541084201,0,0,2.059411324,5.107923078
122516,-2.203914168,0.516087327,0,1,1.512050994,8.942409634
122517,0.776313624,0.533140571,1,1,4.817479751,6.48037251
122518,1.832442144,0.411818528,1,1,5.624770315,10.89490684
122519,-0.303787068,0.557322513,0,0,2.95871664,6.260586015
122520,0.834667757,-0.084784944,0,1,2.676785087,7.102356514
122521,0.273744543,-0.106925877,1,0,3.95470524,6.519906705
122522,1.384150011,1.285787743,0,1,5.976463695,9.884920845
122523,-0.220262883,-0.774682848,1,0,1.869079208,4.39411208
122524,-0.08740857,-1.646845882,0,1,-0.079251502,3.558255885
122525,0.781685939,0.897817277,0,1,5.263365277,7.841914915
122526,-1.017544308,0.858068215,0,0,2.274410349,6.786580875
122527,-0.212896779,1.89449237,1,0,4.382702049,6.258571978
122528,2.3645253,-0.213899058,1,1,6.046549669,14.40655738
122529,-1.51196357,1.286724838,0,0,2.942237689,6.181042601
122530,1.78263236,0.7890876,0,1,6.016611714,11.13694257
122531,0.041242553,1.130962871,0,0,3.693817253,6.440926965
122532,-1.130234616,1.104991969,0,0,2.962091502,6.155488963
122533,-0.704881519,-0.188023949,0,0,2.637513093,4.724776755
122534,1.301542446,1.269217527,0,1,6.01509762,10.50664946
122535,-0.146075158,-0.63821343,0,1,1.720117536,5.597967647
122536,0.140254758,-0.886500768,1,1,2.236033369,4.972034279
122537,1.212727147,-0.669714206,0,0,3.015935675,8.164143631
122538,-1.009610478,0.876720544,0,1,2.955761497,5.946790503
122539,0.35805731,-0.603887275,0,0,2.938501266,6.084713117
122540,-0.538292753,-0.216040265,0,0,1.753668601,6.084924648
122541,-0.903554755,0.176035131,1,0,1.895492184,6.269082702
122542,-0.201370928,-1.640216464,1,0,1.021936619,2.855921944
122543,-0.416221175,1.427700702,0,1,3.740950071,5.925939988
122544,-0.929172128,-0.591487922,0,1,1.262903735,5.393257298
122545,-0.401074152,-0.107717983,1,1,3.439735895,5.985594816
122546,-1.381102819,-0.78494769,0,0,0.917554751,5.868754402
122547,-0.191972049,0.620097408,1,1,3.077893182,5.953340089
122548,0.504305123,0.244247641,0,0,3.96851597,7.951315374
122549,0.249274025,-0.970957325,0,0,2.157083939,5.271071653
122550,-1.918482098,-1.413783039,0,1,-0.616410191,5.889112386
122551,0.354181566,0.474074353,0,1,3.889730377,6.809375547
122552,-0.978946985,1.672835264,0,0,2.962749423,6.820502304
122553,1.638889439,-0.864003934,1,1,3.132099638,9.938300772
122554,0.092199818,1.075823466,0,0,4.972412614,6.364308374
122555,1.491269934,0.226978781,0,1,4.709399478,9.297330184
122556,-0.483486748,0.584294793,0,1,2.518825112,5.390308534
122557,0.510610541,1.723431627,0,1,4.188715222,6.45331906
122558,0.769609351,0.499324396,1,1,4.445887432,7.876481315
122559,-0.036262783,0.537685819,0,1,3.381913335,6.643165694
122560,-2.15826275,0.265755767,1,1,0.274584203,9.842465579
122561,0.645842156,-1.602144882,0,1,2.138754963,4.100024344
122562,-1.051898004,-1.882445067,1,1,0.172572884,2.375322665
122563,0.534989212,0.820342075,1,1,4.116517782,7.673175069
122564,-1.421039639,-0.303972185,0,1,1.762145525,6.597536602
122565,-1.000683284,0.551246594,0,1,3.002888612,6.369189062
122566,-0.968097422,-0.891622538,0,0,0.404311494,4.861236022
122567,0.41643501,2.326097952,0,1,5.03641264,7.713440914
122568,-0.814849145,-0.677619478,0,1,1.108974369,5.093301759
122569,-0.301142465,0.58570356,0,0,3.167543606,6.086843927
122570,0.187412364,-0.644915462,1,1,2.892860398,5.328323174
122571,-0.457809537,-0.552674226,0,0,2.18287395,4.319341075
122572,-1.099548389,0.998475874,1,1,2.670499092,6.277718394
122573,-0.370366233,0.514805602,0,1,2.779839591,6.534433422
122574,-0.620205444,0.106793397,0,1,2.569502126,5.63047556
122575,1.070293878,1.481576776,1,1,5.838060282,8.562713199
122576,0.966445167,-0.904665353,0,1,2.867709869,6.102525932
122577,-1.463615383,-0.027059831,0,1,2.52998554,7.570388143
122578,0.499716853,1.713601052,1,1,5.338465668,6.972274686
122579,-0.083220309,0.799166374,0,1,2.932243257,6.536044813
122580,0.284663318,-1.216632865,0,0,1.81882886,4.881388899
122581,0.647437652,-0.12855943,0,1,4.584007831,6.77359908
122582,0.868442176,-1.368782475,1,1,3.429258804,5.797489949
122583,0.820636862,-0.120398604,0,1,3.631029682,7.350739811
122584,-0.508827287,1.575350722,1,1,3.176947856,5.963136102
122585,0.824531771,0.804702141,1,0,4.425162697,7.819005092
122586,-0.135092312,-1.160557655,0,0,1.231200424,4.721301304
122587,-1.284816843,-0.326861955,1,1,2.129118071,5.733044009
122588,-1.390826944,-0.472846759,0,1,1.665228397,6.553618424
122589,-0.044234868,-0.349898309,0,0,3.68608762,4.982747062
122590,0.197710276,-2.292948635,1,0,1.544307473,2.370724077
122591,0.792121123,-0.119361438,0,1,3.34644898,7.353720033
122592,0.572508458,-0.369333979,0,0,3.250003716,6.23980505
122593,-0.142550714,-1.111486832,0,1,1.298446161,4.218921562
122594,0.24053683,-0.714061824,1,1,2.10226769,5.576474344
122595,0.252844638,0.861077623,0,1,3.83252532,8.115471356
122596,0.163126341,1.962036528,0,1,4.362547845,6.872095003
122597,0.421126783,-0.051421145,0,0,3.657197325,6.748494298
122598,0.201987393,0.173978151,0,1,3.807773241,6.701934646
122599,0.638073847,-0.586724901,1,1,3.175549715,6.276820476
122600,0.348569026,-0.925704861,1,1,2.330264329,6.187298459
122601,0.145194498,0.661059266,0,0,4.26879281,6.198077223
122602,0.880420889,-0.367921474,0,1,3.042942028,7.430345888
122603,1.20765018,-0.214610529,0,1,4.501087911,8.014439264
122604,-1.196367317,0.118865883,0,1,2.268257979,6.411875668
122605,0.73303496,-0.698609914,0,1,3.14917321,6.760894836
122606,-1.363923783,0.001168245,0,1,1.189829083,6.198369468
122607,-0.103206682,-0.787036977,0,1,2.453142098,4.681680621
122608,1.333620702,0.817370853,0,1,4.822457743,9.755595092
122609,1.006889844,-1.288175796,0,1,2.498065396,5.896028059
122610,-0.283361054,-0.483204073,0,1,2.349264005,6.061202279
122611,-0.375577195,1.021977031,0,1,4.112565755,6.461740534
122612,-0.56750519,-0.641691769,0,0,1.772193056,4.871593221
122613,1.032045798,1.798625069,0,1,5.335696723,8.645931798
122614,1.303713393,-0.90215661,0,1,3.543598746,8.180156426
122615,-2.037076476,-0.772719144,0,0,0.559526931,6.10527234
122616,-0.129461239,0.322318779,0,1,3.365161662,5.543500705
122617,-0.505242963,1.145945732,1,1,4.206039709,6.022113513
122618,0.576318198,0.012229688,0,1,3.478396646,6.878658239
122619,-1.413570535,1.159085391,0,1,2.466900011,7.596377914
122620,-0.044072024,-1.774985816,1,0,1.069602603,3.976430532
122621,1.227433041,1.895126519,1,0,6.648986387,9.150890354
122622,-0.224029939,-1.020212249,0,0,2.933828763,3.87009989
122623,1.11353251,1.431226368,0,1,5.589182461,9.039766604
122624,0.708663795,-2.068336575,0,1,2.092829548,3.5520513
122625,-0.64122143,-0.905293785,0,0,1.292845798,4.598866496
122626,0.565369342,1.472125718,0,0,4.510714917,7.465976489
122627,0.01132079,-0.154788945,0,0,2.322054692,5.165487367
122628,-1.479145977,-1.330695794,1,0,0.521782931,4.067222077
122629,0.004358517,1.432518846,0,1,5.314561132,5.959393672
122630,-0.492613717,-0.581063848,0,0,1.639747188,5.213645573
122631,-1.091536779,-1.273170594,0,0,0.502363302,4.930729324
122632,0.955086031,-0.253030805,0,1,4.082169653,7.362538359
122633,0.821210582,-1.841185811,0,1,1.70552348,5.06071108
122634,-0.358702745,1.504128674,0,1,3.791849827,6.835575616
122635,-1.162004961,-1.024868208,1,0,0.430727988,4.510372159
122636,-0.126812652,-0.00866453,0,1,2.401748585,6.118174644
122637,0.288198454,-0.118904933,0,0,3.37170222,6.202384162
122638,0.057706362,0.007953617,0,1,2.878522115,5.665640577
122639,-0.918402661,-0.445241436,0,0,1.924382212,5.86188246
122640,-1.341504814,0.187076505,0,1,2.008549666,7.099910454
122641,-0.886069228,0.539031181,0,0,2.987112847,5.925006929
122642,0.523505059,-2.104608404,0,1,1.019172285,2.490570324
122643,0.834642948,0.679722952,1,1,4.733833945,8.463060154
122644,0.107699547,-2.193048142,0,0,0.804073276,2.801634371
122645,-1.875154832,0.794940943,1,0,2.773082288,8.514934591
122646,-0.514104275,0.291403153,1,1,3.507902506,5.52006172
122647,-2.827964685,0.478010635,0,1,0.135839476,11.75157093
122648,-0.736536398,-0.76716275,0,1,1.63518738,5.677095768
122649,0.975267569,-0.36277239,1,0,4.11045154,7.336709965
122650,0.354360101,-0.855132332,0,1,2.440539179,5.195409735
122651,1.945883918,-0.81135713,0,1,3.983478432,9.998423715
122652,0.789458851,-0.528355757,1,1,3.652594112,6.403032166
122653,0.148222874,-0.200911493,1,0,3.10711152,6.332370688
122654,-0.259727256,-0.311930672,1,1,2.407794235,5.025510587
122655,-0.907823567,0.387913469,1,1,3.520228094,7.078867483
122656,0.222857907,-0.06438066,0,1,3.479261072,5.769950471
122657,1.317111463,0.829218022,0,0,5.165470968,10.46045774
122658,-0.703416276,0.123940675,0,0,2.139767456,6.21247266
122659,1.051125851,-0.127610526,0,0,3.486348812,8.113100507
122660,0.015521887,-0.402185633,0,0,3.205225308,4.645323373
122661,-0.47741222,0.868462831,1,1,3.025110172,6.072222725
122662,0.219680772,0.632297214,0,1,3.245182399,6.81280814
122663,0.160822745,-0.464742509,1,1,2.562205562,6.456947501
122664,-1.057474377,-0.344343645,0,1,1.331060215,5.393909936
122665,0.557318025,0.438744761,0,1,3.992748508,7.308499962
122666,-1.601962691,1.80427412,0,0,3.43941746,7.422786168
122667,-0.639402991,-0.090475941,0,1,2.301912192,5.919905587
122668,0.211822797,1.6675077,1,1,5.043062862,7.152651423
122669,-0.837759177,-0.812949117,1,1,1.610590187,5.700056227
122670,-0.986809846,0.223824267,0,1,2.923915551,5.772084992
122671,0.560246012,0.172630434,0,1,3.124635182,8.112550944
122672,1.847890335,-0.338710899,0,0,4.29443358,11.27883187
122673,0.212247394,-1.779904563,1,1,1.226598972,3.250358917
122674,-2.374022904,0.520986094,0,0,1.343685543,9.241712026
122675,0.523597151,-1.156339473,0,1,2.962684573,4.490268196
122676,-0.064474089,0.603434511,0,0,3.602498983,5.732836318
122677,-0.309947241,-0.819711959,0,0,2.236394547,4.76259218
122678,-0.073158219,1.993828785,1,1,4.868889104,6.232750334
122679,0.809184709,-0.439316987,0,0,3.654535507,8.073932843
122680,0.89504449,0.270432608,1,1,4.25940231,7.944893065
122681,0.076602915,0.337068774,1,1,4.43812923,6.478008422
122682,0.341856081,-1.313971317,0,1,2.436705582,4.804655352
122683,0.259708122,-0.348875886,0,0,3.118132896,6.302661738
122684,-0.048032706,-0.930518147,0,1,1.321680054,4.806946486
122685,0.389671813,0.20063175,0,1,4.244401471,5.913116771
122686,-0.028801674,0.26660854,1,1,3.147981349,6.771304773
122687,0.355233139,0.922638814,0,1,4.010971075,7.167404606
122688,-1.442430605,1.677083787,0,0,3.727922654,7.017521968
122689,0.066932617,-0.381556169,0,1,2.270440333,5.435720648
122690,0.893458417,-0.059508497,0,0,2.857618248,7.511136519
122691,1.661330951,0.206860347,1,1,4.359594899,10.37489721
122692,0.978831042,0.038817565,1,1,4.39453625,7.265751834
122693,-0.333245014,0.69663041,0,1,3.308166263,5.662958756
122694,1.501160108,1.217587604,0,1,5.673343303,10.00167441
122695,0.656824328,0.849338622,0,0,3.849369021,7.506742573
122696,1.028980434,1.034400455,0,0,4.833607375,8.060391145
122697,1.127796817,-1.964274087,0,0,2.645843935,4.471580549
122698,-0.679946306,0.787335408,0,1,2.609292118,6.220893825
122699,0.732800466,-1.995078584,0,0,1.051848611,2.500558188
122700,-0.254571592,-1.592876345,0,1,0.830300681,2.694173236
122701,-1.27643434,0.054507988,0,1,2.295335228,5.645647588
122702,-0.635039328,-0.490176178,0,1,1.975205167,5.195509791
122703,-0.433895614,0.24401058,0,1,2.808189354,5.993305929
122704,0.821709899,-0.949209922,0,0,3.005690777,6.121056569
122705,-0.173985792,0.293159276,0,0,2.142536608,6.111312991
122706,-0.299721876,0.735376652,1,1,2.990664318,6.160538694
122707,0.040957886,1.197850927,1,0,2.644934346,7.491948729
122708,-1.067120177,2.492505085,1,0,4.51049777,8.440320025
122709,-0.604801827,1.401635804,1,0,3.434307038,5.533099839
122710,1.141026841,1.687577637,0,0,6.647578043,10.65898913
122711,0.795933585,-0.700303556,0,1,2.295300047,6.398484722
122712,-2.961064295,-0.743272225,0,1,-1.048573982,11.38043366
122713,1.079453159,0.235824805,1,0,4.048912153,8.419860018
122714,-1.025614712,-1.216288206,0,1,0.945869421,3.26408217
122715,-1.165411965,-0.477567076,1,1,0.914901593,4.827356449
122716,-0.151707251,1.530529382,1,1,4.439968388,6.543589357
122717,0.285828326,-0.590315461,0,0,3.068844151,5.870775874
122718,0.378210126,-0.796183764,0,0,2.248660211,5.373877376
122719,1.501130351,-1.505032408,1,1,2.249165041,7.521082123
122720,0.588669865,-1.349874822,0,1,2.579559737,5.080081426
122721,-0.421660815,0.644299231,0,0,2.85259191,6.475342865
122722,0.444940624,-0.212247171,1,1,3.013748715,7.149207498
122723,0.097881442,-1.550751891,0,0,1.251739898,3.847048447
122724,-1.506355304,0.545485126,0,1,2.0754973,8.385029714
122725,1.781044956,0.832227124,0,1,4.489466639,11.25380134
122726,0.252960165,0.99888402,0,1,5.300759063,6.992639321
122727,0.142778331,0.904800921,1,0,4.577605819,5.612790131
122728,0.399442275,0.121126018,0,0,2.97020894,7.051683883
122729,-1.577156104,0.369224305,0,1,1.215051287,6.747177239
122730,0.359693539,0.768978859,1,1,4.416104488,7.250470768
122731,-0.125225855,0.328295169,0,0,3.327839414,6.494733741
122732,-0.506923554,1.570895111,0,0,4.102211603,6.186037809
122733,-0.50935606,-0.568961673,0,0,0.870100206,4.883914499
122734,0.047977194,-1.672765008,0,0,1.782136986,2.799682098
122735,-0.877079302,-1.611124627,0,1,0.410026859,2.968123993
122736,1.654449579,0.409613524,1,0,4.430937269,10.78427292
122737,-0.537408634,-0.975982218,0,1,0.918630793,3.660958015
122738,2.078145563,-1.619232915,0,1,3.372494559,10.32062957
122739,0.01500548,1.324008925,1,0,4.779616984,5.952149602
122740,-0.626807284,-0.99271973,0,1,1.627791622,3.946775972
122741,-1.316889881,0.834585373,0,1,2.310755115,6.997214783
122742,-0.711493111,-0.957888958,1,0,2.071870699,4.854740885
122743,-1.747857111,-0.658342616,0,1,0.950628485,6.479160836
122744,0.79433397,0.617809067,1,1,4.429304091,7.629912272
122745,-0.051150594,-0.578571179,0,0,2.285614252,5.834796042
122746,-0.718898509,-1.488660854,1,0,0.460044539,2.590280105
122747,0.36199028,0.108121499,0,1,4.502627445,5.485529868
122748,-0.094457778,0.300310953,1,0,3.609902168,6.238642749
122749,0.777138942,0.589859379,1,1,3.331422407,8.15123008
122750,-1.986713588,-0.339859023,1,1,0.305569946,7.941582385
122751,0.301224604,-0.064948604,1,0,3.016710179,6.040725159
122752,-0.606402967,-0.228661343,0,1,1.64213402,6.279837892
122753,1.776112154,1.330246875,0,1,5.736463379,10.67974841
122754,0.080380568,-0.394105284,0,1,3.38238649,5.450400192
122755,0.518708165,0.937208533,0,0,4.561764294,7.050684802
122756,0.352979106,-1.064159235,0,0,2.443754616,4.648831637
122757,0.052971025,0.16078537,0,1,2.552653021,6.236926606
122758,-1.095001421,0.151155997,1,0,3.075855927,5.553853299
122759,0.61913951,0.558608461,0,0,3.908527184,7.134151579
122760,1.338158248,-1.340014069,0,1,2.261138182,7.977984357
122761,0.250375375,-0.495614341,0,1,3.493512944,5.22798182
122762,0.862692945,1.020465776,0,1,4.420872007,7.439456146
122763,-1.337084634,-0.358362998,0,1,1.791854147,5.136716783
122764,-0.973820837,-0.096751413,1,1,2.37779227,5.847527384
122765,-0.053941832,1.306079034,0,1,4.776689057,6.183771573
122766,0.494630047,1.054152789,1,1,4.058035241,7.376428656
122767,0.959275657,-1.054684356,0,1,3.34915018,6.587763328
122768,0.051395264,0.951392284,0,0,3.331313315,6.426425404
122769,1.388102969,0.751830851,0,0,5.092469928,8.803791652
122770,-1.714332787,0.445251579,0,0,1.532831485,6.986053957
122771,-0.064451134,0.705784324,0,0,3.513847365,6.360288307
122772,-0.702263998,0.089143019,0,1,2.713254059,6.021132392
122773,-0.315254616,1.276792171,1,0,4.298626637,7.167200901
122774,0.615703325,-0.248609765,0,0,3.165842384,6.761128072
122775,-0.62198016,-0.424057978,0,1,2.014001108,5.169323444
122776,1.677309591,-0.196244476,0,1,4.943720076,10.33240699
122777,2.026776529,0.181402015,1,0,4.698617255,11.78867569
122778,-1.152292673,1.131057365,0,1,2.54896554,6.902579147
122779,-2.051752343,0.105170615,1,1,0.781886189,7.724047128
122780,2.33315465,1.688589726,0,0,7.08312644,14.41249777
122781,1.425992735,0.96070118,0,0,6.148678658,10.43301828
122782,1.208109347,-0.829983442,1,0,3.752239988,8.627701129
122783,0.805969538,0.383004,0,1,3.598980531,7.71400397
122784,1.370917161,1.663824118,0,1,6.411787224,9.658098622
122785,-0.451019139,-1.449790277,0,1,1.543260518,3.738824779
122786,0.04370139,1.507181484,0,1,4.495907069,6.43447698
122787,-1.429443797,-0.2221443,1,1,0.892499447,6.475854192
122788,-1.952541075,-0.666542648,0,1,-0.09857026,7.550111466
122789,0.37088306,-0.036990413,1,0,3.276088217,6.155528423
122790,-0.840725101,1.489331759,0,1,3.007399803,7.394913057
122791,-0.417038829,-1.905801262,1,0,0.121451395,2.497571193
122792,1.946527876,1.068591522,1,1,5.501470413,12.27931882
122793,0.312548046,-0.964677289,1,1,2.566650062,5.309054772
122794,-1.060273157,0.12548951,0,1,2.993312739,6.034150884
122795,0.151160663,-1.436432811,1,1,2.004075952,3.651727345
122796,-0.99782254,0.484846901,1,0,2.556889939,6.209186573
122797,-1.260396336,1.103121771,1,1,2.753631806,6.891697867
122798,-0.386120563,1.140849712,0,1,2.810954834,6.421231129
122799,-0.57137758,0.675584718,1,1,4.520193682,5.558753578
122800,0.244924889,1.69164496,1,0,5.097505267,7.232058563
122801,-0.650884256,2.079573298,1,1,4.763559855,6.43132967
122802,1.445296994,-0.668053583,1,1,3.044377466,8.22831634
122803,-0.581200948,0.362010438,0,1,3.041604859,6.842430089
122804,0.76314311,-0.970706458,1,0,2.780211226,5.418656899
122805,-1.224375467,-1.735098228,0,1,0.175524789,3.300843882
122806,1.529335396,-0.020210667,0,1,4.688045861,9.030843268
122807,-1.765477349,-0.279694669,0,0,2.242311149,6.722246289
122808,0.818150773,0.402709398,0,0,4.846769522,8.521928076
122809,1.893465003,0.202775841,0,1,5.32817666,11.56874932
122810,-0.298223512,0.291790583,0,1,2.844859998,5.857360903
122811,1.525199804,0.659044835,0,1,4.054035446,10.46939861
122812,-0.126045487,-1.051738556,0,1,2.044459337,3.621073173
122813,-0.148832985,-1.306194455,0,0,0.350030375,3.465866009
122814,0.419641252,0.410196554,0,1,4.059135947,7.635494922
122815,-0.991180594,-0.795118161,0,0,0.054236331,5.00962302
122816,0.833016043,-0.042526853,0,1,3.551151209,7.833705268
122817,0.544474359,-0.593581773,0,0,2.968522392,6.146463407
122818,-0.800717337,-0.296912208,1,1,1.569738214,5.805236129
122819,-1.177969375,-0.576543766,0,1,1.909741929,4.870378406
122820,0.94950027,-0.636771408,0,1,2.995742443,6.979443019
122821,1.571823949,0.947236328,0,1,5.520209172,11.35913166
122822,0.888537745,0.343879284,0,0,3.540750836,8.224173423
122823,-0.711316288,-1.092998202,1,0,1.005941648,4.713347656
122824,-1.14014541,0.203849152,0,1,2.008439311,6.318298714
122825,2.401261412,0.475032238,0,1,4.800174216,14.77567553
122826,1.501981545,-0.14977053,1,1,4.091832861,10.43161152
122827,-0.578431838,0.797964839,1,0,3.333847218,6.274968185
122828,-0.49273965,-0.290779576,0,0,2.297784558,5.740462568
122829,0.097313531,-1.074364235,0,1,2.336468654,5.101439748
122830,0.255447884,-0.13884075,0,1,2.998338959,5.075039623
122831,-1.303065493,0.043899933,0,1,1.705827902,6.213357468
122832,0.713922244,-0.808219785,1,1,3.919626683,6.428763931
122833,2.312506804,-1.268142807,0,1,4.136367349,12.13931522
122834,-0.870661818,0.586068243,1,1,3.30220623,7.387096719
122835,0.061645647,-0.964902328,0,1,2.075178854,4.541999675
122836,0.710721182,-1.161990591,0,0,2.871886431,5.865700454
122837,0.756526835,1.226429673,1,0,4.709917715,6.932375907
122838,0.651029418,0.193114633,1,0,3.471709505,7.689976106
122839,-0.655389623,-0.937854001,0,0,1.438872074,4.247482479
122840,0.754250157,0.770231572,0,1,3.698910064,7.859163503
122841,-0.578177453,0.200395615,1,1,2.419251912,6.262848373
122842,2.049064054,-0.396646552,0,0,4.648503672,12.6781744
122843,0.430802642,0.380609281,1,1,3.704430097,6.532155321
122844,0.674573893,1.748508398,1,0,5.85299167,8.707003996
122845,1.252048282,-0.842629995,0,0,4.180975366,7.233050338
122846,0.223825694,-2.192571494,0,1,0.734256544,1.653891966
122847,-0.357595678,-1.914968757,0,0,1.124224718,2.353612443
122848,-1.362027341,0.317873976,0,0,1.353293094,7.51672531
122849,2.2030885,0.477481301,1,0,5.432190655,14.39913899
122850,1.767492611,-2.205739403,0,0,2.378778421,7.54602188
122851,-1.178457088,-0.801016173,0,0,0.5872975,4.973151306
122852,-0.730578956,0.984417282,0,1,3.867361377,6.018451385
122853,-1.055938394,-0.938682716,0,0,0.995929356,4.801324096
122854,-0.701183705,-2.246002733,0,1,-0.303139329,1.380220079
122855,-0.446917191,0.399804145,0,0,2.767283397,6.393324373
122856,-0.26228243,0.017519333,0,1,2.217072361,6.090663447
122857,0.180996872,-0.516473444,1,0,2.520332704,5.806189597
122858,-0.432268797,-0.241392133,0,1,2.541772482,6.038842747
122859,0.106679724,-0.530360081,0,0,2.038970342,5.304910963
122860,-1.218721203,0.325586001,0,0,1.970943746,6.252539621
122861,-1.623028474,-0.716440968,1,0,0.137116352,5.452024553
122862,-0.479050482,-0.963574048,0,1,1.413404053,4.694695295
122863,-0.834812951,0.556793525,0,0,3.202475577,5.768149352
122864,1.732150662,-1.579171906,0,1,3.996026237,7.546039345
122865,-0.432398083,0.079603679,0,1,2.630043324,5.661660115
122866,0.096360328,-1.661962574,1,1,1.14492273,3.482772489
122867,0.095307559,0.000724751,1,0,3.205198341,5.644630823
122868,0.504853352,-1.171352539,1,1,2.023743356,5.046442777
122869,-0.054803493,-0.877285216,1,0,2.038546876,4.436587132
122870,0.281271208,1.676160827,1,1,4.43721514,6.82071867
122871,0.806819809,-0.472327104,0,0,3.992476677,7.382281994
122872,0.257258555,0.183679327,1,0,4.979908306,6.788982902
122873,-1.318762651,2.142245941,0,0,3.032181787,7.094690907
122874,0.582851029,0.984763382,0,0,4.402865725,6.977493782
122875,-0.793282959,-1.235614151,1,1,1.031693417,4.977364987
122876,-0.518357969,0.098445218,1,0,3.066630847,5.447343434
122877,-0.17489591,-1.035259378,0,1,2.382533574,4.375026093
122878,0.747844987,-0.591976272,0,0,2.697104509,6.488275121
122879,1.415412592,-0.193568018,0,0,4.113876744,9.391968432
122880,-0.358254969,-0.174782867,0,0,2.328089414,5.672087809
122881,-0.104569878,0.289980161,0,1,3.834224284,6.085801577
122882,-1.156208521,1.860163367,1,1,3.136214267,6.552182825
122883,0.769152932,1.333513842,0,1,5.195246758,8.120274301
122884,-1.213405123,0.40684426,0,1,3.155910449,6.648759712
122885,0.944551964,1.482518223,1,1,4.857912343,9.48028834
122886,-1.745054541,-0.891877317,0,1,0.575145832,6.263922509
122887,-0.348053067,0.358745935,0,1,3.404589227,6.885670321
122888,-1.13216593,1.225736641,1,1,2.731680059,6.70089874
122889,-1.006935678,-1.955688693,0,1,0.243885002,2.988502457
122890,0.153764611,-0.449620455,0,1,2.268755029,6.39478252
122891,0.060993889,-0.142706028,1,1,2.542957556,6.355690381
122892,1.395138301,0.666612378,0,0,4.544262369,9.200345916
122893,-0.101209474,-1.347034002,1,1,1.977438265,3.732355407
122894,-0.45426052,-0.466633306,0,1,2.19016723,4.898480378
122895,-1.526293923,0.781407509,0,0,3.129052009,8.456413644
122896,-1.387989682,-1.393080225,0,1,0.077514807,3.914592742
122897,-0.747972765,-1.150258495,0,1,1.135598953,4.008890693
122898,-0.399978666,-1.433189172,0,0,0.247618481,3.102789751
122899,-0.370110379,-0.284351575,1,1,2.216745513,5.927403162
122900,0.373887865,0.263029569,0,1,3.410436124,6.147713122
122901,-0.224078955,0.338839772,0,0,3.282504522,6.159502047
122902,-0.271527567,1.365530914,0,0,4.250392923,6.28367023
122903,-0.737373807,-0.566815344,1,0,1.942056986,5.116269967
122904,0.000736587,-0.763064349,0,0,2.460176214,4.27862761
122905,1.285175329,0.625333987,1,1,4.737548495,9.82638521
122906,0.693061292,0.528239914,0,0,4.312202497,7.589812973
122907,0.719438866,-0.705876363,1,0,2.832592052,5.937526992
122908,0.500618469,-1.076968418,0,0,2.432072047,5.135349905
122909,-0.942342963,0.377109164,1,0,2.230734277,6.192243288
122910,-0.047881269,0.253365441,0,1,2.799178151,5.876488757
122911,-0.573032275,-0.743084146,1,0,2.175403351,4.560481496
122912,-0.357956619,0.060272187,1,1,2.891096295,6.211474091
122913,-0.339370013,0.828817247,0,1,3.67595425,6.53589823
122914,-0.319450793,-1.600303696,1,0,1.255254274,3.691446711
122915,0.429607605,1.163269305,1,1,4.332495028,7.173937894
122916,0.459040992,0.851635672,0,1,5.465673981,7.017170986
122917,-0.841791981,0.332520384,0,1,2.17734522,6.016098372
122918,0.580208835,-0.050076253,0,1,3.829488797,6.588314714
122919,-1.246379684,0.110867909,1,1,1.580865742,6.652365521
122920,1.370610752,-0.49497647,0,1,4.703217024,9.140173744
122921,2.137186894,-0.180698228,0,1,4.506621671,12.17735186
122922,0.367929545,-1.013913266,0,1,2.39205725,5.082410515
122923,-2.167642461,0.909864717,1,1,0.869801159,10.10112007
122924,0.607022408,-2.875674423,0,1,-0.005664982,2.951812087
122925,-0.228107278,-0.4109212,0,1,2.087256319,5.088824997
122926,0.886803654,0.70125535,0,1,4.520674208,7.709288341
122927,-0.964861926,0.973287348,0,1,2.479521158,7.233690765
122928,-0.038078925,0.103373611,0,0,3.617599547,5.884191813
122929,0.456923665,0.861027248,0,0,4.556550086,7.01617364
122930,-1.759137995,-0.907572953,0,0,1.265885074,6.825769006
122931,-1.369781763,0.550147042,0,1,2.524820318,7.193544033
122932,2.251642273,-1.109194531,0,1,3.510891668,11.35110607
122933,-0.831964501,0.722939034,0,0,2.949801105,6.276314956
122934,1.162265362,0.523993267,0,1,4.815431425,9.59578469
122935,0.314776112,-1.452509696,1,1,2.199596239,3.760313638
122936,-0.330397335,-0.077056022,0,1,2.592935449,4.816821097
122937,1.740559396,-0.116198515,0,1,5.016860035,9.577533259
122938,-0.110311393,-0.216730436,1,1,2.085113791,5.652073221
122939,-1.070843353,2.027467631,0,1,3.702486823,7.220223178
122940,-0.833264201,-0.933197151,0,0,1.70225757,4.803037011
122941,0.330582053,-0.896513352,0,1,2.741197043,5.660681753
122942,0.413528842,1.421296073,0,0,4.226745411,7.369520256
122943,-1.198929294,-0.35928533,0,0,2.1411439,5.918968711
122944,-0.500156693,0.283906665,0,0,3.338029851,5.849716976
122945,0.784438332,-1.015577493,1,0,2.354374638,5.667581267
122946,0.041322805,-0.558556018,1,1,1.605201196,4.899257204
122947,0.322341691,-0.978939141,0,0,2.173084647,5.856769998
122948,-0.129741153,0.720690429,0,1,2.716567022,6.382166864
122949,-0.050921521,0.709783823,1,0,3.954936398,5.781912049
122950,-0.182311176,0.838910102,0,0,3.507013794,6.81079985
122951,-1.097446902,-0.941758988,0,0,0.815827355,4.540274562
122952,1.670939303,0.0677913,1,0,4.767966885,10.52827114
122953,1.630785368,1.38337339,0,1,6.337669692,11.26120568
122954,0.284929976,-1.074822406,0,0,1.835227256,4.898229709
122955,0.661288651,-0.654755482,1,0,3.154577655,5.513484211
122956,-0.602146305,-0.928709664,0,1,1.63001805,4.06788548
122957,-0.2664283,-0.175542555,0,1,2.800657454,5.286364942
122958,-0.661830463,-1.476075036,0,1,1.112510592,4.012249457
122959,-0.1238049,-1.355718091,0,1,1.899436766,3.41271453
122960,0.518580834,-0.744949976,0,1,2.642694164,6.030843286
122961,-1.826256268,-1.256076282,1,1,0.008168835,6.675432692
122962,0.014385069,0.377809641,0,1,3.082000637,6.352401093
122963,0.286743114,-1.20952421,1,1,1.598180489,4.224146545
122964,0.917635531,1.0630591,1,1,5.258689238,8.835023255
122965,0.856340146,0.801329772,0,0,4.948032582,8.9994061
122966,0.130741317,0.632480849,0,0,3.84353337,7.052784565
122967,1.417581496,0.158592519,0,0,5.198538679,9.804520954
122968,-0.226091221,-0.704689349,0,1,3.771815339,4.55542533
122969,-1.311199783,1.748710085,1,1,3.396509729,6.708863265
122970,0.329207171,1.718247008,0,0,4.7764669,6.49830021
122971,0.830544104,0.701342246,0,0,4.44339962,8.175496707
122972,1.715576761,0.053927526,0,0,4.253978647,11.29967422
122973,-0.426462064,-1.101596174,0,1,1.172878845,5.155360279
122974,-0.811431848,-1.187716182,0,1,0.860706085,5.345882234
122975,-0.226893627,-1.524199334,1,0,1.153565011,2.773405497
122976,-1.630936812,-1.94351945,0,0,-0.727275446,2.885732048
122977,-0.665635614,-0.243230529,1,1,2.039931331,5.934213894
122978,-1.961922282,-0.576983977,0,1,-0.10984624,7.204181201
122979,1.504185341,1.326690042,0,1,5.799114392,10.84907664
122980,0.148416865,-0.492737465,0,1,2.685128856,6.095092093
122981,-1.017595046,-0.151427773,0,0,1.896656035,6.480920217
122982,-0.090990346,0.888541405,0,1,3.412131322,6.005576031
122983,0.507923591,0.109469537,1,1,3.033426464,6.62919758
122984,-0.05397601,-0.885382738,0,1,1.72341448,5.086126917
122985,-2.393572273,0.650452262,0,0,1.570014057,9.760583423
122986,-0.666052858,0.907950756,0,1,2.805915032,5.934451275
122987,-0.319643135,-0.183238395,0,1,3.224058465,5.821787868
122988,-0.765201128,1.26472952,0,0,4.559923067,6.986343891
122989,0.11136722,-1.177299535,0,1,2.072497037,4.642086116
122990,-0.518247937,-1.523628124,0,0,0.754509712,2.996633174
122991,-0.0248999,-1.39014315,1,1,1.364889647,3.955992307
122992,-1.522151212,2.027248588,1,1,2.993258842,6.492018634
122993,2.109664455,-0.036863528,0,1,4.917553855,12.67953791
122994,1.185044934,-0.536169287,0,1,3.946743242,8.013431136
122995,-0.607225589,0.557982067,0,1,2.70152752,6.161499884
122996,0.726725882,-0.106858307,1,1,3.178684047,7.851808229
122997,1.289169701,1.457772781,0,0,4.887053678,10.54726111
122998,0.977218453,-0.021511096,1,1,4.589899747,7.38362229
122999,1.709793071,1.32491703,0,1,6.66913715,11.12043442
123000,-0.450762793,0.240772789,0,1,1.146256836,6.227516475
123001,0.226906725,-2.398553577,0,1,1.213175496,2.143959601
123002,-0.447858006,0.197384425,0,0,1.897590701,5.907252812
123003,0.627365125,1.105428957,0,0,4.336680703,7.911062448
123004,0.425546014,-1.060560227,0,1,2.378072793,4.518475419
123005,-0.150570938,1.828937272,0,0,5.092785734,6.849418184
123006,1.467225266,-0.32131232,0,0,4.103830841,9.06202854
123007,-0.100077703,0.700971924,1,0,3.587881831,5.567009293
123008,-0.943240676,0.101138866,0,1,2.543645641,6.071390605
123009,1.026002365,-1.007644943,0,0,4.052436945,6.741184972
123010,1.363758431,-0.067431344,1,0,3.389334659,7.571844971
123011,-0.536755555,-1.659354724,1,1,0.479202614,2.2839021
123012,0.37281352,0.333411406,0,1,3.583138058,7.59879243
123013,-1.26777409,-2.331495455,1,1,-0.833550729,3.094238929
123014,-0.423334941,-1.495109021,0,1,1.300088629,3.058543893
123015,-1.94805897,-0.026144048,0,1,0.000561725,8.467949771
123016,-0.321722258,-0.882400076,0,0,2.429524229,3.763810296
123017,-1.041142384,0.305505624,0,1,2.199805755,5.640362619
123018,0.153726215,1.201433823,0,0,5.112533759,6.97843833
123019,-0.172936145,-1.994163888,0,1,1.239024572,2.98766334
123020,-0.705961646,-0.983882823,1,0,1.309355138,4.273740874
123021,-0.176449534,-1.368047945,1,1,1.863338296,3.95969127
123022,-1.389215236,-1.267384807,0,0,0.516805103,5.427410303
123023,-0.327111795,0.629294184,0,1,3.303449777,6.543956763
123024,-0.448645039,-0.388169009,1,1,1.892833123,5.003331918
123025,1.387705122,1.296186851,1,1,5.970496908,9.352438156
123026,-0.142060622,-0.850668587,1,1,2.21848373,4.99892793
123027,0.679057657,0.003437738,0,1,3.892484118,7.343270363
123028,1.339790908,0.303135216,0,1,4.961215201,9.629833039
123029,-0.677798662,-0.659085246,0,1,0.542369138,4.469991933
123030,0.866260569,-0.418396688,0,0,3.964449535,6.826949134
123031,-0.842257821,1.800702561,1,1,4.221280487,6.908179732
123032,-1.133498589,-1.30217392,0,0,0.243093394,4.06654895
123033,0.438088495,-0.479715438,0,0,3.438881577,6.796739088
123034,0.332589094,-0.328299981,0,0,3.429958135,5.99532903
123035,0.142937993,-0.054562756,0,0,2.448062941,6.57821791
123036,-0.583248933,0.754319549,1,1,3.698014709,6.173479944
123037,-0.293523098,0.104777575,1,0,2.955337002,5.436583595
123038,0.47242788,-0.677201366,0,1,2.019148982,6.348814579
123039,-0.042027441,1.01411368,0,1,3.453479069,7.042159415
123040,-0.081131633,0.466173906,0,1,3.308734935,7.242556987
123041,-0.18061185,0.435815425,0,0,3.887915595,6.030258394
123042,-0.53285496,0.024625009,1,1,3.145913778,6.363791628
123043,0.917390835,1.339308501,0,0,5.580458627,8.864502845
123044,-0.170376689,-0.068329124,0,1,2.828694635,6.440268512
123045,-0.085089476,0.76153772,0,1,3.352503553,6.352497857
123046,-1.898440247,1.252190321,1,1,1.928592594,8.083118389
123047,-1.226595593,-0.463168414,0,1,1.524868749,6.545423296
123048,0.960362484,-0.011600305,0,1,4.061684115,8.689565853
123049,0.044422678,0.169515339,0,1,3.029376818,7.215925463
123050,0.285820078,-0.241327286,1,1,3.471030344,6.002019326
123051,-0.143292906,1.157903114,0,1,3.693459883,5.668503445
123052,1.095178215,2.290400648,0,0,6.224301547,9.605830903
123053,1.496456951,0.683311654,0,0,6.063519916,10.05903635
123054,0.849507055,0.580912316,0,1,3.865593417,7.719562832
123055,0.17572547,-1.239908163,0,0,2.73461526,3.765870389
123056,0.325985197,-0.670242201,0,1,3.026222538,5.668542513
123057,0.479563747,0.934206111,0,1,4.563437303,7.522102138
123058,-1.540872277,0.874990438,0,0,2.524944909,6.548727271
123059,-0.199080032,0.919872657,0,0,4.081813744,7.024896987
123060,0.829023377,-0.927284914,1,0,3.105028365,5.756679212
123061,-0.417055973,0.452932119,1,1,3.194829975,5.352543475
123062,-1.42777622,-0.155642637,0,1,1.219275811,6.543368266
123063,1.414836514,0.935569641,0,1,5.530603406,9.689989781
123064,1.580547279,-0.552448062,1,1,4.111060662,9.640898772
123065,-0.721025904,0.482429094,0,1,3.879358556,5.533630233
123066,-0.568899945,-1.190993957,0,0,1.200765762,3.870828804
123067,1.316515742,0.991171436,1,1,5.352595931,10.57565986
123068,-0.189330996,0.507691734,0,1,3.673126786,6.096880087
123069,1.626978422,-0.759295196,1,1,3.665686203,9.106337064
123070,1.422477539,-1.067821642,1,1,2.95571428,6.65829239
123071,-1.131880571,0.183261039,1,1,2.757109302,6.622281904
123072,-0.47797347,-0.089799235,1,1,2.43221853,6.039236725
123073,-0.241552952,0.956085886,0,0,4.222456218,6.35336394
123074,-0.423794208,-1.249556742,1,0,1.885403415,2.914270637
123075,-0.107634903,2.402589612,0,1,4.721757441,6.318045169
123076,-1.143438779,0.158915454,1,1,1.669774544,6.769442743
123077,-1.271804008,-1.54889884,1,1,-1.088376526,3.77333717
123078,-0.619423018,0.841004471,0,1,2.970676873,6.844929961
123079,1.37410821,0.100040366,1,1,3.72739987,9.594529197
123080,-0.154463051,0.515806807,0,0,3.450770395,6.87744666
123081,-0.59756358,-0.116880633,1,1,2.317437266,5.421974585
123082,0.716268129,-1.589726667,0,1,1.460754829,4.466504812
123083,-0.581779626,-0.181084856,1,0,2.635230741,5.926230083
123084,0.455508297,-1.617827022,1,1,2.430660179,3.73527221
123085,-1.816464256,-2.066875117,1,1,-0.732321556,3.267869869
123086,-0.808254152,0.72649391,1,1,1.919007786,7.316155148
123087,0.450956374,0.887401664,0,1,4.936542673,6.738582606
123088,-0.168956144,-0.162873303,1,0,2.375775375,4.822236656
123089,-0.137027969,-0.480466796,0,1,2.775949202,5.047615992
123090,2.535290421,0.385321264,0,1,6.229219638,14.98855553
123091,-0.860302394,-0.212811951,1,1,2.088453163,5.926050602
123092,0.908061813,-1.930054689,0,1,1.893884506,4.174924761
123093,-0.265172326,1.111501021,1,1,4.051875753,6.460176699
123094,0.605421201,-0.454346124,0,1,4.44957368,7.034701871
123095,0.866107796,-0.105683052,0,0,2.707378143,7.494979757
123096,-0.979504192,-0.200727578,1,1,2.508586722,5.850147501
123097,1.324337832,0.450822396,0,0,4.970010979,9.225539914
123098,-0.023036582,-1.512721785,0,1,0.770397287,3.464556154
123099,-0.347050973,0.786476368,1,1,3.53074752,6.185532347
123100,0.90420517,-1.665075426,0,0,2.418874073,4.607974677
123101,-1.060011621,-0.256018533,0,0,2.079562403,5.915959548
123102,-0.370281125,0.629578314,0,1,3.787732122,5.622521445
123103,-1.56202996,-0.709809647,0,0,0.639500232,5.855690584
123104,0.828259402,0.919427348,0,0,4.396430749,8.104089553
123105,-1.453295263,0.608158301,1,1,1.083635602,7.493761384
123106,-1.417020874,0.605546211,1,1,1.692957901,6.648462819
123107,0.694215673,0.169566463,0,1,3.873332726,8.247442788
123108,-0.97593655,-1.986060251,1,0,-0.217737836,3.209020399
123109,1.433556566,-1.468906729,0,1,2.6588065,6.384387215
123110,-0.669622984,-0.268908224,0,1,2.428324498,5.20937341
123111,0.032439295,0.532059527,0,0,3.924153711,6.417893293
123112,0.428603008,0.21245933,0,0,3.154093757,6.926697752
123113,-0.205369713,-0.909082604,1,0,2.046370998,4.994243623
123114,0.992768807,0.384456323,0,0,4.394599119,8.679394771
123115,0.711415668,-0.219320231,0,0,3.124842791,6.625802149
123116,0.726830946,-2.443507547,0,0,1.684108843,2.406554586
123117,1.078128806,-0.199829005,0,0,4.534395046,7.61629074
123118,-0.457432226,-0.533733077,0,0,2.288776379,4.547303071
123119,-0.638545677,0.016690314,0,1,2.319620005,5.059499248
123120,0.220704975,1.607196003,0,1,4.391045559,6.570838397
123121,0.035572385,-1.163328727,0,1,2.127069571,4.132020436
123122,2.261087791,-0.042279951,0,1,5.054077449,13.18487711
123123,-0.158114937,-0.536372868,0,0,2.722185016,4.389546552
123124,-1.399972173,1.222673824,1,1,2.810262179,6.807005916
123125,-1.193010978,1.008155354,0,1,3.412671987,7.739454644
123126,-0.285858065,0.580820178,0,0,3.998075136,5.807713601
123127,-0.305060474,0.32302075,0,1,2.841506478,5.661819213
123128,-0.009675586,0.033805659,1,0,2.239561418,6.195643078
123129,1.25328488,0.014433385,0,0,4.139546922,9.205342514
123130,-1.093265224,-1.5956247,1,1,-0.181437671,2.842205117
123131,-0.569204885,0.644122684,0,0,3.090054982,6.878445499
123132,0.603648585,0.796785407,0,1,4.09267196,7.21620258
123133,0.41204152,0.387288973,0,1,2.999920458,7.0164107
123134,-0.750470802,0.570336984,0,1,2.132525798,5.214941726
123135,1.498322369,-0.125670904,1,1,4.608810371,10.19368581
123136,0.65872693,-0.57364981,0,1,2.304180676,5.847550534
123137,1.050073634,0.666834697,1,1,4.666987021,8.578839225
123138,0.13121225,-0.942472796,1,1,2.755315605,5.019829557
123139,0.352483296,1.65686034,1,1,5.657596263,6.931654567
123140,0.12788249,2.293413138,1,0,6.260596174,7.66048026
123141,-1.273588295,-0.743764078,0,0,0.79551547,5.025208681
123142,-0.691986641,0.016783027,0,0,1.571974193,5.316561323
123143,0.932679785,-0.527565916,0,1,3.526129789,6.91364022
123144,0.021115985,0.576666052,0,1,3.733147398,6.389030521
123145,0.143446111,0.07744035,0,1,3.332471732,6.261319307
123146,-0.063661244,1.437199806,0,1,4.313181477,6.648272591
123147,-0.783952819,1.55354311,0,0,3.156450321,6.484507587
123148,-0.581745388,0.671578241,1,0,2.146452183,5.345491858
123149,0.571821203,0.002521052,1,0,3.561568545,6.690535966
123150,0.057766203,0.461288351,0,1,2.739223829,6.722845953
123151,-0.19718795,-0.620464233,1,1,2.13123918,5.165873472
123152,1.134066175,-0.300881765,1,1,3.338457259,8.669610622
123153,0.061599199,-0.196350971,0,0,2.596134778,6.050254475
123154,0.290288635,0.736283055,1,0,4.341913558,6.108142098
123155,-0.702899064,-2.288356671,0,1,-0.089229065,1.626975851
123156,2.19242801,-1.174617359,0,0,4.123099775,11.47163712
123157,0.251363717,-0.936189271,0,0,2.697633636,4.89693525
123158,-0.046364313,-1.820507749,0,0,0.536157078,3.097614119
123159,2.025254315,-0.199947659,0,1,5.235501655,11.85008661
123160,-0.133050886,0.820497024,0,1,3.97398208,6.914986854
123161,-0.696753139,-1.707978745,0,1,0.158092981,3.209499926
123162,1.346855979,-2.045883566,0,0,2.008645791,5.222203002
123163,0.234028479,-1.476524132,0,1,2.086228424,4.476710683
123164,0.39136689,0.604009644,0,1,3.862883966,7.040776966
123165,-0.162673816,-0.563023735,1,1,1.816990046,5.052879171
123166,-0.782559305,-0.023670032,0,0,1.805014136,6.531626146
123167,-0.421824854,-0.945854132,0,0,1.825886371,3.995289546
123168,-0.291105861,-0.43703241,0,1,2.799044098,4.775043469
123169,2.771187337,-0.343807689,0,1,5.476166202,15.52984741
123170,-0.513351334,0.68905946,0,0,3.862225923,5.188831907
123171,1.904568417,-0.829443643,1,1,3.553854942,10.06648995
123172,-0.162373621,-0.694364131,1,1,2.144562121,5.645296546
123173,1.222070517,0.730668527,0,0,4.836431696,9.135861498
123174,0.653111203,-0.827357778,1,0,2.804609859,6.922289149
123175,0.114840833,1.107028614,1,1,3.740961152,6.240673849
123176,1.59278784,-0.282327378,0,0,3.864958276,9.18766975
123177,0.569268371,1.032240231,1,1,5.559937618,7.829240149
123178,0.286374233,1.133346153,0,0,4.766632627,5.919468252
123179,-1.935136386,0.627373761,0,1,2.566856698,8.613125606
123180,0.073641726,0.818965881,0,1,4.79742462,6.589316542
123181,2.177845291,0.777367806,0,1,6.42694252,13.44781512
123182,-1.604088247,-0.998649431,0,0,1.208487608,6.330623055
123183,0.728782678,0.777554234,0,1,3.789587194,7.74428604
123184,1.738579458,0.915294645,0,1,4.860372462,11.84629789
123185,-0.933431721,2.270125489,0,1,4.669129648,6.948400312
123186,-0.321364842,0.290571101,0,1,3.46733898,5.833940635
123187,-0.665290527,0.744127092,1,0,2.450468571,6.513620605
123188,1.548547266,1.457465305,0,0,6.277494587,10.24858063
123189,0.064585248,0.001315127,0,1,3.021244664,5.676981488
123190,0.776463463,-0.231114897,0,1,3.317444172,7.232803314
123191,1.035978398,1.368845634,1,0,4.487391869,8.033272844
123192,0.392506184,-0.521409273,0,0,2.649647824,7.053667146
123193,-0.036355683,1.393158974,1,1,4.533616493,6.181194491
123194,2.996197696,0.819880707,0,1,7.114043906,19.87319361
123195,-0.574320355,-0.68276853,0,0,1.474579734,4.273173251
123196,0.061145835,0.94690238,0,1,3.492817695,6.917611859
123197,-1.276166388,0.156402901,0,0,2.248758237,6.416634138
123198,0.657036078,0.811611173,0,1,4.508292296,8.307291146
123199,0.101844432,-1.422024558,0,1,2.221537267,4.411331764
123200,1.518728694,1.450184211,0,0,5.100228923,10.62565959
123201,0.188934009,-0.401950639,0,0,2.784026943,5.106964361
123202,-0.158233261,-0.275159632,0,0,2.918262069,6.133321292
123203,0.216255004,0.421057269,0,0,4.193307764,5.701705777
123204,-1.269302386,-1.525543093,0,0,0.608000856,3.635460116
123205,-0.239876665,0.158636689,0,1,2.836284917,6.002689427
123206,-1.346982304,0.308908074,1,1,1.460169821,6.667587851
123207,1.087296963,-0.47878154,0,0,3.531612195,8.059991439
123208,0.982556747,-0.84457064,0,0,3.180741316,5.780341268
123209,0.468981832,-1.086813737,1,0,1.365415603,4.154193214
123210,-0.196720457,-1.226394678,0,1,1.544236131,4.398340649
123211,-0.066913421,0.557930643,0,1,3.368840641,6.905760125
123212,1.346897876,-0.779250086,0,1,4.211621591,8.588566016
123213,-0.417115233,-1.771649986,0,1,1.597879929,3.144459337
123214,0.584698076,-0.895001914,0,0,3.531935004,5.80817958
123215,-0.874727952,-0.128671631,0,0,2.064931669,5.582396622
123216,1.215389314,-0.91945472,0,0,3.42144283,7.223822017
123217,1.149931219,0.739624109,1,1,3.896771979,8.617169289
123218,0.043981463,0.898798559,0,0,3.51407665,6.076928418
123219,-0.035660597,-1.134131191,0,1,1.880414074,4.246896601
123220,0.01123571,-0.146215455,0,0,2.777488322,5.100467737
123221,-1.152987796,1.033803425,1,0,2.929821889,6.100476278
123222,-0.782556201,-1.591903814,0,0,-0.047532613,3.55103619
123223,-0.899156592,0.387611114,0,1,2.65963381,6.522719358
123224,1.120607859,0.267486301,1,0,4.962411973,8.703860948
123225,0.162495604,2.27838983,0,0,3.974756166,6.287316258
123226,-0.894682207,-0.547992293,0,1,2.012728192,4.653804314
123227,-0.274771281,-1.141851191,0,1,0.807671482,3.596740394
123228,-0.612585226,1.781820385,0,1,4.145897429,6.839824695
123229,-0.14047142,0.347406886,0,0,2.717089999,5.550513179
123230,-1.013725018,-0.171014808,1,1,1.559424477,5.625919674
123231,1.192739825,-0.549252658,0,0,3.585888429,8.231510726
123232,1.844618943,0.404456734,0,0,6.129420452,12.48500578
123233,1.451269338,0.978475556,0,1,5.964195233,9.920233698
123234,0.776932417,0.504522785,0,1,4.815974399,8.435089459
123235,0.40266423,1.274000368,0,1,4.244559054,7.228479108
123236,-0.66549813,0.467287093,0,1,2.629118281,5.721198442
123237,-1.345956581,1.631271039,0,1,3.294714688,7.128090883
123238,0.815397903,0.534426018,0,0,4.268901102,6.920196829
123239,-0.531584468,-0.004800319,1,1,1.669714046,5.884399466
123240,0.467737543,-2.23807738,1,1,1.086842113,2.313231603
123241,0.508892181,-0.387535328,0,0,1.897366591,6.206891167
123242,1.368787596,0.778479379,0,0,5.477913438,8.968977506
123243,0.672820138,1.18637001,0,1,4.875008854,8.035320082
123244,0.887109291,2.30127732,0,0,6.041434307,8.078050426
123245,0.546718606,1.445335733,0,1,4.483011893,7.524293544
123246,1.635976808,-0.022853777,1,0,4.093063704,9.710887989
123247,1.033901917,0.658280831,1,1,4.641128468,8.958930813
123248,-0.207403565,1.021088126,1,1,2.801222454,6.508850563
123249,0.720608137,2.699145773,0,1,6.052504518,7.152929814
123250,0.837298717,0.999489718,0,1,5.143583265,8.556765534
123251,1.375188155,0.524683242,0,0,4.593918436,8.823279628
123252,0.230819394,0.127475388,0,1,3.974724809,6.051244471
123253,-1.441302513,-0.326728872,1,1,2.084748866,7.006978371
123254,1.735420611,0.746706573,0,1,4.256393949,11.00177178
123255,-0.1547303,1.339630614,0,1,4.090367209,6.812312113
123256,1.548166322,0.252796749,0,1,5.054925912,10.74292842
123257,2.466012868,0.280367391,1,0,5.141144295,13.3368789
123258,-0.203787178,0.331573757,0,1,2.988088053,6.48683484
123259,0.321330771,0.568488648,0,1,4.015363001,7.541950054
123260,0.078095936,1.068812722,1,1,4.597315054,6.435479788
123261,-1.108330245,0.208549215,0,0,2.373900259,7.10606629
123262,-0.132233734,0.499637201,0,0,2.951055461,6.000723439
123263,-1.981297328,0.466603612,1,0,1.898713423,8.645284955
123264,0.131482366,-1.583590338,1,0,1.92728225,4.345091115
123265,0.397267992,0.011803981,0,1,3.166264819,5.956983866
123266,1.42030111,0.223470663,0,1,4.375197979,10.31290015
123267,0.56781734,1.144556663,0,0,4.472742067,5.610839015
123268,0.664532999,-0.411711452,0,0,3.627429464,7.488584904
123269,0.8429579,0.157659462,0,1,3.333476946,7.867195271
123270,-0.414755317,0.302985386,0,1,2.106779324,5.912941035
123271,-1.3337973,-0.544006254,0,1,0.464568457,5.868460144
123272,-1.327179713,-0.036387851,0,0,0.579500342,6.724540892
123273,-1.315064594,0.341993454,0,1,2.27745465,7.06151998
123274,1.034904832,0.834141392,0,0,4.935569884,8.228678079
123275,-1.303037463,-1.387988601,0,0,0.251319128,3.936382161
123276,-0.614427532,-0.094846739,0,1,2.715093673,5.626303356
123277,-1.505482183,-0.672019368,0,0,0.1029009,5.796773935
123278,-0.667340984,-0.43106304,1,0,2.058824937,4.906837398
123279,-2.13852173,-1.456733908,0,0,-1.620516673,6.502148501
123280,-0.539955577,-0.816063344,0,0,1.38285348,4.323328466
123281,-0.180357111,-0.474266928,0,1,2.69423862,5.673704063
123282,0.104647068,-1.553919857,0,0,1.95838756,3.224856104
123283,-0.218507586,-1.582591395,0,0,1.418773929,3.463561401
123284,0.548051882,0.973426554,1,0,4.712810182,7.192976276
123285,-0.86551539,-0.11911478,0,1,2.640884361,5.945898845
123286,0.451234457,-0.347145338,1,0,3.572976242,6.214602547
123287,0.104609443,-0.815660009,0,1,2.306887469,4.974342173
123288,1.557434003,-0.097916933,1,0,4.220058645,9.336326192
123289,-0.304081385,0.750524788,0,0,3.810306621,5.70094714
123290,0.58521658,-1.635913187,1,0,1.409170504,4.969364659
123291,1.078948467,-0.226141073,1,0,3.309307849,8.109630886
123292,-1.820995656,-0.260331037,0,1,1.582883503,7.451601625
123293,-0.995461576,0.425525239,0,1,2.092617193,6.597847303
123294,0.818286234,0.003541991,0,1,4.439759845,6.814849321
123295,-0.605403358,-0.968461136,0,0,1.21161658,4.674629365
123296,0.421227058,-0.144416774,1,1,3.088240882,7.419709913
123297,-1.329801383,0.745521841,1,1,2.786299362,7.000632982
123298,-0.776652841,0.580448038,0,1,2.661384004,5.853026962
123299,-0.530108945,-0.706474444,0,1,1.379495734,5.231902126
123300,0.171268859,2.052561951,0,0,5.539495773,7.40992346
123301,0.435122954,-0.773492849,1,0,1.533046688,6.02528647
123302,0.813067385,-0.279205366,1,1,3.548228365,6.969769748
123303,1.472847551,-1.497892975,1,1,2.513951254,7.831978092
123304,1.670271846,0.686771384,0,1,5.826670799,11.98163197
123305,-0.909775597,-1.166602863,0,1,1.462012047,3.741669004
123306,0.962710447,-0.482873602,0,1,2.33363838,7.751209094
123307,-1.16640088,0.180698062,1,1,2.17590961,7.223766267
123308,0.530018928,0.511138374,0,1,4.449055048,6.767492027
123309,-1.162592977,-0.62280641,0,1,1.257601489,5.668500974
123310,0.11524085,-1.150278094,1,1,1.622512837,5.692275667
123311,-0.215208225,-0.00566809,1,1,3.292850445,5.968709392
123312,0.008148722,-1.955034392,0,1,1.10804117,2.442095433
123313,-0.473107305,-0.730805569,1,0,2.576796444,4.555762826
123314,-0.688677971,1.432168772,0,0,3.511815035,5.522434765
123315,0.465561598,-0.519187502,0,0,3.290560124,6.113666052
123316,1.35410762,1.455286609,0,0,6.404427774,9.610831849
123317,-0.165952293,-0.770655858,0,1,1.48062724,4.842525502
123318,0.544045662,-1.448334965,1,1,1.566677291,4.917569238
123319,0.158378598,-0.39853435,0,1,2.750652693,6.746311566
123320,-1.739175482,1.354293231,0,1,2.229261934,7.949040277
123321,-1.053135354,-2.344201741,1,1,-0.131728833,2.926269561
123322,-0.272572773,-1.526226204,0,0,0.869205619,3.441850365
123323,1.647013393,-0.647557006,0,0,4.362110831,9.627231304
123324,2.12160189,-1.903428658,1,1,3.307353938,10.04993437
123325,2.197164714,-0.236138875,1,0,4.747404668,13.19800224
123326,-0.439808207,-0.190789373,1,0,1.887280711,5.679196343
123327,0.801540208,-0.929970772,0,0,2.966681953,6.367421405
123328,0.802654732,-0.698148497,1,1,3.244056688,5.943643774
123329,-0.688246415,-0.297281724,1,0,1.4367233,6.01498872
123330,0.683043947,-0.958417862,1,1,2.710524273,6.012492187
123331,1.891700511,-0.58496254,0,0,4.509282815,10.72450375
123332,2.17762617,-0.937509773,1,1,4.018585924,11.78472657
123333,2.338744783,1.043991837,0,1,7.016303527,13.99394928
123334,1.64977341,-1.367981,0,1,3.294740871,8.595001202
123335,-0.892976191,-0.98091741,0,0,0.959545609,4.889840043
123336,-0.054505969,0.706028441,0,0,3.839969442,6.219238478
123337,1.007100663,0.495958457,0,0,3.631730463,8.746631889
123338,0.615874182,1.432133914,0,1,5.319346911,7.581090802
123339,0.004434401,-0.430886326,1,0,3.15603959,4.733597105
123340,0.642759043,0.505944504,1,1,3.838183254,7.388463127
123341,-1.387337057,0.167396059,1,1,2.091559968,7.134828935
123342,2.541156538,0.060915515,0,1,5.586423293,15.82065383
123343,1.0503776,-0.193465043,0,1,2.942401275,7.902381455
123344,1.650694723,0.624326028,0,1,5.301375685,10.65294146
123345,-0.585586459,0.992470501,1,1,3.096588264,6.126025831
123346,1.875248684,0.625529639,0,0,6.035648638,12.16284703
123347,0.097811492,0.712332895,0,0,3.68762976,5.983771862
123348,0.303645902,0.892650419,0,1,3.842694556,6.834064136
123349,-0.31848078,-0.956336323,1,1,1.434700178,4.650274221
123350,1.103668353,2.243994009,1,0,6.198245343,9.042530137
123351,0.456854599,0.048917054,1,0,5.054943577,6.721981918
123352,2.922048387,1.134409229,1,0,7.365874325,18.00295815
123353,1.037418769,0.326811501,1,1,4.667232493,8.409257003
123354,-0.498777834,-0.363795437,1,1,2.20577469,5.462701777
123355,-0.194508396,-1.397104595,1,1,2.36898834,3.949363952
123356,-0.219599621,0.15089806,0,1,2.644503491,7.153273064
123357,-0.280165722,0.312567994,0,1,2.827905099,6.043886667
123358,-0.076818577,0.162959707,1,1,3.471071034,5.686847602
123359,-0.621186535,-0.316527663,0,1,2.025208784,6.267900145
123360,-0.003689767,-0.740482668,1,0,2.083938208,4.24484643
123361,-0.092487601,-0.616690882,0,0,1.982600458,5.281574269
123362,1.086375135,-0.243710463,1,0,4.332168417,8.158477098
123363,0.512119212,-0.564451939,0,1,2.82735739,6.413388133
123364,-0.21215141,-0.092880431,1,1,2.870152687,5.759099472
123365,-1.253400717,-1.65165359,1,0,-0.043421425,3.534609835
123366,-1.354602907,0.686273599,1,0,1.632623561,7.155393533
123367,0.514566497,-0.283822968,0,0,3.576141011,6.985941161
123368,-1.715710394,0.738717009,0,0,1.421112189,7.649416972
123369,-0.592294966,0.248932512,1,1,1.879759598,5.584121272
123370,0.318561086,1.217126925,0,0,4.411070281,6.80600633
123371,0.022515441,-3.685499206,0,1,-0.363025891,0.352680684
123372,0.624769588,-0.858510079,0,1,3.144453247,5.629255785
123373,-1.530659679,-0.948720174,0,0,1.477820052,4.555314584
123374,-2.275703804,0.73361239,0,1,1.549384629,9.096769573
123375,-1.144628904,0.787838656,0,1,2.241368452,6.944794891
123376,-0.128223587,-0.175396994,0,1,1.842521788,5.049107386
123377,0.610620891,-2.844820409,0,1,0.691453818,2.736165585
123378,0.65586581,0.187484255,0,0,4.278986078,7.044129112
123379,1.021953564,-0.436189186,0,0,2.961463151,7.460260398
123380,0.367259314,-0.80093842,0,1,2.836029794,5.851466558
123381,0.622113534,0.772297007,0,0,4.559039284,7.317953288
123382,-2.66202054,0.329745572,0,0,0.61450669,12.21117173
123383,-0.975743084,-0.208769649,1,1,2.535411657,5.732144968
123384,-0.24763265,0.206031889,0,1,3.153565898,6.15980929
123385,0.46001204,-0.26920334,0,1,3.721515766,5.974039169
123386,-0.602149495,-0.650098133,0,0,2.028884202,4.100917533
123387,-1.448208363,-1.876774693,0,0,-1.023262444,3.816004181
123388,1.251687461,-1.429521444,0,1,2.887635968,7.052710825
123389,1.594890884,-1.103204003,0,1,3.516289394,7.788006652
123390,0.673914171,1.1812126,1,0,4.799892179,8.03799007
123391,-0.406889733,-0.08414337,0,0,2.959157754,5.676090097
123392,0.204306001,0.1673448,0,0,4.176816563,7.93533408
123393,-0.752669584,-1.577709861,1,0,0.757450447,3.594897507
123394,0.256650385,0.395972833,1,1,4.5250542,7.450834526
123395,-0.68181867,1.200849065,0,0,3.602893371,6.720755495
123396,-0.555480026,0.767655388,0,1,2.488725361,6.11946818
123397,0.74152128,-1.650473087,1,1,2.154450852,4.347246201
123398,0.81736801,-2.385322917,0,1,1.730762907,3.661217218
123399,0.255382932,-0.781336575,0,1,2.469129441,5.266105916
123400,0.110929319,1.190551403,0,0,3.739140277,6.271718742
123401,0.561623275,0.571205992,1,1,4.35004302,6.460224212
123402,0.983507354,-0.480227422,1,1,3.270136217,8.041050252
123403,0.537996,0.135123807,1,0,4.209017661,6.97842739
123404,-0.477008078,0.322272975,0,1,3.81206378,5.407617458
123405,-0.760278859,0.588233817,0,1,2.615216749,7.484183243
123406,-1.353237771,1.367577555,0,1,3.146446397,6.231354714
123407,-0.36265381,0.454291219,0,0,3.365804968,6.283919995
123408,-0.438066397,-0.762632052,0,0,2.383800014,4.979108568
123409,-0.094299797,1.554249248,0,0,4.644731966,6.379567944
123410,0.030296951,-0.837444122,0,0,2.122514687,4.632294666
123411,-1.773144756,0.063701202,1,0,1.047253923,8.201401035
123412,0.116049246,-0.836285599,0,1,2.013563636,4.870852257
123413,0.577898287,0.201110724,0,0,3.762824418,6.97204532
123414,0.068840686,0.319244147,0,1,3.278282567,5.920850872
123415,-1.207186149,0.238704496,0,1,2.463755277,6.431146239
123416,-0.031506166,1.114347991,1,1,3.624992627,6.303457616
123417,-0.581034511,0.653109272,0,0,2.863647253,5.764447646
123418,-0.012957832,0.957185728,0,0,4.099620054,6.945235917
123419,2.480451729,0.308393454,0,1,5.611063491,15.66954324
123420,-0.567815917,0.176732493,0,0,2.381694125,6.343426586
123421,0.499990007,-0.518771144,0,1,2.364808074,4.844356384
123422,-0.246056078,-0.356238529,1,1,2.850547749,5.357456593
123423,1.477011243,0.061432084,0,0,4.31953176,10.37620624
123424,0.468778086,-1.052226443,0,1,2.58389006,3.769481163
123425,-1.276613214,-1.26394536,0,0,-0.169031025,4.420077164
123426,0.22400355,-0.799829256,0,1,2.683919631,6.455611762
123427,-0.874484405,0.58999737,0,1,2.209814442,7.122275527
123428,0.977703007,-0.661150156,1,1,3.024696931,7.710620052
123429,-3.570242768,-1.369037719,0,1,-1.562623938,12.88602155
123430,-1.722809754,1.573432513,1,0,2.906111576,7.914264448
123431,-0.30695628,-1.114165269,0,1,2.077074944,3.662623629
123432,1.703863805,-1.343030973,0,1,3.11665447,8.992798917
123433,0.158589173,-0.834951554,1,0,2.268291353,4.990884061
123434,-1.482721409,-1.008148499,1,0,0.342699246,5.053662612
123435,1.160138359,-0.198891687,0,1,4.170476242,7.694186124
123436,0.834969874,-0.612779444,0,1,2.732378675,6.836932634
123437,-0.730574958,-0.419728932,0,0,1.977982402,5.768928726
123438,1.039296928,-0.607405127,0,1,3.332760839,7.565823738
123439,-0.939698392,-1.379486388,0,1,0.268082279,2.684542747
123440,-0.556594973,-1.439903381,0,1,1.712337645,3.138611359
123441,2.113892757,0.267381101,1,0,5.54779879,12.90689131
123442,-1.500102006,0.548318287,0,0,1.880659312,6.79870303
123443,-0.665822253,0.026075262,1,1,2.155680935,6.077921951
123444,-1.182061714,-0.216240783,1,1,1.538335512,5.988800096
123445,0.295464574,-0.298977323,1,1,2.871400313,5.504876651
123446,0.899521554,1.030233548,1,1,4.394137265,8.135833752
123447,1.524763001,-1.379939143,0,0,2.919701882,7.499229766
123448,0.235845368,1.558220498,1,0,5.135692728,7.270387185
123449,-0.534893913,1.178289459,0,0,3.804581938,6.73294572
123450,0.168030441,-0.887875754,1,1,1.831830882,5.696668881
123451,-0.525923492,0.229578978,0,0,1.921023871,5.664400269
123452,-0.560087075,1.115388816,0,1,4.078175329,6.987992971
123453,0.698765456,-0.385959658,1,1,3.465279759,6.84985946
123454,-1.34520417,0.09307752,0,0,2.461574388,6.184652792
123455,1.866309584,1.088594362,0,1,5.920056453,12.06503053
123456,1.008362845,0.784568986,1,1,5.047309613,7.964728176
123457,1.770398535,0.261415611,1,1,4.802497746,11.106208
123458,1.926006657,0.219861918,1,1,5.732766322,11.14275315
123459,-0.295773433,1.539739618,0,0,4.769535551,7.750979006
123460,0.08513363,0.357409802,0,0,3.062652165,6.771260629
123461,0.297199697,0.694089243,1,1,5.099380107,6.502423826
123462,0.095798964,-1.142506519,0,1,2.143069891,3.416697214
123463,0.737079827,0.298669122,1,0,3.446766922,7.24004348
123464,-0.317183407,-0.805294171,1,1,2.232720347,6.159827682
123465,0.690477033,-0.922652675,0,0,3.646903605,6.004922171
123466,-0.588982213,-1.949201815,0,1,0.265011546,2.081286734
123467,-0.296713857,0.938196148,0,0,2.533396494,6.343787217
123468,0.010389386,-1.0511483,0,1,1.52999726,4.344690066
123469,1.66581672,0.532400862,1,0,5.903094009,10.88568036
123470,-0.737407001,0.320692163,0,1,2.056816018,5.747809857
123471,-0.257070606,-1.849624689,0,1,1.403979454,2.11614884
123472,0.520615163,-0.607411524,0,0,3.335593345,7.006834476
123473,1.707819175,1.24962828,1,1,6.880363222,10.92186457
123474,-0.989304567,-1.455624709,0,1,0.453223052,3.791447961
123475,-0.409878248,0.800616678,0,0,3.147332685,7.729441028
123476,0.661237068,1.661703919,1,1,4.377861351,7.569528748
123477,0.14630826,-1.440363396,0,0,1.119921145,3.132795642
123478,-0.337605924,-1.264824132,0,1,1.076167116,3.679755982
123479,1.032684644,0.520755937,0,1,4.396585661,8.700328611
123480,-0.588125467,-0.101867033,0,0,2.912257215,5.53524161
123481,1.362658132,1.358218464,1,0,5.769321198,9.254918589
123482,-0.202482381,-0.426889842,1,0,2.610568342,4.650993007
123483,0.993713041,-0.645431031,0,1,2.006792328,6.894232034
123484,-0.892552166,0.239368824,0,1,2.590012003,5.871513902
123485,-0.125745285,-0.458765993,0,0,3.09958041,5.702477797
123486,1.712590373,-0.123801586,0,1,5.220056802,10.74452277
123487,-0.24459916,-0.33330596,1,1,2.506831206,5.563131898
123488,0.132420865,-0.274771642,1,0,2.465648477,5.320604504
123489,0.032459357,-1.668710239,0,1,1.826882086,3.993087883
123490,-1.158266478,1.520035833,0,1,3.147345174,6.623906195
123491,1.05652127,1.156888923,1,1,5.509948379,8.622578831
123492,-0.124841829,-1.214386865,0,1,1.568711013,4.910159142
123493,0.96495438,0.877812561,1,0,4.825797718,9.090191038
123494,-0.815175028,2.770650414,1,1,4.419147148,7.39468565
123495,0.586737677,0.828828457,0,1,5.491343263,7.469732973
123496,-1.17653613,2.077878473,1,1,4.193911379,6.64533924
123497,0.153976591,0.573716908,0,1,3.149695964,6.753501069
123498,-0.09555256,0.461052751,0,1,3.193108408,7.13523725
123499,-1.417436194,0.875113086,0,1,1.771964046,6.61466502
123500,0.453499986,-1.563105006,0,0,1.453853544,3.737773983
123501,1.117848942,-0.005726553,0,1,4.203337203,8.895994815
123502,1.518393726,-0.733533475,0,1,3.719167108,8.806267432
123503,-1.7408125,0.268042984,1,1,1.867419159,6.780454771
123504,0.460980943,1.953340855,0,1,5.054167842,6.99092444
123505,-0.62609821,0.461009729,0,1,2.724748515,5.624214003
123506,1.063500087,0.240283956,1,1,4.579133073,8.367066793
123507,0.223686937,-1.346533595,1,0,1.719901549,4.324735444
123508,0.961191955,-0.023651548,0,1,3.878475436,7.53219995
123509,2.305166335,1.240239334,1,0,7.41370105,13.81467458
123510,-0.490040906,-0.601095334,0,0,1.525761978,5.25339153
123511,-1.281285734,-0.018768617,1,0,2.217805573,6.959127464
123512,1.037263945,0.49609536,0,1,4.085222645,8.853349873
123513,1.265908808,-0.595216426,1,1,3.33810007,7.75878544
123514,1.137412133,-0.057322797,0,1,3.531218034,9.097079439
123515,1.272696344,-1.507135135,0,1,3.446570494,7.146665457
123516,-0.690246832,-0.688872125,0,1,1.563679193,3.912427478
123517,0.793436665,-1.588258841,1,1,1.794487482,4.390807396
123518,-0.114977993,1.154235772,0,0,3.734316685,5.701953817
123519,0.725014149,0.034915775,0,0,3.922202934,7.236004503
123520,1.51333318,0.43078363,0,1,5.336578918,10.45916983
123521,0.275295324,-0.273757755,1,1,3.126879328,6.501193106
123522,1.81088766,1.611626238,1,1,6.955029857,12.18593319
123523,0.367247507,0.375502823,0,1,3.404418385,6.297319666
123524,0.208633032,0.062614152,0,1,4.001995593,6.690397617
123525,-0.137897742,0.526139915,0,1,3.772289419,6.749218723
123526,-0.731563477,-0.780806975,0,1,1.458325174,3.615520686
123527,-0.842089874,0.894616465,1,1,3.406052537,6.602907415
123528,-1.949794494,1.749969825,1,0,3.154820423,8.35783578
123529,-0.598555713,-1.214023209,0,1,1.528016862,3.336831284
123530,-0.045398847,-1.062186937,0,0,2.529900141,4.063097747
123531,-0.627528977,-0.470268062,1,1,1.964194123,5.037259857
123532,-0.089511548,-2.07757443,1,0,0.584983444,2.293398368
123533,0.417186082,-0.613219281,1,0,3.02450051,5.042056907
123534,-1.944722685,0.097351317,0,1,1.52871539,7.494412133
123535,1.843423483,-1.744945741,0,1,2.778982485,8.452496678
123536,-0.203680005,0.097196588,1,0,3.386032862,5.955991729
123537,1.329421205,-1.074957161,0,0,4.029832855,7.481709153
123538,1.006062165,-0.741014533,1,1,3.549519842,8.258458471
123539,0.80983827,1.076218912,0,0,4.645864989,7.984355217
123540,-0.405545242,-1.243592287,0,1,1.333168826,3.756148732
123541,0.307096838,0.12760113,0,0,3.679516649,5.381207859
123542,-1.180808204,0.363236036,0,0,1.986298805,6.826389471
123543,-0.070384451,-0.054266609,0,1,3.078442314,6.874251654
123544,0.094679698,-0.024072975,0,0,2.898187105,5.258342883
123545,-0.557498591,0.60426125,1,1,2.891322012,7.165154874
123546,-1.047760157,1.948520558,0,1,3.313026706,7.122085142
123547,-2.74121966,0.805572647,0,1,1.370531409,10.69680591
123548,0.868419899,-0.307623231,1,0,4.199777099,6.22542618
123549,-1.193759706,0.069537449,0,1,2.445162351,5.457589654
123550,-0.961684818,-0.3213372,0,1,0.536896837,4.974661125
123551,-0.889345179,0.981941099,0,1,3.81621358,6.951489628
123552,-0.072354584,1.157475539,1,1,3.844392511,6.057745136
123553,-0.049166535,-1.76892094,1,1,1.508791801,3.9177226
123554,0.168012326,1.393398281,0,1,3.972892086,7.101875946
123555,-0.126732108,-1.229705405,0,0,1.824382874,3.403695665
123556,-0.337559538,-1.127453866,0,1,1.803814169,4.276389069
123557,0.944682836,-1.144572912,1,1,2.543756383,5.523863705
123558,-0.995099835,-0.066222243,0,0,1.73977959,5.782432394
123559,1.260469664,-0.95942794,0,0,3.019992995,7.326812361
123560,-0.223976582,-0.458088384,0,0,2.509155123,5.305769956
123561,-0.366410423,-2.182980152,0,1,-0.15367642,1.566964227
123562,-1.376573851,-0.818140241,1,0,1.181802367,6.03273435
123563,0.289706801,-0.572814638,0,0,2.856962234,5.548249046
123564,-1.559262046,-0.34714863,1,0,2.238322803,6.623376146
123565,0.313583156,1.562590885,0,1,5.372402468,6.699865712
123566,0.328556484,-0.98813738,0,0,1.97682121,4.869792193
123567,0.003767117,-0.291210905,0,1,2.640751881,5.3703254
123568,-1.437165302,0.035583916,0,1,1.501040795,6.622727883
123569,1.407505933,1.301441744,0,0,5.960202111,9.69576419
123570,-2.723051212,-0.174168817,0,1,0.273891179,9.227401895
123571,-0.4369394,-0.273023879,0,1,2.368665326,4.787740277
123572,0.092184882,-1.328629137,0,1,1.15909018,4.119830144
123573,-0.28011347,-0.263955608,0,1,1.495469427,5.205540589
123574,1.791801877,-1.286206658,0,0,2.669877109,8.933968698
123575,0.076227124,-1.816889549,0,1,1.131592444,2.740503123
123576,1.326492795,-0.396383056,1,1,4.221148422,8.554287515
123577,0.203906527,-0.325758374,0,0,2.561680064,5.845377968
123578,-1.39098416,0.228280335,0,1,1.871703783,5.953986745
123579,0.300930372,-0.953040365,0,0,1.791400594,5.468719752
123580,0.114889122,-0.147401449,0,1,2.886932722,5.545472971
123581,1.578084368,0.910316051,0,0,5.620325761,10.66861575
123582,0.805761886,0.231647713,0,1,4.535315871,6.965753469
123583,0.084132441,-0.546075375,0,1,3.148806587,5.302622426
123584,-0.954563862,0.990129461,0,1,2.848840372,6.555178143
123585,-1.129916146,-0.104178585,0,1,2.244683331,5.771357076
123586,-1.251535535,-0.300056888,0,1,1.580764522,6.560252441
123587,-0.48470214,0.612046761,0,0,2.807770787,6.58645967
123588,-1.185049484,-2.591967693,1,1,0.328045331,1.580778537
123589,0.374174639,0.984507494,0,0,4.7078396,8.343409078
123590,-0.591298668,0.073651361,0,1,1.8710761,6.516272114
123591,-0.25647201,-0.371955999,0,1,2.933719667,5.922752594
123592,0.594788269,0.508692564,1,0,4.519574258,6.671218575
123593,0.693653351,-0.006418673,1,0,3.49993146,7.172201962
123594,0.166511253,0.033997626,0,1,3.174056185,6.931309289
123595,0.337017896,-0.159934489,0,0,3.656414065,5.811867363
123596,-1.360900144,0.129262186,0,1,2.504856097,5.813666804
123597,0.286160741,0.197811934,0,0,3.261364411,5.603242078
123598,1.142734348,0.652148688,0,0,5.024394866,8.850286488
123599,0.849605169,-1.133779891,0,1,3.025626924,6.018115548
123600,0.650318379,-0.160261836,1,1,3.415728936,6.83257741
123601,-0.941690687,1.038644632,0,0,3.554710114,5.968420352
123602,-1.432479103,-1.620502749,1,0,-0.050100569,3.992980284
123603,-0.279526863,2.71796879,0,0,5.653532514,7.002470507
123604,0.171652662,0.963428192,1,0,4.50161859,6.156191524
123605,0.131269869,-0.834328514,0,0,2.587614561,5.146217576
123606,0.835530502,-1.162423741,0,0,2.678767311,6.300627291
123607,0.516463744,-2.131985851,1,0,2.599480547,4.018814938
123608,-1.129964444,1.639531821,0,0,4.338782612,7.213555677
123609,1.633454489,-0.9265218,0,1,3.362567904,10.10336759
123610,0.734492341,0.968939015,1,1,5.293010193,7.787633436
123611,0.56089261,-0.063406375,1,1,3.887965427,6.71579103
123612,-1.940690125,1.655023988,0,0,3.655106232,8.304812654
123613,-0.677022472,0.949391753,1,0,3.733233503,6.746755453
123614,1.077442122,-0.340150111,1,1,4.470906369,8.237582586
123615,0.30313644,0.170150434,0,1,3.705075649,6.135757737
123616,-0.904202843,-0.04516136,0,1,1.231238546,5.883652396
123617,0.392523435,1.45019965,0,1,4.662368431,7.848310141
123618,1.529390679,-1.137719154,0,0,2.888716352,7.927678202
123619,1.034926132,-2.066796873,1,1,1.867033903,4.242343818
123620,-0.263735869,-1.190832578,0,1,1.411152817,4.960911207
123621,0.944465851,0.483842753,1,1,4.703744265,7.717996433
123622,-1.606244549,-0.80198944,1,0,1.080964559,5.834753912
123623,0.163768556,-0.095377745,0,1,3.974789878,5.950800891
123624,-0.338618638,-0.281722477,1,1,2.367450936,5.435343858
123625,-1.571457881,1.437350131,1,1,1.884444466,7.013796012
123626,1.103647604,0.778823331,0,0,6.025394416,8.821550941
123627,-0.003866832,0.332011073,0,0,3.233077132,6.278507424
123628,1.398721483,-0.553334391,0,1,2.787289252,8.811405344
123629,-0.144132649,-1.988308851,0,1,1.566944325,2.073884911
123630,0.153974406,0.039081248,0,1,3.460947978,5.903472206
123631,-0.487649867,0.560118158,0,1,3.619643766,7.31099577
123632,0.330101758,1.335904492,0,1,5.1464971,7.418522333
123633,-1.042475635,-0.560665756,0,1,1.852328243,5.277682285
123634,0.803711137,-0.148773403,1,0,4.276007918,7.53155115
123635,-0.037691332,2.299787868,0,1,5.169659546,6.607149265
123636,-1.243694875,-0.090209931,0,1,2.439527889,6.021761302
123637,-0.761905124,0.978949487,0,1,3.702176073,6.115571415
123638,-0.593467359,0.343965126,0,1,2.551094448,7.092584637
123639,0.740871645,0.740294057,0,0,3.382867509,7.601453642
123640,0.247899354,-0.038551795,1,1,3.84120946,5.900878193
123641,-0.78502412,-0.018391031,0,0,2.582109087,5.97114516
123642,0.176697957,0.513351745,1,1,3.971145831,6.68139814
123643,-0.146913246,1.814622645,0,0,5.076474649,6.129496499
123644,-0.160216871,1.170297768,0,0,3.311328839,7.236218414
123645,2.554230596,1.80666395,1,1,7.582075254,14.78623976
123646,0.734725608,-0.282997362,0,1,3.955906724,6.979436263
123647,1.327434323,-1.05340435,0,1,4.251700839,7.390223988
123648,-0.830249576,0.394839366,1,0,2.770891308,5.664469295
123649,0.305862549,0.215480508,0,0,3.840623731,6.779474887
123650,0.969638843,-0.451523676,0,1,2.122647694,6.318009101
123651,1.42333096,0.695077405,1,0,5.827118007,8.546630226
123652,-0.506851669,1.225683479,0,0,2.773714812,5.500746593
123653,1.062945829,0.338922604,0,1,4.330613108,8.477541117
123654,-1.130628087,-1.441749395,1,0,0.222813147,3.256047611
123655,0.038091238,-1.329871139,0,0,2.067955106,3.949910493
123656,1.555501497,2.164918244,0,1,6.981924833,10.73219597
123657,-0.751705667,1.749661499,0,0,4.21710923,6.869006647
123658,0.288280268,-0.073573201,0,0,3.108944553,6.180475122
123659,1.330249185,0.846215888,1,0,5.435199962,8.716931595
123660,-0.434303633,0.547131868,0,1,4.202895647,5.655527916
123661,0.830282519,2.375142722,0,1,5.646608692,7.392822785
123662,0.582802615,0.407231427,0,0,3.891991196,6.623654171
123663,0.895095144,-0.620880885,0,1,2.687898571,7.120896592
123664,0.739125935,-0.992346955,0,1,2.871577949,5.950047773
123665,2.384405444,0.267728128,0,0,5.564219599,14.22040917
123666,-0.040937736,1.896390738,0,1,4.465038412,5.460559702
123667,-0.755164089,-0.634463879,1,0,2.535038687,5.477399579
123668,-0.181916172,-0.447288895,0,0,2.473081967,5.416730635
123669,1.669342174,-1.045285252,0,1,3.068135872,9.735449307
123670,0.4332318,-0.896100048,0,1,2.033170279,5.901614908
123671,-1.43736611,-2.182984541,1,0,-0.520720814,2.251632633
123672,1.07744952,-0.996905306,0,1,3.041765749,6.551771914
123673,-0.606447051,0.361714719,0,1,2.341329414,5.774979497
123674,0.749315904,-0.909372619,0,1,2.401281133,5.520555746
123675,0.556367831,1.639226017,0,1,5.258705613,7.270867291
123676,0.259636849,-0.661983105,0,1,1.513952784,5.477631639
123677,-1.264567745,0.15490363,0,1,1.95379583,5.705093105
123678,-0.007816429,0.901987721,0,1,3.829144929,6.373881331
123679,0.501713545,-0.56462915,0,1,2.845761934,5.855802001
123680,-1.452021894,-1.400046731,0,0,0.046059995,4.559008918
123681,0.116683554,-0.047075001,0,0,3.528464174,5.672359549
123682,0.02597,-0.588391084,0,1,1.47814656,5.331238484
123683,0.642609217,0.496412081,1,1,4.168313904,7.675617736
123684,1.544831005,0.237450507,0,0,4.867148005,10.62817056
123685,0.04859734,0.437078541,0,1,4.043579671,6.720643053
123686,-0.374657105,0.912679237,0,0,3.789835344,5.452053876
123687,0.291091039,0.384405728,0,1,3.795580374,6.442661312
123688,0.993193199,1.666191085,0,1,5.556501331,8.322573979
123689,0.198302369,-0.32456294,0,1,2.936785551,5.463770092
123690,0.486407495,-0.579262828,0,0,2.251422479,5.973015806
123691,-0.443213594,1.689496885,0,0,3.325098967,6.053264798
123692,-0.148573924,-1.026564541,1,0,1.620130241,4.698536697
123693,-0.338875177,-0.656714446,1,0,1.290468744,4.660676872
123694,-0.367711339,-1.66166018,0,1,0.809137043,2.810326078
123695,-0.190075373,-0.624918693,0,1,2.794928643,4.44187037
123696,1.231637289,1.02166822,0,1,5.082929883,9.606374989
123697,-0.527488041,-1.491468677,0,1,1.527428968,3.574645448
123698,-0.673083783,0.921590482,0,1,2.965805047,6.552162025
123699,-0.152427999,-1.264299641,0,1,0.922797743,4.328191565
123700,0.010649177,1.028954746,1,0,4.560985993,6.877480031
123701,-0.352019012,-0.544779174,0,0,1.546696109,6.038877456
123702,-0.655072284,-0.312578807,0,0,2.000465602,5.379242883
123703,0.19468566,1.309578569,0,1,4.84576957,6.047596322
123704,0.236837742,0.813973469,0,1,4.116614025,7.110058669
123705,0.256592689,-0.929040022,1,1,2.090446173,5.0788061
123706,1.349229135,-0.875602014,0,1,4.392505616,7.941580201
123707,-0.6104604,0.68270836,1,0,2.858685202,5.788530751
123708,0.427336222,-1.035990204,0,0,2.53576182,5.575084274
123709,-1.322188453,0.927434342,0,1,2.699361307,6.849954874
123710,1.019269691,0.112170827,0,0,3.897308574,8.053322175
123711,-0.982076237,0.009303759,1,0,2.534834941,5.913155958
123712,1.307601206,0.318049855,0,0,4.780214699,9.072337275
123713,-0.638908438,0.792024341,0,0,3.558676706,5.78003126
123714,1.951107151,2.12507605,1,0,7.053562682,12.72689007
123715,0.526821688,-0.051676019,1,0,3.610939515,7.01136269
123716,-1.492286932,-0.739750689,0,1,0.011316827,5.692496768
123717,1.282212178,0.783419163,0,1,4.901989853,10.27082432
123718,0.178422583,-0.828887674,0,1,1.662961611,5.225977831
123719,0.75803467,0.611423065,1,0,4.288440105,7.786940079
123720,0.514235417,-0.755387088,1,1,2.759398129,5.89116216
123721,-0.676186428,-1.300092415,1,1,0.884129639,3.837504905
123722,-2.20089628,-0.534470644,0,1,-0.082770976,8.074258219
123723,0.221435759,-0.468926331,1,1,3.058885298,5.062531637
123724,1.121529774,-1.290278996,0,1,2.804486455,6.551068353
123725,1.317779446,0.835021701,0,0,5.29382522,10.01895079
123726,-1.248230335,2.581187722,0,1,4.330512573,8.259782134
123727,-0.228397973,-1.006895378,0,1,2.045519903,4.718021815
123728,-0.963942878,-0.478180412,1,1,1.734089678,5.920051322
123729,-0.361734474,-0.582444659,0,1,2.678657914,4.646133343
123730,0.29215691,1.243597097,0,1,4.408115054,6.369437037
123731,-0.669005994,0.269809252,1,1,2.415622507,5.841780131
123732,1.083886413,-0.511650116,0,1,4.302397743,7.430430143
123733,-0.701179073,0.170558476,0,0,2.157534418,6.05450401
123734,-3.20140396,-0.066077216,0,1,-0.711427899,12.73223732
123735,2.032062038,-0.44334041,0,1,5.324188972,11.7607679
123736,1.659207379,0.409195254,0,0,4.860934366,10.27118912
123737,-0.227501146,0.230566739,1,0,3.739197526,5.390455549
123738,0.445510895,-0.634389415,1,0,2.610214378,5.726196487
123739,-1.46038706,-0.272208825,0,1,1.328155178,7.034067503
123740,-0.699538953,0.614139678,1,0,2.671103156,5.633957644
123741,0.680149201,-0.443117059,1,0,4.591537755,6.60969856
123742,0.523759591,0.421366825,0,1,4.466179759,6.121349804
123743,-2.238832941,0.967264869,1,1,1.642044208,9.008800845
123744,-1.368524153,-0.232580874,1,1,1.762161062,6.01531255
123745,1.604747729,0.835158683,0,0,5.175230123,10.20915249
123746,-1.329152049,0.06882839,1,1,1.7705251,6.75840121
123747,0.043756589,0.273083356,0,1,2.990960745,7.360897798
123748,-1.368019865,2.186897281,0,1,4.127333329,8.312247861
123749,0.438098634,0.128567827,0,1,3.954996633,7.509716971
123750,0.947590952,-0.186035238,1,1,3.636780254,7.754192143
123751,0.621171797,-0.744282222,1,0,3.810966406,5.815476052
123752,-0.656852206,0.554106995,0,0,2.250949065,6.247450721
123753,0.006833248,-0.045212523,1,1,3.481070631,5.591043536
123754,0.368679702,-1.169030377,0,0,2.610466651,5.004124841
123755,-2.610793194,-0.265906157,0,1,0.476949971,9.0895412
123756,-1.365557343,0.357465532,0,1,1.251618812,6.409257187
123757,1.107159166,-0.192225038,0,0,4.265494092,7.932767549
123758,-1.415148297,-0.128078616,0,0,1.448637602,6.059870623
123759,-0.854017599,1.144475187,0,1,3.558666495,5.56060321
123760,0.006276408,1.204207042,0,0,4.189665275,6.336314248
123761,-0.817542797,-0.021593243,0,1,1.871389444,6.515610304
123762,-0.759773078,0.487796812,1,1,2.770996403,5.624379077
123763,-0.296436671,-0.721084568,1,1,0.940699955,5.34203656
123764,-1.414352013,0.839116988,1,1,3.073572635,7.546648458
123765,0.619829932,-0.557768206,1,1,3.796840374,6.326224606
123766,-0.750041395,0.485021877,0,1,2.523487727,5.655357444
123767,1.25584525,-3.581473945,1,0,1.36129979,2.83337402
123768,1.131875721,0.316696392,0,0,4.486514306,8.729770286
123769,0.496235088,-0.435178088,0,0,2.508673692,5.252699263
123770,-0.999053258,0.31019979,0,1,2.262626515,6.629327674
123771,-1.647731184,1.306129695,0,1,2.22877937,7.477354627
123772,0.491597777,-1.024618398,0,1,2.134907037,5.357968144
123773,0.590599163,-1.497472623,1,1,1.792463612,3.870234237
123774,0.623913204,0.780485917,0,1,3.996929852,7.635116226
123775,0.050672402,0.581581777,0,0,3.441435702,6.877126115
123776,-0.978059471,-2.521361406,0,1,-0.633511096,1.377196917
123777,0.722754102,1.009590902,1,0,4.437901987,8.541956667
123778,1.260675564,-0.164355122,0,1,4.42199348,8.555028854
123779,-1.024376078,-2.432424458,0,1,0.101480807,2.551356086
123780,3.311734591,0.679813796,0,1,7.821492073,21.32193595
123781,0.412323481,-0.657706757,0,0,2.323724843,5.549715392
123782,0.204551935,0.195051817,1,0,2.757079872,7.35262955
123783,-0.413188134,0.34100183,0,1,3.296140054,6.092008579
123784,0.006704989,1.598654056,0,0,3.606313274,6.313911894
123785,-1.657628399,-0.415772887,0,0,1.040558324,5.635794396
123786,0.080786461,0.063909868,0,0,3.022098958,5.529546078
123787,-2.738581761,-0.199838589,0,1,0.735770073,10.50240681
123788,0.531488928,-2.772253544,0,1,0.213333457,2.393675722
123789,1.308320417,0.69319386,1,0,5.527139936,9.79927586
123790,2.24573631,-0.922516915,0,0,4.981673951,11.67391851
123791,-0.885503804,-1.193647053,0,1,0.628714154,4.023297981
123792,-0.344902843,-0.359252476,0,1,2.11303822,5.732825057
123793,-2.035766376,-1.016750886,0,0,0.213875316,6.852882857
123794,0.780835454,-0.786435953,1,1,2.596184226,6.830283593
123795,1.585726337,-1.489973299,1,1,3.331174872,7.683835277
123796,0.62694232,-0.836702587,0,0,2.862191949,5.847970997
123797,0.262606615,0.054576882,0,0,2.931863613,5.990760718
123798,0.542255027,-2.052874337,0,0,1.331993313,3.281466108
123799,0.658481888,0.096702375,1,1,3.9398289,6.408788922
123800,-0.035402303,1.369347111,0,1,5.316892631,6.774848402
123801,1.566725566,1.555101169,0,0,6.371717423,10.83135117
123802,-1.375919638,1.008212451,0,0,3.125789393,6.480491698
123803,-0.404086797,-1.220724648,1,1,0.956191284,3.186362638
123804,-0.152059896,-1.324469751,0,0,0.696585619,3.488985762
123805,-0.225499733,0.729375518,1,0,3.539402745,5.500769493
123806,-0.468736574,0.327584351,0,0,2.885501366,6.107268077
123807,1.346979168,0.354497516,0,1,5.095847324,8.96657351
123808,1.846091073,0.403473697,0,1,5.045192721,11.6254328
123809,-1.273023736,-0.606712594,0,0,0.498915381,4.908920863
123810,-0.033317997,0.246636862,0,0,3.580714845,5.92686405
123811,0.975912181,-1.012567462,1,1,2.684980127,6.665657277
123812,-0.25773505,0.337736972,0,1,2.847625137,5.253271894
123813,0.3380641,1.839290809,1,1,5.766986762,7.36109668
123814,-1.735843692,0.619090916,0,1,1.579025467,7.615121365
123815,0.301578208,0.291636891,0,1,2.294368274,7.034312485
123816,1.59878493,-0.609685386,0,1,4.201300031,9.752859437
123817,-1.377795498,-1.521685864,0,0,0.145399921,3.29778973
123818,-0.542928379,0.28260865,0,0,3.326286885,6.230308015
123819,0.043701357,1.660885394,1,0,4.686767931,7.119016617
123820,-1.250392414,0.057058981,1,0,2.010844673,6.029719741
123821,-0.89808468,-0.804424868,0,0,0.864617052,5.100185034
123822,0.510022334,0.967058831,0,0,4.6781923,7.025347744
123823,-0.044927255,-0.761340534,0,0,2.684445202,4.811809141
123824,-1.1282597,-0.290360162,0,0,2.434024235,6.313277804
123825,-0.186490214,0.810140092,0,1,3.099217625,6.268271855
123826,-1.276903563,1.867454674,0,1,3.374902486,7.301028452
123827,2.835720449,0.175577623,1,0,6.346547085,16.6475849
123828,0.218514628,0.236621559,0,1,3.790529651,6.41370125
123829,0.582086877,-0.860766586,1,1,2.415248621,4.892198113
123830,0.160298945,-0.150021976,1,1,3.755708972,6.174085887
123831,-0.424659195,0.993339907,0,0,3.865325896,5.761658599
123832,-0.802686415,0.957615411,0,1,2.996045195,6.652543161
123833,0.412133431,1.034483628,1,1,4.093594686,7.432881433
123834,-0.105434239,-0.420816991,1,0,3.222554094,6.249433511
123835,-0.06210144,0.976654,0,1,3.592737644,6.354999352
123836,1.462654667,0.855962681,0,1,5.106177494,10.01179794
123837,-2.098040642,1.119404488,0,1,1.939781029,9.24149062
123838,0.036167605,0.036771503,1,0,3.612931375,5.318193666
123839,-2.415958795,-0.698281472,0,1,0.637992535,8.33585785
123840,0.677659282,-1.094073196,0,1,3.312045539,5.577547854
123841,-2.553085924,-0.085087481,0,1,-0.261375202,10.12183937
123842,-1.052544949,0.515802897,0,1,2.877396466,6.436634874
123843,0.933571428,0.130469664,0,0,4.280619351,7.97084588
123844,-0.262971649,-0.596145218,0,0,1.876609336,4.627895279
123845,0.085348303,-0.766296293,0,1,2.28751438,5.092617578
123846,0.147266461,1.045870923,1,0,5.177691717,6.842979485
123847,-0.186357276,0.188255419,0,0,3.070688744,6.097075202
123848,0.483873839,-0.544820147,0,1,2.651488746,5.849420316
123849,0.054834687,-0.711296669,1,0,2.388364805,5.322459693
123850,-0.866651455,0.655857533,0,1,4.305706983,6.477799112
123851,-1.142770416,-0.026356039,1,0,2.134494743,5.368316827
123852,-0.292560988,-0.819047283,0,1,1.675045156,4.475153098
123853,0.348171088,-1.517652636,0,0,2.639276849,4.088312722
123854,-1.114285185,-0.918147755,0,1,0.776690054,4.831096955
123855,-1.243642328,-0.598423468,1,1,2.041041013,5.491124383
123856,0.0318048,-0.040961621,1,1,3.273845749,6.701392122
123857,0.134601469,-0.357701142,1,0,2.869449458,5.98444118
123858,0.003511365,1.293774953,0,1,4.906589259,6.756942733
123859,-1.884539366,0.267753701,0,0,0.897974809,8.084281024
123860,-0.251534304,-0.40240859,1,1,2.960138939,4.392119929
123861,-0.858321646,-2.016243998,0,1,0.342827046,2.507988696
123862,-0.023755733,-1.253350297,0,1,2.790054873,4.479668405
123863,0.68660464,-0.84248304,0,1,4.058513882,5.76239104
123864,-0.661062058,-0.415853975,0,0,1.539036807,4.772580268
123865,0.532477138,0.709261598,0,1,4.307121803,7.436249281
123866,0.632552066,-0.614086099,0,1,2.686629762,5.826759231
123867,0.668643958,-1.440639483,0,0,1.875958385,5.848943824
123868,0.584351859,0.363953637,0,0,3.945505771,6.627178012
123869,0.523890634,-0.804474807,0,0,2.067003934,5.874102449
123870,-0.224206753,1.263256032,0,1,4.353808932,6.65300443
123871,-1.562334058,0.206460709,0,1,2.014405447,6.65405836
123872,-0.432855813,-0.155496748,1,1,2.314977217,5.487039464
123873,0.289859888,-1.094331696,1,1,2.012907798,4.516277656
123874,0.536810555,-1.082676027,0,0,2.139465203,5.69826257
123875,-0.250597896,-1.664905533,0,0,1.44750512,2.572647987
123876,-0.015443528,-1.337589859,0,1,2.373867562,3.460932191
123877,0.358417745,1.958069479,0,0,4.141203526,7.181268832
123878,-0.408198258,-0.971892595,1,0,1.986053783,4.727171737
123879,-0.348495871,0.235706417,0,1,3.314009685,5.37205729
123880,-1.210124587,-0.186127581,0,1,1.373154644,5.297231063
123881,1.919534925,0.607483651,1,0,5.83921947,11.96800665
123882,-0.980820192,0.145748337,1,1,2.198162887,6.372859474
123883,-0.330172384,-0.591001261,0,0,2.287509383,5.180800933
123884,-0.942381679,1.865356508,0,1,3.074442864,6.147496462
123885,-2.416053791,0.888693887,0,1,1.71932885,9.915704892
123886,-0.521515597,1.413906429,0,1,3.909516862,6.690175421
123887,-1.277341178,0.53473529,0,0,2.075950761,6.899944569
123888,1.054712428,0.096271973,0,1,3.473610192,7.699535441
123889,0.288180846,-0.85000051,0,0,1.725271,6.007183456
123890,-0.643104727,-0.383296694,0,0,2.668510608,5.739409703
123891,0.26072816,-1.391239237,0,1,1.719198725,3.973538574
123892,-1.930413543,-0.882138526,0,0,0.521129259,7.410639512
123893,0.508523441,-0.708012022,0,0,1.479635197,6.248678702
123894,-0.606895942,0.34641045,1,1,3.162931623,6.325978028
123895,0.004720052,0.210568918,0,1,2.771818226,6.104108202
123896,0.426841357,-0.401396631,0,1,3.778803355,6.452290406
123897,-1.195868128,-1.539198364,0,0,-0.378722757,3.825482419
123898,-1.662348542,0.674079958,1,0,1.630005887,7.983350783
123899,-1.652091389,0.706091258,0,0,2.3578547,7.857097502
123900,-0.542375333,0.409420528,0,1,2.647216668,5.837620638
123901,0.490809852,-0.153130752,0,0,3.669492266,6.519736135
123902,0.380914544,0.294672165,1,0,4.295273947,6.971946266
123903,1.07084812,-1.384557847,0,1,2.171217937,6.882923351
123904,0.174268944,-0.515209831,1,1,2.441451272,5.136225699
123905,-0.610157107,-0.528301824,0,1,1.809537438,5.52032076
123906,1.274288901,-1.402205831,0,1,2.766937335,7.386901349
123907,-0.17140894,-0.673519633,0,0,2.343319921,5.197057295
123908,0.85084041,-1.00676076,1,1,2.721543021,6.812648553
123909,-0.278467908,0.930903022,1,1,3.510705209,6.00259864
123910,0.946772453,-0.174218904,1,1,4.296551389,7.136737532
123911,-0.003203151,0.61501358,0,1,4.13191821,6.483237301
123912,-0.098306978,-0.787681084,0,1,1.910475002,5.207454442
123913,-1.452948152,0.182145038,0,0,1.134542911,7.068052016
123914,-1.125066766,0.236452981,0,1,1.94945358,7.276304399
123915,-1.069373113,0.211292008,1,1,2.759111562,6.623308001
123916,-0.606276148,-0.738509064,0,1,2.066424888,4.916480722
123917,2.043196419,-0.303580777,0,0,5.54922787,13.33184534
123918,1.324854926,-1.785547461,0,0,1.997323273,6.253228082
123919,-0.753417871,1.200793972,0,0,3.225069205,6.481000102
123920,-0.550302138,0.625709744,0,1,3.016145357,5.858588069
123921,-1.716381959,-0.086207434,1,0,1.328130021,7.024560662
123922,-0.526284764,0.484422384,0,1,2.723914826,5.014779067
123923,-1.013256845,-0.951824181,0,0,1.896381031,5.029974168
123924,0.501164103,-0.044239892,0,0,3.570878168,5.282793791
123925,1.110583499,-1.223938766,0,1,3.019635626,6.172347846
123926,0.490270479,-0.27953554,0,1,3.323206627,6.295467657
123927,-1.623681349,0.005024608,0,1,0.906490456,7.14854753
123928,-0.874292875,-0.340520392,1,1,2.276318817,5.188353167
123929,-1.892281094,-1.360097444,0,1,0.302730943,5.384183771
123930,0.967956591,0.589075116,1,0,3.172869953,8.733402443
123931,-0.802038043,0.43413854,1,1,2.284108094,7.127129172
123932,-1.201062502,-1.19995457,1,1,0.163592053,4.460265396
123933,-0.513677181,-0.317572777,0,0,2.431533231,5.545721014
123934,-1.333889816,-0.34847671,0,0,1.449354458,6.794679267
123935,0.806226766,1.018971009,1,1,4.400701511,8.289781726
123936,-0.895406588,-0.46358317,0,0,1.371914142,5.721610969
123937,-1.326869905,-0.227534032,0,0,1.871527786,5.715241669
123938,-2.156024603,0.456868087,1,0,1.922714725,8.221951208
123939,0.241443095,0.042332098,0,0,2.976462402,5.775757366
123940,0.534736927,-1.318411434,1,1,2.205174307,4.69821608
123941,0.958400899,0.460159108,0,1,4.09070691,8.376574332
123942,-0.452782204,1.106934085,0,1,3.384349005,7.193251857
123943,0.278864561,0.108728977,0,0,2.578770219,7.07022886
123944,-0.098849347,0.311965274,0,1,2.752080776,6.432365127
123945,0.732901948,-2.126767077,0,1,2.121350242,3.04653108
123946,-1.357075669,-0.012268395,0,1,0.52707788,6.315433046
123947,-0.07257228,-1.071153619,0,0,0.782768798,3.540079165
123948,0.426919648,-1.877166602,0,1,0.993945815,3.447643753
123949,0.862813563,0.733224756,0,1,4.393536431,8.197950122
123950,-0.657433137,-0.157614138,0,0,2.870544604,4.880806894
123951,-0.593757234,-0.37058416,0,1,1.834564086,5.003714537
123952,0.674931296,0.527088529,0,0,3.926863798,7.023377156
123953,-0.008183128,-1.894960333,0,1,1.289611615,2.603102993
123954,1.723455764,0.377113718,0,0,4.599260013,11.52554122
123955,-0.34390939,1.499731721,1,1,3.413147605,5.655802902
123956,-0.9915795,-0.94367527,0,1,1.081485589,4.274579648
123957,1.608988883,0.318286611,1,1,4.760308951,10.65077606
123958,0.058938488,0.380694252,0,1,3.21990988,5.703349386
123959,0.548697114,-0.501301666,0,0,3.516253779,5.76851519
123960,-1.416095208,1.255774973,1,1,3.569109285,6.866889839
123961,0.254172278,0.833925605,1,1,3.479108585,7.313782179
123962,-0.919203065,0.342033274,0,0,2.323566267,6.128872033
123963,-1.937822528,-0.806020363,0,1,0.340571715,6.065495041
123964,-0.167213942,-0.095197629,0,0,2.973089334,5.829673932
123965,1.309429812,-1.441996993,0,0,3.338141794,6.691843058
123966,-0.117254184,0.26042864,0,1,3.445016299,5.820113882
123967,1.022412029,-1.778918724,0,0,1.531268187,5.027861313
123968,0.527570038,0.510056651,0,0,3.863928146,7.113512006
123969,-2.228815717,1.052350254,0,0,2.684543448,10.05490302
123970,1.661426788,-0.532128939,0,1,3.007331738,9.565628858
123971,1.699747839,0.19422543,1,0,5.251526297,10.94340536
123972,-2.084313712,-0.307090521,1,1,0.50268487,8.677368165
123973,0.654582735,0.322262414,0,1,3.436866023,8.539560803
123974,1.172856016,-0.116109719,0,0,3.637172425,8.364099453
123975,-1.773179093,1.239670492,0,1,1.610644739,6.634056955
123976,-0.33213266,2.175706092,0,0,5.136264707,6.067153817
123977,0.097916433,0.605923625,0,0,2.138383063,6.267624769
123978,-1.150236031,-2.432387976,0,1,-1.514391347,1.552680917
123979,0.165007467,0.141366088,0,1,3.141759563,6.39452593
123980,-0.19101663,0.041300126,1,1,2.540987148,5.620169403
123981,0.512859224,0.062967484,0,0,3.921388696,6.426807308
123982,1.406455066,0.258561546,1,1,4.736676227,9.657996996
123983,1.280910583,1.061966891,0,1,5.441051669,9.439033769
123984,1.584444245,0.251136927,1,0,4.478157097,10.56018069
123985,1.411134908,-0.005020993,1,1,4.201379694,8.941678
123986,-0.368938351,-1.046728716,0,1,1.232786972,4.262093476
123987,-0.911341077,-1.859641772,1,1,0.843401221,3.819303426
123988,1.980135641,0.584488171,0,0,5.460534631,13.14879451
123989,1.765230443,-0.523675338,0,0,4.379687498,9.78520559
123990,-1.28261403,0.084903465,0,0,0.295866292,6.71852508
123991,-0.310999706,1.124020578,0,1,3.931154565,6.375883201
123992,-0.215659193,-0.319216599,0,0,2.741796309,5.178784227
123993,2.325371156,-1.818139949,0,0,4.576033081,10.48068938
123994,-0.286231197,0.686095634,0,1,3.644920838,7.026860272
123995,-0.519309593,-0.500097519,0,1,1.701063177,4.485726626
123996,1.288563878,2.154723102,0,1,6.164713852,9.530370977
123997,1.018077118,-0.660578324,1,1,3.678181225,7.020621925
123998,1.763454883,0.75854487,0,1,5.714265258,12.29343358
123999,0.582464793,-1.607034668,0,1,1.632229131,4.232006996
124000,-0.390760921,1.144320293,0,1,3.7025759,6.169998601
124001,-0.322920007,0.501160194,0,0,3.299894937,6.695734221
124002,0.135931853,0.397013652,0,1,3.472951542,6.86345977
124003,-0.266986771,0.983033846,0,1,3.783594903,5.393328143
124004,1.740230037,-1.564249686,0,1,2.540749761,8.429136554
124005,-0.27974977,0.74295709,0,0,4.283261034,5.291807789
124006,1.280293343,-0.748394465,0,1,3.555800653,7.043755259
124007,0.174486494,-2.344412361,1,0,0.802599453,2.071125223
124008,-0.466061025,2.029874816,0,0,4.315154037,6.10439762
124009,-0.007948951,-1.953852555,0,1,1.261781984,2.633799731
124010,0.902891491,-0.094886232,1,0,3.406301973,7.485439633
124011,0.545810674,0.394027854,0,1,3.33350409,6.904038879
124012,0.226724608,-0.810935089,1,1,2.140445184,5.504074659
124013,-1.622256064,0.088434011,1,0,2.664058088,6.946062641
124014,0.906615569,-0.817504364,0,0,4.104509395,6.654193321
124015,-0.77048512,0.4780319,0,0,2.723629464,5.584997951
124016,1.897040377,1.741456613,0,0,6.43801555,12.71180682
124017,-1.05926278,0.629529961,1,1,2.90132044,5.863435759
124018,0.178723545,0.444708831,0,0,3.762152826,5.775158355
124019,-0.086562505,-0.495634912,1,0,1.692628156,5.377379956
124020,1.165948103,-0.927416202,1,1,3.557929141,7.343400002
124021,0.307700411,1.671942202,0,1,5.373441191,7.725248329
124022,-0.005634419,0.603295893,1,1,3.467549139,7.063516072
124023,1.240503078,-0.846344172,0,0,2.753514474,7.233414921
124024,-1.048497091,-0.892003732,0,0,1.261638831,5.305098827
124025,2.0495771,-0.380504562,1,1,3.807185797,12.0372092
124026,0.082249207,-0.597409626,0,0,2.300022768,5.402141685
124027,-0.784649061,-0.416767347,0,1,2.140063905,5.399305571
124028,1.168669266,0.322706276,0,0,5.189689061,8.797930142
124029,0.520086976,-0.422187994,0,0,2.315049425,6.215713569
124030,0.733997454,0.393031957,0,0,4.333841089,7.137301376
124031,-1.338272737,0.468087824,0,1,3.120199064,6.712076742
124032,-1.036989808,0.947150204,1,0,2.913762316,6.874178544
124033,-0.007852964,-0.904204155,0,1,2.814339948,5.127306802
124034,0.505090539,-0.942074229,0,1,2.553734377,5.480258241
124035,0.375226369,-1.543299753,0,1,1.742514603,4.428906975
124036,0.261774419,0.461108978,0,0,3.128417888,6.84449311
124037,-0.979969753,-0.992902499,0,0,1.023202419,3.956410667
124038,-0.89707693,-1.171230415,0,1,1.067653196,3.552945262
124039,0.094015063,-0.532909829,0,0,2.354991324,4.900305576
124040,-0.884700365,0.167527441,1,1,2.593874243,6.092567864
124041,-1.384733632,0.261570234,0,1,1.511243347,7.962154166
124042,1.275343816,2.32095647,0,0,6.381928678,9.043374584
124043,-0.876588073,-0.882873622,0,1,-0.075787637,5.238899373
124044,-1.343803445,1.67976829,0,0,3.66815588,6.88132846
124045,1.805174881,1.668022036,0,1,6.680986126,12.48612804
124046,-0.643130556,1.732809142,0,1,4.925909415,5.581439387
124047,-0.243688656,-1.765871615,1,0,0.884768955,2.347490721
124048,-1.793228556,0.515322771,0,1,1.410637106,7.921988042
124049,-1.465312601,0.855499636,0,0,2.487986499,7.290011042
124050,1.028166567,1.814466292,0,0,6.294224336,8.649308448
124051,-0.460530251,-0.91026932,0,0,2.055996548,4.183851096
124052,-0.780990014,-0.107117623,0,1,3.259525694,6.10821293
124053,-0.657885146,-0.164514365,1,0,1.645905166,5.278440021
124054,1.137948039,-0.192055504,0,1,3.748359868,7.921922999
124055,-0.884124634,0.033896148,0,1,1.360817451,6.384246357
124056,-1.203874608,-0.027718023,0,1,1.55710756,5.626369277
124057,1.308009853,-0.697397477,0,1,3.252241615,8.259980794
124058,-0.853405876,-0.183378053,1,0,2.3759626,5.346620407
124059,2.120567746,-0.032469503,0,1,4.09008969,12.91756963
124060,-1.242326692,0.58996937,1,0,2.300832447,6.016766401
124061,0.603868447,1.459697147,1,1,5.691737976,7.873095177
124062,0.30479559,-1.219940354,1,1,1.694943188,5.063772506
124063,-1.332740074,-0.353752204,0,1,1.301822685,6.499615117
124064,1.26622991,-0.853984811,0,1,3.383734919,7.768138226
124065,0.398032958,-0.582308485,1,1,2.949952862,5.520197511
124066,0.41218812,1.464593041,0,0,4.910273424,7.151817476
124067,0.239191601,-0.623548993,0,1,3.357521499,4.959651428
124068,0.442638377,2.209901514,1,1,4.972478724,7.281824778
124069,-0.407789679,0.36732663,0,1,2.318937448,6.258803316
124070,0.968732418,0.996139149,0,1,3.999979871,9.203917022
124071,0.76218542,0.3790985,0,0,3.188326109,7.35152698
124072,1.477032934,1.187813396,0,1,6.180367349,10.34735063
124073,-0.452666162,0.451931155,1,0,3.257436024,6.529797755
124074,0.352348449,-0.389948415,1,1,3.246299709,6.253395043
124075,-1.984406176,0.885880003,1,1,2.17915103,8.882813293
124076,-0.481983483,-0.307772767,0,0,2.616908806,5.177910021
124077,0.327288302,-0.902764036,0,1,2.583731354,4.960605589
124078,0.454907081,1.389912937,0,0,5.281458556,7.503825871
124079,0.222321477,1.201717372,0,0,4.319758034,6.865487309
124080,-0.662515968,0.538784862,0,0,2.698855083,6.807605701
124081,-0.060528029,-2.073214894,1,1,0.679594684,2.330933449
124082,1.14925104,-0.041179977,0,1,5.106056324,9.242064686
124083,0.443317013,-0.204180469,1,0,2.655504348,5.567261243
124084,-0.252953452,-0.28087833,0,1,3.199556471,5.296488587
124085,-0.442024586,-0.297854171,0,1,1.970899078,5.395638298
124086,-0.588096291,-0.645333666,1,1,1.304512764,4.190062642
124087,-1.169810189,2.723111279,0,0,5.510830616,6.847253128
124088,-0.655331274,0.267057325,0,1,2.332191099,5.886527679
124089,-1.240898936,-0.092805544,1,1,1.971566195,6.226254818
124090,-0.938734883,-0.697914422,1,1,1.020852972,4.516137579
124091,-0.69817059,0.239780402,1,1,2.671291621,5.668963335
124092,-0.691085055,1.5822374,0,1,4.937993973,6.611467355
124093,0.127306181,-1.891235047,0,1,1.257641325,3.095474299
124094,0.374895062,1.872400772,0,1,5.660569051,6.771247981
124095,0.292416195,0.499904606,0,1,4.359937857,5.916826384
124096,-0.292773289,0.618466287,0,0,3.802770696,5.594207106
124097,0.974194386,0.238980877,0,0,4.451656055,8.173901339
124098,1.330349196,1.305759327,0,0,5.39136007,8.91606506
124099,0.449013428,-0.83261004,0,1,3.141996269,5.638071642
124100,-0.505114645,0.277675837,0,1,3.215704849,7.354826476
124101,-0.124851641,-0.837441076,1,1,1.786534487,4.72080916
124102,0.861361519,-0.457007231,0,0,2.974389268,7.086949802
124103,-1.034218204,0.503961904,1,0,3.226358574,6.83853757
124104,-0.623868792,-0.954658424,0,1,0.79840726,4.403612281
124105,0.095615556,2.813080964,1,1,6.084300055,7.653407911
124106,-0.503559719,-0.022929782,1,0,2.831075307,5.639525047
124107,-0.381698704,0.033210466,0,0,2.854036592,6.146782545
124108,-1.413146413,-0.272331454,0,1,0.588684724,6.01909401
124109,1.032464201,-1.320937499,0,1,2.086659732,6.49440891
124110,1.494297562,-1.709094398,0,0,3.494125177,6.858298329
124111,0.897292348,0.97532524,0,1,4.807131344,9.186355601
124112,1.088103762,0.118495386,0,1,3.821873542,8.469884333
124113,0.322153047,0.737022098,1,0,4.512356639,6.534289221
124114,-1.366045905,0.566869993,1,1,2.695205594,7.316382822
124115,-0.820173376,0.007063005,0,1,1.884292673,5.223682198
124116,1.402455737,0.571187176,1,1,5.578739595,9.681517838
124117,-0.830649606,1.58337999,0,1,3.559271703,5.660918133
124118,-1.276679799,-0.843359801,1,0,-0.080040725,4.369117753
124119,0.976473781,-0.725720341,0,1,3.54173024,7.160458415
124120,0.710551927,0.669001709,0,1,4.524431193,7.482911584
124121,0.121196179,0.656511876,0,1,3.783342673,6.663957676
124122,-0.486080135,-0.695947786,0,1,1.697096927,5.545353951
124123,-0.13092716,-0.01567277,0,0,2.360733831,5.193992885
124124,-0.922818592,-1.941003716,0,0,0.410037453,2.946290512
124125,1.159897228,0.919640582,1,1,5.786583654,8.308388917
124126,0.107057294,-0.808311851,0,1,2.680582821,4.931831253
124127,2.70199642,1.077722731,0,0,6.230704856,16.29202177
124128,-1.478217371,0.593903842,0,1,3.199391601,6.918924758
124129,-0.28238826,1.689808665,1,1,5.05059543,6.211627688
124130,0.564287667,-1.127760366,1,1,2.838230416,4.755238706
124131,-1.210318249,-1.336169792,0,0,0.856875103,4.181144357
124132,0.175828428,-1.656771899,1,0,1.319347774,3.624737456
124133,-2.723575337,-0.484534329,1,1,-0.427442569,10.01382526
124134,-1.216723854,-0.369635792,1,1,1.473242996,6.03389405
124135,-2.150811985,-0.117995689,1,0,0.317580671,7.943116511
124136,0.011888956,-1.148705469,1,1,1.730173593,3.870691801
124137,-1.916374191,-0.079596544,0,0,0.761959578,8.65209874
124138,1.148555964,-2.485625433,1,0,1.589521565,4.337989692
124139,-0.002016982,-2.612980024,0,0,0.259447131,1.430567411
124140,0.61368734,-0.633012075,0,0,3.414890174,5.304871948
124141,-0.040743695,-1.37555386,0,1,1.118630762,3.461364667
124142,1.173408148,0.846396761,0,1,5.548824791,9.556351346
124143,1.513506085,-1.072081596,1,0,2.892171144,8.161017289
124144,0.781343613,4.068096915,0,1,8.629896699,9.640878245
124145,-1.476914423,-0.128425502,1,1,1.114781163,6.921808799
124146,-0.590474649,-1.155580924,0,0,0.910006866,4.930933087
124147,0.617627825,0.420879134,0,0,3.912889496,6.775842256
124148,-1.748997978,-0.314395231,0,0,0.62019494,7.117789891
124149,-1.798672981,-2.392669164,1,0,-1.386073375,3.817959454
124150,0.60913999,0.839237289,0,1,3.584787887,7.16316252
124151,-0.660989043,-1.000782093,1,1,1.069013585,3.691380904
124152,0.072629243,0.602852669,1,1,4.28532779,5.918781181
124153,2.567501898,0.37808523,1,0,6.166955904,14.59754205
124154,1.827170919,1.420309881,0,0,5.733230303,12.07039407
124155,-1.517119838,-1.572851867,1,1,-0.177543865,3.814884523
124156,0.203710422,0.331222973,0,0,4.288038359,7.032628989
124157,-1.323716031,-0.720542089,1,0,1.150947384,5.620857466
124158,-0.422144543,-0.581105014,0,1,1.625063168,4.332249857
124159,0.864915751,0.269788975,0,1,3.544644403,8.286840269
124160,1.114232365,-0.337263662,0,1,3.307707147,8.813460864
124161,-0.894885598,0.29467991,0,0,2.700153862,5.585432823
124162,1.931686891,1.519698379,1,0,6.156132355,11.45710521
124163,0.558059858,-1.723668142,0,0,2.072970505,3.554600337
124164,-0.772906459,-0.606602711,1,0,1.702571469,5.088554587
124165,0.987389389,2.793552223,0,1,7.026188339,9.232657499
124166,-0.785745409,-0.457628631,0,1,1.82019701,5.034170906
124167,0.720368535,0.629936193,0,0,5.072022086,7.689963891
124168,-0.735707312,0.468838264,0,1,3.241701742,6.902745207
124169,1.872858223,-1.475824955,0,0,2.660996352,9.476719625
124170,-0.228052304,-0.082716819,0,0,2.587332034,6.036691947
124171,1.719462918,0.427641819,1,1,4.806184417,10.48836061
124172,-0.429091713,-1.616226191,1,1,0.71985081,2.986777773
124173,-0.688868382,-0.777853075,0,1,1.601166388,4.148662723
124174,-1.196270099,-0.951753239,0,1,1.330820432,4.766042024
124175,0.435481382,-0.068876887,0,1,3.155622027,7.641775674
124176,-0.945797318,-0.217347793,1,1,2.21839606,6.067006547
124177,0.26180477,-0.896817976,0,1,3.080768511,4.720711592
124178,-0.841104531,0.333849714,0,0,3.491085829,6.255659909
124179,0.429963479,-0.736978043,0,1,2.208999207,5.83593199
124180,-0.069981426,0.700802439,1,1,2.795081191,7.172846098
124181,0.476310329,-1.32509489,0,1,2.80852684,4.239502906
124182,-0.223045175,-0.598592775,0,0,2.524378081,5.239894087
124183,-0.706020016,-0.806445059,0,1,2.063270307,4.549666313
124184,-1.565021315,2.234045504,0,1,4.576052174,7.556648894
124185,-0.053956555,1.301276755,1,0,3.843946834,6.288751729
124186,0.16534911,-2.64351967,0,1,0.204165609,1.236135773
124187,0.398322303,2.055333563,0,1,4.657869852,6.43343068
124188,-0.009193183,-0.506994897,0,0,2.007599145,5.106739682
124189,-0.457429149,-0.246952248,0,1,1.607850374,5.075778906
124190,1.418095008,-0.512824226,1,0,3.260684757,8.497499593
124191,-1.224420467,0.504413418,0,0,2.120629316,6.366350612
124192,1.584540995,-1.247298447,1,1,3.602413641,8.417233272
124193,2.395538397,-0.433865057,0,1,4.283919654,13.68811338
124194,1.482488663,0.275128389,0,0,4.796974886,9.70367288
124195,0.876806434,0.381097818,0,1,3.33835296,7.399392418
124196,-0.124064195,-2.214612351,0,0,0.964646405,1.920686414
124197,-2.907771754,0.182685815,0,0,-0.750032651,11.37608936
124198,-0.224619786,0.609863837,0,1,3.065655462,7.056046397
124199,-1.740450595,-0.710528318,1,1,0.510497927,5.38779589
124200,-0.208778254,1.129552622,1,1,3.922818363,6.348312544
124201,0.952427578,-1.440741329,0,1,2.457771841,4.647119407
124202,-0.965990052,0.418119816,1,0,2.796069888,6.432904299
124203,0.276539269,0.268948115,1,0,3.971068187,6.410169477
124204,1.481015653,0.471712047,1,1,4.229716831,10.8269011
124205,0.78689989,0.891910754,1,1,4.928008912,7.604353168
124206,-0.40989375,-1.386354497,0,0,1.146193429,3.391284414
124207,1.987221801,0.222984383,0,1,5.553967331,12.1935253
124208,-0.757739045,-0.856885203,0,1,1.124349094,4.124082256
124209,0.762631096,-1.616695416,0,1,2.102937185,4.224135311
124210,-1.993145491,-1.020970188,0,1,-0.027736056,7.233196123
124211,2.269044549,0.90642806,1,1,5.482005576,13.87774461
124212,1.078312952,-0.294942713,0,1,3.656267222,7.971909535
124213,0.44168537,0.306556679,1,1,3.678354569,6.488101842
124214,-0.15710746,-0.050986334,0,0,2.750188013,5.996671194
124215,-0.184485105,-0.456281837,0,0,2.107351352,5.457014391
124216,0.015100873,-0.560237091,0,0,2.828366486,5.513490241
124217,-0.246379377,-0.518461124,0,0,2.897898479,5.634104613
124218,-0.364957824,0.551867086,0,0,3.262681618,5.635694328
124219,0.98540048,-0.25981863,0,0,4.244509573,6.949806346
124220,0.451148172,0.264232638,0,1,3.633907431,6.875232995
124221,0.471221794,0.019057138,1,1,3.52607596,6.528781455
124222,-0.242554241,-0.373209071,0,0,2.418123048,5.729678177
124223,-0.112939651,-0.001589811,0,1,2.778085703,5.752347684
124224,-1.257834297,-0.73736006,0,1,0.679972814,5.288442216
124225,-1.58227371,-0.899278467,1,1,-0.086387805,5.665222388
124226,0.106984781,0.447637599,0,0,3.330792215,6.635643781
124227,-1.833654305,0.810161501,1,1,2.517992519,8.15006698
124228,0.535195249,2.593322466,0,0,5.50184151,7.450800938
124229,1.290023845,-1.513203026,0,0,1.690574434,7.156133062
124230,-0.529464143,2.450332624,1,0,4.86407443,6.039560546
124231,-2.357675465,0.563997018,0,1,0.487958822,9.630062196
124232,1.597481926,0.8666691,1,1,5.06257637,10.81457984
124233,-0.207277774,0.83568778,0,0,3.75698729,5.896875507
124234,0.523773912,-0.250292652,0,1,2.973228982,6.808268925
124235,0.610517491,-0.250863105,0,1,2.580309313,6.945551278
124236,1.214175906,0.502989198,1,1,5.038279898,9.988719479
124237,-0.525576948,0.845973254,0,1,2.916920819,6.792547985
124238,-1.538311882,-0.374635022,1,1,1.757677943,6.525911404
124239,2.338208554,0.167727167,0,1,4.923881173,13.40483041
124240,0.532394564,0.311083604,0,1,4.086871212,6.916949602
124241,-0.308086479,-0.446512155,0,0,2.515107092,6.023083395
124242,-0.6774114,0.757493623,0,0,3.21624392,6.54089666
124243,-0.437527198,0.69203115,0,1,3.349706219,7.082711484
124244,1.50018123,0.118614964,0,1,4.361185076,9.711289831
124245,-0.114626293,-0.127134303,0,0,2.440849997,6.487895998
124246,-0.471475374,-0.422016086,1,1,1.340894201,5.054851221
124247,0.627317753,-1.005330559,1,0,2.068818331,6.220003849
124248,0.57142763,-0.880442838,0,1,2.451545015,5.067947048
124249,0.072417492,-2.178364571,0,0,1.04156324,2.297346955
124250,0.812542512,1.774684654,0,1,5.264431816,7.891586979
124251,-0.574612502,-0.296689443,0,1,2.390490065,5.733624403
124252,0.451771731,1.622319774,0,0,6.107704802,7.266619077
124253,0.786543819,-1.41074993,0,1,2.243708859,5.508752046
124254,-0.01457466,1.297602076,0,0,4.128403538,6.628496132
124255,1.614370897,0.252518974,0,1,4.571571556,10.34526105
124256,-0.12515176,0.070254325,1,1,2.803621328,6.94318592
124257,0.233234133,0.256460599,0,1,3.857254459,7.029965657
124258,-0.637163993,-0.633287749,0,1,0.862859957,4.700840634
124259,1.548010223,-1.192356858,1,0,3.749946567,8.812511891
124260,-0.70010894,1.163773135,0,1,3.140352503,5.863295706
124261,-0.91201431,-0.546432527,0,0,1.608342772,5.327258363
124262,0.018166028,-1.413716581,1,1,1.493714272,3.704048401
124263,3.5589813,-1.670251221,1,1,4.608393237,19.31186441
124264,1.056481874,1.563672595,1,1,5.751717827,9.062386651
124265,-0.597388617,-0.259850351,0,1,1.668234085,5.322312311
124266,-0.811778297,-0.852292195,0,0,0.813532738,4.628932271
124267,0.86297712,-0.700201307,0,0,2.895758072,7.534106081
124268,-1.7511846,0.146597646,0,1,0.01003241,8.210866053
124269,0.184938762,0.347660785,0,1,4.029669249,7.025308732
124270,-1.914367548,2.437229894,0,0,3.237357025,7.961598445
124271,0.869776986,-0.964365775,1,0,2.126835444,6.409414788
124272,-1.140128797,-0.299335758,1,0,2.267704248,5.479588218
124273,1.291993385,0.814700356,0,1,5.254218864,9.46390177
124274,-0.68607976,0.209415952,0,1,3.091563989,5.265282124
124275,1.52685207,0.064090363,0,0,4.775886705,10.62643646
124276,-1.537651509,-0.633327564,0,0,0.839873918,5.900707991
124277,-1.052749168,-0.74972584,0,1,1.100464494,4.5031682
124278,0.279799613,1.071834122,1,1,4.190412172,6.752193933
124279,-0.569249954,0.448815752,1,1,3.56459441,6.142080805
124280,0.999856396,-0.145167933,0,0,3.774023178,8.148643159
124281,-1.765633798,-1.13783939,0,1,0.56768758,5.890783255
124282,0.320617793,-0.949631044,0,1,2.848964837,5.35353207
124283,-1.543763965,-2.028738703,0,1,0.118796395,4.218872534
124284,2.080367876,-1.641654271,0,1,2.996292832,9.343276453
124285,0.538327965,1.626738045,1,0,4.543462991,6.983077646
124286,0.712922926,0.65464024,0,0,4.337804788,8.265653668
124287,-0.728362011,-1.165980226,1,0,0.868177898,3.46574992
124288,1.017537337,0.105016899,0,1,4.469847412,8.528727238
124289,0.415217037,-0.345336274,0,1,2.929289246,5.403380643
124290,0.112413103,1.614803627,0,0,4.425958372,6.128911995
124291,-1.664495782,1.247930186,1,1,2.758411465,7.573299046
124292,0.046287174,1.532684636,0,1,4.728229437,7.604224055
124293,0.850090512,-0.549223887,0,0,3.723811884,7.208293549
124294,1.37316523,1.094976536,0,1,5.205443109,9.469760487
124295,-0.206311196,-1.201624238,1,1,1.942038034,3.869760748
124296,-0.544341927,0.157162336,1,1,2.370168185,5.833590519
124297,-0.516578156,1.232624022,0,1,3.534824394,6.249231311
124298,-0.296736828,2.05042919,0,0,4.838465687,6.226360152
124299,1.487502271,1.494476353,0,0,5.987217935,10.65219144
124300,0.430120726,0.823641348,0,0,4.243864617,6.465757946
124301,0.714966222,-0.694039448,0,0,2.14337717,6.510379208
124302,1.140721524,1.118587774,0,0,5.628142286,8.912090567
124303,2.31971774,0.507782697,1,0,6.007551604,13.22864616
124304,0.505073835,0.771515041,0,0,5.162023778,7.783608031
124305,-1.996164588,0.480084178,0,1,2.119886914,7.980324904
124306,0.365375934,-0.487424488,1,0,4.55002605,5.531666755
124307,-0.26206015,-1.588395914,0,1,1.713764556,2.661894809
124308,-2.041318108,-0.136947026,0,1,0.487928564,8.218117649
124309,1.504010922,-0.996380426,0,1,4.002988457,8.367390931
124310,0.952221631,-0.185662389,1,1,3.382006392,7.82474074
124311,0.034407367,0.768778741,1,1,4.372550221,6.462173588
124312,-0.332210866,-0.209765983,0,1,2.598164025,5.286829022
124313,-1.006589927,0.866603443,0,1,2.201438479,6.008469306
124314,0.37184765,1.64048366,1,0,5.901104354,7.676054082
124315,-0.363807128,1.170207645,1,1,4.296927879,5.702050575
124316,-0.713753376,2.07558157,1,1,4.104317958,6.32187211
124317,-0.116350699,-0.082087571,0,0,2.81263043,5.651070186
124318,0.362615808,1.934464822,0,0,5.059635995,7.391228817
124319,0.9666128,1.343972468,0,0,5.848639269,7.960766929
124320,0.982682258,0.866522413,1,1,5.405915519,9.339850196
124321,0.169954117,-0.638031104,1,1,2.788108745,5.716534721
124322,1.403628219,0.766080943,0,0,5.567525353,9.92636765
124323,-0.161175426,-0.876732324,0,1,2.26180215,5.367789965
124324,-1.839242421,-1.053684542,1,1,-0.556931505,6.163624084
124325,-0.915235478,0.052960014,0,1,2.073995236,6.346227603
124326,-1.292912797,-0.972246238,1,0,1.331099792,5.194251558
124327,0.116866012,0.704260811,0,0,3.375427873,6.225688436
124328,-2.104376437,-0.750119063,1,1,0.916256054,7.963689024
124329,-0.920303369,-0.018894024,0,0,2.043697403,6.973122551
124330,1.328602869,-0.134706715,0,1,3.98960659,8.618583865
124331,-1.225175771,-0.088804751,0,1,2.620463639,6.01236097
124332,-0.66727313,1.510636266,1,1,4.054073023,5.452301571
124333,-0.341680423,0.30193134,0,0,1.634050657,5.941683035
124334,-1.334143573,-1.624542273,1,1,-0.211511328,3.838995239
124335,-1.873657694,-0.138181062,0,1,1.906349284,6.732799468
124336,-1.079800866,1.837040911,1,1,3.238050446,6.597794428
124337,-0.536153413,0.440765444,0,1,2.3443076,5.937663454
124338,-0.470602366,0.457065138,0,1,3.300576322,6.406140255
124339,-0.212166646,-1.245985594,1,1,1.198224964,3.240234729
124340,-0.873015138,-0.095628338,1,0,2.33240246,5.408531038
124341,-1.161147698,-0.512495866,1,1,1.766284873,5.466069299
124342,0.833819501,-0.390368117,1,1,3.382623743,6.698691629
124343,0.070136942,-0.240296917,0,1,3.223897894,6.879385469
124344,-1.080664173,-1.359807615,1,0,1.258214723,3.369610886
124345,0.843374476,0.986659316,0,0,4.579982768,8.141586838
124346,-1.23664042,0.878084014,1,1,2.53059006,7.595609975
124347,0.073728119,0.473404092,0,1,4.242691014,7.409272321
124348,2.031251715,-2.071729856,1,0,3.174907278,7.990287487
124349,-0.466239005,0.299486577,0,0,3.423611704,6.555565156
124350,0.851078543,-1.085054121,0,1,2.429742626,5.61922739
124351,0.657562878,0.163449331,1,1,3.892655716,6.373584967
124352,1.504734487,-0.556731842,0,0,4.486912776,7.391649417
124353,0.688279281,-0.024186079,1,0,3.65567517,7.614595751
124354,-0.864383032,-0.680309095,1,1,1.452949606,5.203209189
124355,-0.683652923,-0.121089952,0,1,2.274596648,5.099515634
124356,0.19659449,-0.555544951,1,0,3.172744872,5.434947868
124357,0.896667185,-0.310502663,0,1,4.185575102,7.448015511
124358,1.215720368,0.222452638,1,1,3.762896871,8.135941936
124359,0.146198835,-0.406274715,1,1,2.347535245,5.650023089
124360,0.926682893,-1.901742909,1,1,2.137501271,5.180540634
124361,0.51823958,0.733016283,0,1,4.059459892,7.195380883
124362,0.866097181,0.186398346,1,1,4.411772863,8.175099711
124363,3.010970821,0.163609856,0,0,6.744258949,17.40479256
124364,-1.963887335,0.001009125,0,0,1.447251973,8.180967682
124365,0.209713511,-0.793362027,1,1,1.415880807,4.697656837
124366,1.629808538,-0.271499521,0,1,4.952332808,10.12233347
124367,-1.036653464,0.173508077,1,1,1.566264219,6.503159016
124368,0.158789178,0.484279689,0,1,3.541335172,6.314798046
124369,-2.640302149,-0.822303657,0,1,0.515580129,9.705059034
124370,0.387017126,1.16254942,0,1,5.098461552,6.706883462
124371,0.297865491,-0.800593144,1,0,3.054597669,4.521143706
124372,-0.144749122,0.961206292,1,1,4.852228383,6.226378381
124373,0.767832767,0.736122179,0,0,5.273992517,7.166110001
124374,1.325979645,1.543011243,1,1,5.377188857,9.428002052
124375,-1.133192832,-0.664074301,0,1,0.485771142,4.946053996
124376,1.281015789,-1.547374487,0,1,2.698076269,6.295366359
124377,0.98914705,-1.495176758,0,1,3.300875663,6.111641865
124378,1.133760766,0.119578918,1,0,4.165338869,8.446173365
124379,0.165075938,0.379277263,1,1,3.362254397,6.729967327
124380,-0.927535805,1.331669722,0,1,3.347704375,7.32698601
124381,1.191094948,-1.982816123,1,1,2.372524686,5.470121929
124382,1.893639056,-0.9272861,0,0,4.70110604,10.50471818
124383,-1.374525173,-1.240937442,0,1,1.364168217,4.315428881
124384,0.70424558,-3.316010417,1,1,0.076098636,1.135076587
124385,-0.526248401,-0.590894269,0,0,1.161357304,4.714262257
124386,-0.433061185,-1.455422812,0,0,1.275237709,3.554035276
124387,-0.039281467,0.069922201,0,1,3.2419539,5.066723187
124388,-0.483831992,1.097379617,0,1,2.822844712,5.906831829
124389,-0.992665662,-0.23207067,0,1,1.185088797,5.999407396
124390,0.38546709,-1.603387908,0,1,1.623152111,3.906758665
124391,-2.145194295,0.205569681,0,1,0.709549422,8.550830823
124392,0.872798352,1.78280125,0,1,5.508821163,8.327392714
124393,-0.078666327,0.03559505,1,1,3.988346823,5.735728288
124394,-0.721176983,0.345692647,1,1,2.978200754,6.620895079
124395,-1.264183568,0.574030761,0,1,2.817456543,6.651487594
124396,-0.116421822,-0.825386825,1,0,2.302933064,5.354763917
124397,0.466489529,0.687485759,0,0,3.845863839,6.650882937
124398,2.260304818,0.167430458,0,1,5.016703651,13.48330653
124399,-0.25674244,0.306783625,0,1,3.259486419,6.207252135
124400,0.317885813,0.038884653,1,1,3.879641231,6.235439039
124401,2.519810109,1.327608275,0,1,7.155539187,15.57060322
124402,0.979403501,0.176931343,0,1,4.465428179,8.057837608
124403,0.176484335,-0.508939929,0,0,2.252957294,6.649757831
124404,-1.567114604,-0.049565604,0,1,1.707326446,7.455953548
124405,0.001610488,-0.416836447,0,1,2.382987964,5.761127467
124406,1.10361506,0.393898204,0,1,5.901432902,7.647191369
124407,0.185179442,0.464879223,1,0,3.545348393,7.907695121
124408,-1.197984352,-0.294517465,1,1,1.913461023,5.971775406
124409,-1.008849832,1.000812225,0,1,3.548383891,6.588455007
124410,-0.635088403,-1.312361774,0,0,1.118909329,3.924695652
124411,0.295092788,1.246117902,1,1,4.415592375,6.240023982
124412,-1.331913899,1.064345264,0,1,1.978520731,6.850653942
124413,-0.175309027,-0.67407716,0,0,1.569647691,5.350185163
124414,1.463047614,1.206705694,0,1,5.506855077,10.36559121
124415,-1.187819338,1.216812875,1,0,2.803854692,7.379140636
124416,0.264390536,0.308395317,0,1,4.51331837,6.116265277
124417,-0.806058981,-0.375948932,1,0,1.097318918,4.919580253
124418,1.610261018,-0.643964128,1,0,4.482085344,9.574135715
124419,1.433631713,2.771077294,0,0,8.262823005,9.92740311
124420,-0.702710099,0.567799376,1,1,1.911982769,5.820544016
124421,1.072774222,0.182592587,0,1,4.242063806,7.861430381
124422,-1.6107197,0.118767755,0,1,1.271673037,7.281855215
124423,0.681796249,0.896813457,0,1,4.693824557,8.368349705
124424,-0.980370013,0.393351112,0,0,2.10607013,6.600608098
124425,0.376205538,1.63499354,1,0,5.637352419,6.825911603
124426,1.110933413,0.396568842,0,1,3.47692751,9.442257447
124427,1.538979005,0.71216982,0,0,5.226103519,10.00498187
124428,-0.443326365,0.508594117,0,1,3.842794985,6.479466492
124429,0.039032992,0.559939356,1,0,2.951685551,6.781435661
124430,2.162381671,-0.503117105,1,1,5.505269307,11.66212492
124431,0.800014811,1.581908275,1,1,5.043746003,8.098153697
124432,2.282913422,1.091459077,0,0,6.541379844,13.67947933
124433,-0.316718601,-0.916141912,0,1,1.85964949,4.540632639
124434,-0.854314311,-2.41266915,0,0,-0.539244385,1.479260906
124435,0.428591876,-0.242299159,0,1,3.73700221,6.375561851
124436,-0.07126505,-0.383385402,0,0,2.552911154,5.829989287
124437,0.060088585,-0.441104834,0,1,2.237333065,5.175874655
124438,-0.078193059,-0.162004509,0,1,2.393252635,6.010619337
124439,0.333576407,1.608138128,0,1,4.761673188,7.043570697
124440,0.605328596,0.205386041,1,0,3.411670454,6.810719559
124441,-1.182049841,-0.164027096,0,0,1.87938878,6.247933311
124442,1.435880107,-0.13951264,0,1,4.36763867,8.696673489
124443,1.968829657,1.053966782,0,1,5.798364172,11.68715975
124444,-1.109171001,-0.240565228,0,0,1.946999803,5.471198418
124445,0.543254378,0.984080149,0,0,4.557138126,7.51635375
124446,-0.191973523,-0.452808995,0,0,2.494623485,5.594929144
124447,1.186314312,0.793506529,1,1,5.282954158,8.502359821
124448,1.695073029,-0.518601449,0,0,4.343375169,9.905286938
124449,-1.333975989,1.137511971,1,1,3.486848811,6.884369732
124450,0.621694143,-0.242891964,0,1,3.206233753,6.423433412
124451,-0.993526832,-0.860507439,0,0,1.591077633,4.835343393
124452,-0.562611194,-1.858874091,0,0,-0.450239223,2.508704327
124453,1.101198236,0.71745793,0,1,5.267481881,9.070490445
124454,-0.517431518,-0.821639811,0,1,2.305607275,5.360965503
124455,-0.043925344,2.694671897,1,1,5.645631912,7.085066752
124456,0.369099581,0.243828823,0,0,3.598186576,6.563627699
124457,-0.926635234,-0.853033366,0,1,1.008112213,4.861021738
124458,1.616340333,-0.469532018,1,1,4.496226238,9.058750387
124459,0.362707013,-0.131360545,0,1,2.831147589,7.533012438
124460,-0.279458581,-0.457855201,0,1,1.958903161,4.11296666
124461,0.737662683,-1.187538762,0,0,1.903805378,5.464997198
124462,0.987049897,0.003386027,0,0,3.539419013,8.352656093
124463,-1.473698012,-0.923156164,0,1,0.327254725,6.042673019
124464,-0.440930581,-0.966776138,1,1,1.396201948,3.991006379
124465,-1.207451045,0.388927673,0,0,2.018983064,6.427190137
124466,1.688452347,0.184276313,0,1,5.153516245,11.60411698
124467,-0.658585126,-0.389024964,0,1,1.820653483,4.897391445
124468,-0.173964666,0.286342924,0,1,2.830596154,7.169926466
124469,1.953816019,0.40079145,0,1,4.740277956,12.81839513
124470,1.168658964,0.337187001,0,0,4.065351765,8.863651579
124471,0.195528504,-0.433491865,0,1,2.700953268,5.829141035
124472,-0.352125536,1.187194613,1,1,4.235437778,6.526542609
124473,0.895088822,1.160228239,1,0,4.191019559,8.035343024
124474,0.214498944,-0.421024265,1,1,1.904224954,5.921305911
124475,1.317599748,-0.960198312,0,1,3.924759079,7.554993649
124476,-0.706744197,0.218450707,1,1,3.203810218,6.080151318
124477,0.246185881,-1.062634615,0,0,1.760874665,5.389104734
124478,-0.216372768,-0.795751655,1,1,1.854424734,5.103689525
124479,2.816517832,0.024199338,0,1,5.782132699,16.96563214
124480,1.484728359,0.193955236,0,1,4.573874266,9.075473369
124481,0.56128248,-0.400344858,0,1,3.479723356,6.573066189
124482,0.864884801,1.85942062,1,1,5.627601173,8.987063984
124483,0.760036407,-0.398746894,0,1,2.973174444,5.975757096
124484,-0.731282703,1.167196405,1,1,2.863260256,5.875048695
124485,-0.95993113,-0.574413331,0,0,1.256160676,5.127482572
124486,0.80870529,0.514638369,0,1,4.604497035,7.520453191
124487,-1.263968841,-0.169893271,0,1,1.971459537,5.411054893
124488,0.12929883,1.023391625,1,0,4.241410401,6.299132942
124489,-0.039095124,-1.131338227,1,1,1.920358257,3.011681315
124490,1.965333296,1.244218563,0,1,5.55202226,12.74559953
124491,-0.714636438,0.250727053,0,1,3.068611368,7.228399239
124492,1.226173927,-1.4115151,1,1,2.964908646,6.600710003
124493,0.539766824,-0.551421485,0,1,3.171937216,6.585098724
124494,-0.814948244,-0.202371981,0,1,1.191282524,6.579054773
124495,-0.182093557,-0.481935734,0,0,3.116465826,5.368966145
124496,-1.60000939,-0.606310173,0,1,0.64228952,5.897438341
124497,-0.262890181,-0.727766949,0,1,1.728552554,4.502963202
124498,-0.29835865,0.506249175,1,1,3.522721602,5.536503881
124499,1.134479157,-0.653977958,1,1,2.411449993,7.737560524
124500,0.015896467,-0.110165559,0,0,2.564720677,6.311258821
124501,1.131538463,-0.321510239,0,0,4.029075346,7.526569257
124502,0.392147631,-0.541997757,0,0,3.215543504,6.144439847
124503,-1.513385765,0.262150115,0,1,2.059352651,6.705118383
124504,-1.642190965,0.81005315,0,1,2.266827866,7.783077192
124505,-0.069725852,-0.901495636,0,1,1.000682416,5.231254255
124506,-0.32388435,-1.422084643,0,1,0.72175969,2.45380005
124507,-1.100462485,-0.077919855,1,1,2.225227057,6.341763844
124508,2.212846725,-0.648749238,0,1,5.511716752,11.93841376
124509,0.88414282,-1.700434862,0,1,1.657276188,5.473204092
124510,0.420842329,-1.02763737,0,0,2.304005858,4.91513494
124511,1.182830252,-1.467323218,0,0,3.330430116,5.353203716
124512,1.395684674,0.597966474,0,1,5.723095574,9.707748869
124513,-2.475487247,-0.753645884,0,1,0.075414186,8.208624405
124514,-0.514599323,-1.174265823,0,0,1.488543886,4.486578193
124515,0.702391861,1.77072351,1,1,4.693368398,7.587526506
124516,1.501080893,2.600558363,1,1,7.700584279,10.18227227
124517,-2.026526381,-1.627467103,0,1,-1.004622454,5.213988162
124518,-0.161670821,1.06448367,0,0,3.988367337,7.324674069
124519,0.824135279,-0.04332992,0,0,3.799483154,7.455487926
124520,0.267700321,0.3303456,0,1,2.906054513,6.322611541
124521,2.702761003,1.53027356,0,0,7.181626275,15.64765025
124522,0.147496969,-0.853517598,0,0,1.394397449,5.657558544
124523,-2.119261054,0.734006962,0,1,0.925580203,8.502976303
124524,-0.092745364,1.285730545,1,1,4.43591793,5.979793663
124525,0.916725092,-0.448242578,1,0,2.788227533,6.856237075
124526,1.416908129,2.718426902,0,1,7.578529456,9.923035785
124527,-1.32759875,0.098399225,0,1,1.097839633,5.996563914
124528,0.143272612,0.79023643,1,0,4.624627167,6.227478077
124529,1.909232406,-0.63606318,1,1,5.524412833,10.5622355
124530,0.489373015,-2.466675836,0,1,1.342553808,2.903564117
124531,0.524266832,0.30862549,0,0,3.560221655,7.732623791
124532,0.586702452,-0.464104391,1,0,2.412724423,5.812284449
124533,1.510476236,0.153649889,0,1,4.04261861,9.892404521
124534,-1.428066002,-0.630553447,1,0,0.620202903,5.253887962
124535,0.698495406,0.832563399,0,1,4.592299704,7.82719496
124536,-0.492300633,-0.071036424,0,1,2.760322206,6.852481535
124537,-0.456551971,-1.949192449,1,1,0.248086881,2.776194368
124538,-0.028529852,-1.007451313,0,1,2.095585984,4.619912435
124539,-0.875681969,-0.392347764,0,1,1.243516812,4.692664548
124540,-0.90294377,-1.065003618,1,1,1.131230468,4.403590792
124541,0.819534171,-1.516271762,1,1,1.492039094,3.949020911
124542,-0.828647641,-0.772871345,0,0,1.309148243,4.852425932
124543,0.826099513,0.828239397,1,1,4.324488757,7.902174577
124544,1.879506469,-0.351632011,0,0,3.737584116,10.23496424
124545,-0.10113911,-0.820033483,1,1,2.027490757,4.296776319
124546,-0.739656583,1.795048232,1,0,4.024226842,5.888678769
124547,-1.002880965,0.204868808,0,1,1.816264658,5.798189137
124548,0.199188249,0.080242502,0,0,2.886776024,5.276222606
124549,-0.542371195,1.456531887,1,0,4.011195085,6.739807468
124550,1.04685409,-0.409166364,0,0,3.476912982,7.203760122
124551,1.966215281,0.93850365,1,0,6.020334912,10.9061943
124552,0.161369593,-1.518004739,0,1,2.129171275,4.077125495
124553,0.541051287,0.691186921,0,0,4.88048443,6.296237379
124554,0.221181354,-0.090584488,1,1,4.202279101,5.840896929
124555,0.039628281,0.301970724,0,1,3.104885712,6.444660416
124556,0.306624338,0.724856106,0,1,4.25859979,6.196194071
124557,-1.178722534,0.140477552,0,1,2.505437199,6.564247619
124558,-0.390996268,0.518790815,0,1,3.205956218,6.323961733
124559,-1.782059507,0.307958273,0,1,1.525593111,7.376504019
124560,0.217841015,0.566667848,0,1,3.979049051,6.900953798
124561,2.207337399,-1.805232885,1,1,2.929776662,9.997654624
124562,0.334505049,-0.751454921,0,0,2.630020309,4.344495515
124563,1.470539777,0.103314716,1,1,5.54032708,10.41457046
124564,0.426246892,-0.523303074,1,1,3.010196083,6.607478516
124565,-0.984997468,0.362935838,1,1,2.433113496,5.832765662
124566,0.573029754,-1.345793419,0,0,1.622807728,4.892487589
124567,0.239819821,-0.019198299,1,1,2.539889534,5.078872856
124568,0.150578497,-0.241597397,0,0,2.479985523,6.955448138
124569,-0.421611028,-1.155212683,0,0,1.911034979,3.949814815
124570,-0.48982486,0.475646559,0,1,2.853687656,6.068427523
124571,1.932659585,0.501703597,1,0,5.897856545,11.89042158
124572,-1.817325411,1.115921436,0,1,1.58013813,7.793901133
124573,0.364896592,1.277906783,1,1,4.349288707,8.64900078
124574,1.93541885,1.255263406,0,0,5.585253462,11.34058388
124575,0.326739848,0.004370778,1,0,2.998134131,5.7759268
124576,1.038993075,-0.358129329,0,0,2.814641387,7.475286163
124577,-0.111158046,1.024790396,0,0,3.220493592,5.896127562
124578,0.972890736,-0.53249762,0,0,3.128103254,6.620832801
124579,0.81789897,-0.895215872,0,0,2.623489946,6.444966863
124580,-0.521653674,0.628313326,1,0,3.03344581,5.904523449
124581,2.188399365,1.123667572,0,1,6.719628493,13.53070158
124582,0.249936857,-1.658040282,0,0,0.912772043,3.833873755
124583,-0.475560915,0.183449535,1,1,3.512503714,6.191663018
124584,0.400646385,-0.252126118,0,1,3.817748603,6.547973688
124585,-1.706383,-0.585297148,0,1,0.781555008,6.648016053
124586,-0.133111965,-0.796779976,0,1,2.421784995,5.047583919
124587,0.525414731,-1.002918243,0,0,2.78410699,4.169212431
124588,-0.19849054,-0.4448322,1,1,2.344682913,5.323724806
124589,-1.962564812,-0.410410706,0,1,0.740965102,7.42978435
124590,-0.100208319,1.027447935,0,1,4.259084387,5.761224386
124591,0.623446467,0.131569117,0,0,3.728894178,7.577612681
124592,-0.292503761,0.442634908,0,0,3.58997553,6.798366079
124593,0.284068476,-1.887526979,1,0,3.002005864,3.206092838
124594,-1.345939723,-2.240627112,0,0,-0.411255231,2.558129321
124595,1.051415958,-2.749194065,0,1,0.984121885,3.845024156
124596,2.145151277,0.6636661,1,0,5.921242112,13.42473173
124597,-0.114233757,0.727209572,0,0,3.752944286,5.984150247
124598,-0.958864441,-0.799128784,0,1,1.417164101,5.288509678
124599,0.371558697,-0.456539164,0,1,3.314751794,6.443994153
124600,-0.139554386,-0.692508134,1,1,1.047333972,5.722878281
124601,-0.501628252,0.047969398,0,0,2.432106227,5.446454658
124602,1.395305945,0.130621079,0,1,3.501584918,8.900196203
124603,-0.578814755,0.551159934,0,0,3.307204525,6.556280599
124604,-0.760389876,-0.302958433,0,1,1.919770591,5.741625993
124605,2.305680398,-0.900024787,0,1,3.494318571,12.56300177
124606,0.378810817,-0.323193571,0,0,2.674116749,6.167936454
124607,-0.567337221,-0.314847449,0,1,1.946091801,4.845039266
124608,-2.008578375,-1.096670352,1,0,-0.191060285,7.342430979
124609,0.693561034,-0.259901557,0,0,3.84093162,6.735890384
124610,-1.314827923,-1.830744106,0,0,0.329039,3.92950776
124611,-0.504833388,-0.299027349,0,1,2.57271713,5.252783131
124612,-0.101094225,1.265298496,1,1,4.427984564,5.77636086
124613,-0.685571906,-0.079692801,0,1,2.142168212,6.199068098
124614,0.140802506,-1.876093445,0,0,0.643946851,3.493987127
124615,0.759624201,-0.538847527,1,1,3.506052114,7.00954286
124616,0.262702939,-0.302104496,0,0,3.40529122,6.467963804
124617,0.965106217,0.117350881,0,1,4.187386747,7.72948901
124618,0.694073674,0.443998521,1,1,4.066458085,7.26170855
124619,-0.35008567,-1.01573501,1,1,1.069138605,4.384500451
124620,-1.433139195,-2.68984398,0,1,-0.426462461,1.51403168
124621,0.396397883,-0.928068209,0,0,1.991382945,5.324409926
124622,1.265123067,0.124331591,0,1,4.869003849,9.011385862
124623,1.239965691,0.825793809,1,0,5.993623019,9.851170288
124624,0.055489023,-0.468269484,0,0,2.880887465,6.237256368
124625,0.485882672,-0.258682908,1,1,2.979941052,7.159575199
124626,-1.385084482,-0.735082304,0,1,1.100208405,5.059937676
124627,-0.091115748,0.322489702,0,1,2.783758337,5.966792047
124628,-1.229938952,-0.738421331,0,1,1.366411144,5.377298753
124629,1.01408465,-0.943981106,0,0,3.982355728,6.69528678
124630,-1.000535888,1.356876734,0,0,3.71711067,7.166286064
124631,0.301210674,-1.099780053,1,1,2.441197995,4.491465483
124632,0.590204751,-0.289895364,0,1,3.563479736,5.866550505
124633,-0.060527086,-0.570797045,1,0,1.421226714,5.429328033
124634,-0.373555933,1.087855734,1,1,3.998194066,6.408781099
124635,1.168781377,2.564125687,1,0,6.742798568,9.996503461
124636,-1.100885752,1.113131263,0,1,3.212256425,6.983176715
124637,0.135108396,0.432275964,0,1,4.031193721,6.376169826
124638,-0.54175346,0.726135541,0,0,3.712463861,7.518414097
124639,-0.831886021,1.312471062,0,0,3.521848882,7.286914688
124640,-1.127868218,-0.419361382,1,1,1.462021552,5.689966677
124641,-0.064729783,-1.243617081,1,1,1.755474302,3.915115408
124642,0.81780339,1.501389493,0,1,5.340706596,7.965307921
124643,0.455867571,-0.826746785,0,1,2.012217184,5.521797146
124644,-1.44012568,2.403558234,0,1,4.540452064,7.339495114
124645,2.994376811,0.992800897,1,0,6.811040722,17.95029877
124646,1.039078214,0.786695107,1,0,4.942960708,9.020596154
124647,-0.712996222,0.304756145,1,1,2.878501079,5.457730369
124648,-0.321277427,0.12589453,1,0,2.498102314,4.76989602
124649,2.160415958,-0.496291237,0,1,4.837260868,11.75873149
124650,-0.645332161,-1.267812695,0,1,0.728285053,4.067973388
124651,0.187716808,-0.645576993,1,0,2.57695349,5.610844225
124652,-1.681754792,-0.452987332,0,1,0.518269068,6.181805423
124653,-0.05732973,0.060834564,1,0,3.522825805,5.967730289
124654,-0.166202923,-0.75520525,0,0,1.257208314,4.839499256
124655,0.106727592,0.09152605,1,0,2.917565166,6.107663807
124656,-0.971589805,0.091522418,0,1,1.856231652,5.706229882
124657,0.754121754,-0.664539695,0,1,3.200536104,7.313805237
124658,-0.618896818,-0.594103253,1,1,1.448655169,5.254977194
124659,0.745711894,-1.681334808,1,0,2.320596629,4.106331366
124660,-0.088608192,-1.488341091,0,1,1.86398929,3.414050559
124661,0.474643929,-0.126758226,0,0,3.311861111,6.838606836
124662,1.041160909,-0.755477243,0,0,3.214426699,7.168139982
124663,0.888419713,-0.645875976,0,1,2.855433303,6.699553422
124664,-0.62617335,-0.795795832,0,1,2.304872043,4.428253101
124665,-0.350248941,-0.083771263,0,1,3.207008081,5.166291383
124666,-1.000905678,-0.490049699,0,0,2.143454305,6.249526196
124667,0.915041703,0.051356399,0,1,4.12638466,7.690158169
124668,1.359280127,0.562233142,0,0,4.2626563,9.496063673
124669,0.319570878,0.046293418,0,1,2.955028755,6.635104557
124670,0.689445184,0.047186513,0,1,4.3648169,7.698355043
124671,0.429570891,0.66017727,1,1,4.039052524,7.176524322
124672,-0.712308996,1.945013818,1,0,4.273326534,6.275417766
124673,0.689421754,-1.343128393,0,0,2.815344342,5.353621173
124674,1.38229916,-1.15108126,0,1,2.979704553,7.643120642
124675,0.927286023,-1.214248024,1,1,2.27234645,6.429555641
124676,-1.281221456,0.083377223,0,1,1.958446166,5.447892805
124677,1.368576093,0.078781891,0,0,4.240443314,9.657749299
124678,-0.47607315,-1.144633069,0,0,1.116849628,3.496820766
124679,1.141060791,0.50310982,0,1,5.225485796,8.199137123
124680,-0.541285394,-0.15539741,1,1,2.202620069,4.605150354
124681,1.202436446,1.425988068,0,1,6.338338163,8.931942852
124682,0.533573146,-0.067043914,0,1,4.051775688,6.326059515
124683,-0.615342591,-0.642820296,0,1,1.368152925,4.717953851
124684,1.675306735,0.1622065,0,1,4.543433501,10.82369495
124685,0.322406483,1.741676403,1,0,4.974589029,6.478820093
124686,-1.976592794,1.923598176,1,0,3.521145565,8.847286151
124687,-0.939168048,-1.413100166,0,1,0.572935875,3.997392711
124688,-1.241594263,-1.483809188,0,1,0.382928359,4.030804946
124689,0.846044188,0.599116845,0,0,4.066538599,7.853947393
124690,1.02745073,-1.047494224,1,0,2.654992949,6.26175761
124691,0.573705024,0.356120921,0,1,3.314474244,5.557313727
124692,-0.210096183,1.099802516,0,0,4.234749146,6.78049085
124693,-0.729675268,-2.268955249,0,0,0.181640275,2.205750907
124694,1.055421999,0.756804697,0,0,4.735148315,8.760067486
124695,-0.486736834,0.00963228,1,0,2.259774505,4.784224896
124696,-0.064506861,-0.360987057,1,1,2.591676067,5.398193296
124697,0.354798617,0.100985339,0,0,3.749358501,6.403254181
124698,-0.291323657,-0.095415134,0,1,1.237372068,5.600355492
124699,-1.438067428,-0.690436657,1,0,1.100804208,6.014811011
124700,-0.658067632,-0.113018028,0,0,1.884667706,4.792873164
124701,0.097847633,0.734404597,1,0,3.82768123,6.911428228
124702,-0.185760667,-0.647480274,0,0,2.445483189,5.213563884
124703,0.928575662,0.663782428,0,1,4.720949665,8.496847809
124704,-0.10447002,-0.932717549,0,1,2.39683433,4.495213266
124705,1.322406854,-0.597635859,0,1,2.706589817,8.042754525
124706,0.448520808,-0.882825309,0,0,2.513437848,6.083867475
124707,0.593490577,-0.32921362,0,1,2.558199532,7.450846147
124708,0.5945971,-0.387307132,1,0,3.16837262,6.264360075
124709,1.68792945,-0.035636408,0,0,5.125528359,10.79941268
124710,0.197075255,0.584795532,0,1,4.289893345,6.671111041
124711,1.62462189,-0.221715951,1,0,3.773625996,9.17630761
124712,-0.857013258,-0.029929624,0,1,1.971972726,6.621507878
124713,-1.635547526,-1.385594935,0,0,0.326104276,5.39611829
124714,1.917600828,0.129276118,0,1,5.22512133,11.29310411
124715,0.032636339,-0.732209682,1,1,2.256610875,5.493040832
124716,-1.705142625,1.16495246,0,1,2.64991675,7.730755029
124717,0.213619305,-1.063038681,1,1,2.259240302,4.264037959
124718,-0.53611305,-0.686763266,0,1,1.800885415,5.1078087
124719,0.391762353,1.403103765,1,1,4.023575899,6.581196614
124720,-1.342772203,0.294376397,0,1,2.111852332,5.938587928
124721,-0.445614885,-1.116728208,1,1,1.4447386,2.85684387
124722,-0.885879471,1.712832886,1,1,2.864814004,6.294071294
124723,-1.59933577,-0.202169058,0,0,-0.024445444,7.113812636
124724,-0.116559983,-0.521228201,1,1,1.406593979,5.142600926
124725,0.810344333,0.627677157,1,1,3.448067729,7.795479691
124726,1.067516396,1.683082875,0,1,5.245979371,8.207721119
124727,1.122577395,0.475148544,0,1,5.061516381,8.479515683
124728,-1.730232747,-0.544081551,0,1,0.276622524,6.66688132
124729,0.580374678,0.529398297,0,1,4.235275998,7.326300786
124730,-1.214923965,-0.50673645,0,1,1.540480021,5.526321348
124731,0.720772154,-0.294766501,1,1,3.668164995,6.111946586
124732,0.308972168,0.299127536,0,1,3.699440228,7.337667587
124733,-0.140032083,0.731351646,1,1,2.947096853,5.551639671
124734,-0.487047775,-0.075587968,0,0,3.0164149,5.607386738
124735,-0.126175816,-1.269188038,0,1,1.984042063,3.873449967
124736,-1.811037414,-0.492542538,0,0,0.210143244,6.504404592
124737,-2.048850449,1.52730619,0,1,2.157032455,8.489023407
124738,0.784947077,0.211833238,0,1,3.191740693,7.921939839
124739,0.281104757,-1.431541599,1,0,1.741366225,3.172635207
124740,2.504312812,0.993043999,0,1,7.018825454,14.74842047
124741,-0.072351088,0.535678257,0,1,3.939394923,6.238686014
124742,-1.279120115,-0.446511602,0,0,1.866572625,6.205157945
124743,0.198042674,-1.2576155,0,0,2.115247912,4.1687036
124744,-1.160652175,-0.859073183,1,0,0.914794509,4.263501149
124745,-0.369197683,1.3202345,0,0,3.360410199,6.892856244
124746,0.396708511,0.385051082,1,0,2.736294277,6.640473185
124747,-1.600497249,-0.493259595,0,1,1.398261875,6.524357981
124748,-1.355348882,0.281367962,0,1,2.313976042,6.391870372
124749,-0.453528816,1.221671646,0,1,3.676913736,5.739740838
124750,-0.146269762,-0.786873632,0,1,1.996910779,5.689443233
124751,1.176959703,-0.03255152,0,1,3.952691836,8.884761252
124752,-1.132972469,-1.66806788,0,1,-0.105597567,3.049975416
124753,-0.125321329,0.449275755,0,1,2.514999099,6.587725443
124754,0.117365758,-0.680677049,0,1,2.752103152,4.98320765
124755,-0.013272529,-0.976235086,0,1,2.958844806,4.214380184
124756,-0.884585816,-1.890764673,0,1,1.312342289,2.905971391
124757,-0.310641259,0.638145155,1,1,4.332951855,5.891059424
124758,-0.154318188,-0.094949839,0,0,2.150382738,6.326211009
124759,1.65114495,1.78812143,1,1,6.687493586,10.71952109
124760,-0.594543784,0.157752794,1,0,2.714218037,5.161702539
124761,2.202429901,-1.242911663,0,1,4.533324688,11.51530098
124762,-1.626004134,-0.733514278,0,1,0.772449901,5.124095715
124763,-0.45238989,1.469786835,1,1,4.057084288,5.93640824
124764,-0.935968764,-1.085416437,0,1,1.089215188,3.428454132
124765,3.136224721,-0.484747914,1,1,5.228073413,18.22826568
124766,0.361931934,0.343245714,0,0,4.211679568,7.232561851
124767,0.876253976,0.117251698,0,1,3.836467674,8.735790683
124768,-0.884669932,0.159728191,0,1,1.835183332,6.276488547
124769,0.521261919,-0.085224842,0,1,3.271439325,7.478659695
124770,-0.191821448,1.143184645,0,0,4.255910387,6.042910965
124771,-1.053387288,0.762550402,0,1,2.468333947,6.584020232
124772,0.290454133,0.745355445,0,0,3.34598811,6.561549184
124773,-0.394726208,0.760904864,1,1,3.468071772,5.49349514
124774,0.362739549,-0.535330866,0,1,2.458815643,6.803907581
124775,-1.577438806,-2.175374247,0,0,-0.781464205,3.189786725
124776,-0.13431788,-0.835895723,0,0,1.623527971,4.686944126
124777,-0.473722464,-0.782680953,1,1,0.936740653,4.057753238
124778,-0.158738529,-0.107524141,0,1,3.330233482,6.593956383
124779,0.944865888,-0.88966109,0,1,2.992477876,6.341668342
124780,0.478678316,-1.138347717,0,1,1.291167917,4.639810967
124781,-2.712810636,0.422031044,1,1,0.829128837,11.39638741
124782,-1.028596735,1.18387551,0,1,3.694171546,5.883215293
124783,-0.711631548,-0.379023754,0,1,1.610101339,4.574110769
124784,-1.507148292,0.653462299,0,0,1.997631591,7.029961174
124785,0.619098971,0.328766922,0,0,3.371940854,7.383055617
124786,0.647265905,-1.288439118,0,1,2.013713586,5.077496529
124787,0.184003036,-0.857830718,1,0,2.181228221,4.428677809
124788,1.282455599,-0.491198329,1,1,3.833919467,8.62469049
124789,0.709830662,0.586539438,1,1,5.096103659,7.73285117
124790,-1.335563722,-1.093564568,1,0,0.787437543,4.313519867
124791,-0.002545387,1.157327595,1,1,4.347133955,6.389725246
124792,0.039383235,0.93879828,0,1,3.752181677,6.170940004
124793,-0.266479953,-0.387526424,0,1,1.957997737,4.891349026
124794,0.911181512,0.735946605,0,1,4.767558147,8.50758769
124795,-0.985748767,0.883103862,1,1,3.192529095,6.005252774
124796,0.892986788,-1.359822749,0,1,2.830717084,4.982229625
124797,0.64774543,-0.079928396,1,0,3.836327035,6.876901975
124798,1.277541569,2.225488484,0,0,6.327533116,9.329749999
124799,1.271831169,-1.15811193,0,1,2.764880177,7.195455021
124800,-2.339923022,-0.696430819,0,1,-0.118662531,8.099930699
124801,1.586350229,0.798712799,1,0,5.479480206,10.18120658
124802,-0.983213337,0.08581198,1,1,1.842579938,5.6613181
124803,0.536751432,-0.422338346,0,1,3.487549106,6.146212572
124804,0.228980568,-1.618516563,0,0,1.254803796,2.572375051
124805,-2.079500581,-0.248556692,0,1,0.718089351,8.534821469
124806,0.484810653,-0.902580484,0,1,3.138639691,4.972899529
124807,-0.617597928,1.038487495,1,0,4.351414756,6.777631048
124808,-0.97687464,0.909913434,0,1,2.973473959,6.849146329
124809,1.12375166,-0.236537627,1,0,3.216492777,8.214380575
124810,-0.278829181,-1.394915024,0,1,0.679120594,3.532928486
124811,0.62374305,-0.646279101,0,1,2.641473836,5.703878643
124812,-0.613977264,-1.493012808,0,0,1.649664768,2.620745314
124813,1.212521035,0.496474687,0,0,5.146566157,9.526221158
124814,-0.182754112,0.357781416,0,1,3.41555443,6.34501464
124815,-0.668621323,0.93639815,0,0,3.494184271,6.390624094
124816,-0.210919142,-0.326347896,0,0,2.041741516,5.081285827
124817,-0.755666172,0.681551807,0,1,3.345471793,7.547296185
124818,0.838630546,-0.878697465,0,1,2.690477858,6.588021648
124819,0.665404485,0.03253718,0,0,3.961264544,7.681891443
124820,-1.613654856,1.773816582,0,1,3.951960441,6.351176303
124821,0.34428103,-0.616420755,0,0,3.250866704,6.352554576
124822,-1.730536737,-0.612656682,1,1,0.876153118,6.695976001
124823,-0.058307969,-0.15655075,0,0,2.357747651,5.914146939
124824,0.534179165,-0.134227558,1,0,3.712666525,6.25733643
124825,-1.319163718,-0.194862712,1,0,2.666751018,6.566917493
124826,0.093788041,1.001378676,0,1,3.22701435,5.827567466
124827,0.02969953,-0.650764736,0,1,2.538064582,4.896215249
124828,-0.0370063,-1.251783357,0,1,1.760267248,4.320715113
124829,-0.033837731,0.028264302,1,1,2.51778994,5.755095473
124830,0.949936405,1.795668503,1,1,5.983206334,8.366623572
124831,0.431100183,0.149012026,0,0,3.788769683,6.590175707
124832,0.118061363,0.09864983,0,1,2.955996216,6.622224573
124833,-0.557772366,0.534926319,0,0,3.690257734,6.250277194
124834,-0.116865876,-0.44447191,0,0,2.409831609,5.016786686
124835,0.639167985,-0.767552547,0,1,2.932412862,6.055399353
124836,0.577215193,-1.092049302,0,1,2.742689216,4.991328472
124837,-1.022000427,-0.874029683,0,0,0.809237953,5.012848259
124838,-0.996898648,0.275766406,0,1,2.592363834,6.576762178
124839,0.970300142,-0.564451693,0,1,3.470778945,6.691960572
124840,0.625203761,-3.114263309,0,0,0.600314818,1.929564282
124841,-1.691933688,-0.330025088,0,0,0.730949471,6.376170406
124842,-0.190949972,1.754589077,1,0,3.791032931,6.96164041
124843,0.356938208,0.983153992,0,1,4.591065961,7.108791686
124844,0.521653481,1.148578652,0,0,5.109467488,7.10473202
124845,0.168408041,-0.556446738,0,0,2.390937208,5.673861627
124846,0.044972622,-0.189508101,1,1,2.217179417,5.492808778
124847,-0.291058951,-0.014774898,0,1,2.857779228,5.246257067
124848,1.060550923,1.641779296,0,0,4.956527233,9.230556379
124849,1.428886376,2.253897889,0,1,6.287757018,9.990736792
124850,0.151336149,0.221817225,0,1,3.184835741,6.497015744
124851,0.641472083,-0.765495761,0,0,1.611835138,6.278280946
124852,-1.404974823,-0.866405377,0,0,1.159677403,4.483235433
124853,-1.684957981,0.221466544,0,1,1.165488039,8.233685264
124854,-0.477545767,0.645931544,0,0,3.974463524,6.228391808
124855,1.212224207,-0.961474233,0,0,3.927641988,7.394956877
124856,0.36804831,-0.139371438,0,0,2.70846301,6.189273271
124857,-0.334035235,-0.83414792,1,0,1.135015723,4.550258488
124858,0.603193934,-0.307090076,1,1,3.108111361,6.648833501
124859,0.352033201,0.133219299,0,1,3.994416607,6.187267263
124860,-0.313227241,1.625958232,1,0,4.494992576,5.642309901
124861,0.836063866,-1.62964644,0,1,2.069994365,3.765294926
124862,0.720581567,-1.234817257,1,1,3.016113768,5.644922008
124863,0.612719355,0.572968787,0,1,4.394992074,7.425760122
124864,-0.365770138,0.06259819,0,0,3.234194607,6.651200127
124865,1.265009249,0.083469281,0,0,4.9715234,9.08473053
124866,0.497403595,1.608905685,0,1,4.986123609,7.225543381
124867,-0.909646973,-0.958907949,1,1,0.641038738,5.603317401
124868,0.854029455,-0.999195837,0,0,3.545044096,7.08463131
124869,0.164285071,0.56253592,0,1,3.891673923,5.94506974
124870,0.77468559,0.643355121,0,0,5.140065395,8.744249616
124871,-1.60247825,0.242416359,0,0,3.093174359,7.154394086
124872,-1.174767233,-1.388939879,0,0,1.100970554,4.439185854
124873,0.868070074,0.595532252,0,0,4.226997067,7.599227862
124874,1.722929164,-1.274194135,1,1,3.382016653,9.613263254
124875,-0.365768938,-0.018435974,0,1,1.664476415,5.885239974
124876,-1.707070825,-2.188312036,0,1,-0.648981224,3.133057338
124877,-0.81733248,1.195902605,0,0,3.194338056,5.688560665
124878,-0.50605357,-0.147979994,0,1,1.684828152,5.466836625
124879,-0.42556617,-0.361221503,0,1,2.714952046,5.810145353
124880,-0.651883956,-0.562310705,0,1,1.990246338,4.975884477
124881,-1.383381637,-0.691925387,0,0,1.256726116,4.787959356
124882,2.263837335,0.398608739,0,1,6.181745439,12.91409442
124883,0.876278086,-0.213990983,0,1,2.911874869,8.469101548
124884,-0.491674227,0.239655389,0,0,2.51484188,5.313309646
124885,-1.117465873,2.121399591,0,0,4.117516924,7.154257317
124886,-0.720020936,0.960918918,0,1,3.982655444,6.551170022
124887,-0.868192951,0.620351689,0,0,2.385337074,6.393372621
124888,0.316565925,-0.519646835,1,1,2.555960478,4.767265024
124889,0.911277986,-0.664026284,0,0,3.853089565,7.448756186
124890,-1.933263283,0.699893256,0,0,2.435193585,9.127583199
124891,-0.171326558,-0.300639571,1,0,2.920009908,4.671606287
124892,0.136763295,-0.413954328,0,1,2.11221973,5.45276932
124893,-0.674228717,-0.542986449,0,0,1.531758504,4.445860757
124894,-0.035197759,-2.156306178,0,1,1.410064728,2.662838768
124895,0.26640116,0.655271017,0,0,4.487697502,7.06811436
124896,-0.571579506,0.889395371,1,1,2.965544028,7.012839556
124897,0.670486023,-0.803600621,1,0,2.771602746,5.860223101
124898,1.792768588,-0.576110651,0,1,4.345651606,10.34057539
124899,0.150322607,-1.734622815,1,1,1.583455939,3.140661951
124900,-0.416768511,0.306970383,0,0,3.585277906,6.250082473
124901,0.277870395,0.18831224,0,0,2.717018181,6.455511474
124902,3.386114519,1.46288249,0,1,8.896918922,21.88449166
124903,0.71100839,0.4027819,0,0,3.087181934,7.881419292
124904,-0.777767425,0.001460824,0,0,2.074710049,5.634543139
124905,0.979634539,0.164430927,0,0,3.456297859,8.641380255
124906,0.46831576,0.705182934,1,0,3.633873155,7.333092248
124907,1.667645315,-0.835511918,0,0,4.038549831,8.714877016
124908,0.320687176,0.914052122,1,0,4.42825278,6.935758847
124909,-1.301096376,-1.148478474,0,1,0.785155828,4.654239901
124910,-0.552113531,-1.041590473,1,0,1.484582683,4.720378944
124911,0.836349151,0.938550503,0,1,4.427595628,8.831157018
124912,-0.404580904,-0.364199182,1,1,2.930172648,5.931977408
124913,0.970597406,1.753107855,0,0,4.995404265,9.099455591
124914,1.858037216,0.657151052,0,1,5.266966217,12.07368751
124915,1.43955836,0.858298679,0,1,5.478204397,10.72046237
124916,0.574508049,0.865828099,0,0,4.470496339,7.316192979
124917,1.651478518,1.496917001,1,1,6.189257682,11.46107464
124918,1.484165871,0.878217775,0,0,5.806634281,9.704297811
124919,-1.914482041,-0.357395568,1,1,1.088491718,7.302389069
124920,-0.854565896,-1.378476693,0,0,0.47855499,3.730507707
124921,0.015626604,-0.318161655,0,1,2.528615761,5.491771748
124922,-1.098048295,0.853452957,0,0,2.575000455,7.820403883
124923,-0.576462539,0.082835016,1,0,1.863758297,5.409365798
124924,2.034391409,-0.544324886,1,1,5.190211279,11.31116229
124925,-1.492673195,1.402212985,0,0,2.838310664,6.755027307
124926,-1.043414046,0.314731334,0,0,2.491684594,6.470479318
124927,-1.257393601,0.526287039,0,0,2.516733353,6.54974724
124928,-1.548224128,0.842873433,1,1,2.357437463,7.74351455
124929,-1.256577843,0.950886933,0,1,2.48096075,5.399696852
124930,-1.146678944,0.736622821,1,0,1.839901334,6.489984124
124931,-0.174511258,-0.803595933,0,1,2.275985206,4.077152144
124932,0.621710149,-0.627052795,0,0,2.688098103,5.567501705
124933,0.083084543,0.512865663,0,0,3.081460523,5.80190837
124934,-1.91878297,1.771316508,0,1,2.875997528,8.199234175
124935,1.221586805,-1.628385164,1,1,2.040271568,6.280011179
124936,0.190851964,0.298056751,0,1,3.479759565,6.950548748
124937,1.245247649,-0.368306893,0,1,4.238398356,8.824822123
124938,1.180797182,2.361128342,0,1,5.92496569,8.983704301
124939,-0.177197877,-0.175977534,0,1,2.998584796,5.189459485
124940,-0.120093323,-0.781063396,1,0,1.668321587,5.036383279
124941,-1.640058935,0.045850911,1,1,2.593247081,6.955211557
124942,1.078211839,1.612109483,0,0,4.809226797,8.022551702
124943,1.064253301,-0.113840612,0,0,4.306263373,7.637094736
124944,-0.832501734,1.228487435,0,0,2.570342212,5.971830426
124945,0.799792308,-0.631923684,0,0,3.41219815,5.808337554
124946,0.37279923,-0.554156972,1,1,2.70771053,6.722265405
124947,-0.687203258,-0.826395595,0,0,1.042546812,5.225977897
124948,0.40289384,0.76741599,0,1,4.224763035,6.815404194
124949,-0.390585434,-0.026744547,0,1,3.685266481,5.206158947
124950,-0.445473268,-0.821907723,1,1,2.512482031,4.513269716
124951,-0.668453115,-2.157761543,1,1,-0.095298542,2.00174858
124952,-0.881865875,1.217258583,0,0,3.479045657,6.547614775
124953,-0.448408901,1.734233315,0,1,3.014199884,5.40182368
124954,0.099935318,-0.263859031,0,1,2.793916251,5.899778891
124955,-0.062427701,-0.976043133,0,0,1.711149203,4.26794729
124956,0.429213943,-2.405365024,1,1,0.945082712,2.231842989
124957,1.840149663,-0.05589595,0,0,4.724836179,11.2127117
124958,-1.081192116,0.226923908,0,1,2.314980983,6.582900625
124959,-0.03369942,0.106145274,0,1,3.670417761,6.541408883
124960,-0.413861259,0.41801818,0,1,3.519232539,5.929858997
124961,0.176572389,-0.307827985,0,0,3.048508332,5.24772
124962,1.375908365,-0.970803181,0,1,3.611584374,8.552584208
124963,-0.424210244,3.56927966,0,1,5.401694755,8.06975297
124964,1.42321379,-0.534457299,0,0,3.806538732,7.750059358
124965,-1.006584927,-0.172998487,1,1,1.334357287,6.18939539
124966,-0.026907785,0.833568603,0,1,3.718257853,6.862307508
124967,-0.73118017,-0.741780752,0,0,2.358621828,4.212938348
124968,-1.006919056,-1.204072738,1,0,-0.062839684,4.444557397
124969,0.396268071,-1.463779661,1,0,2.212448678,4.517405531
124970,-0.107418121,-1.586650814,0,0,0.808590467,2.947798992
124971,1.059494767,-2.307892507,1,1,1.480580462,3.982938975
124972,-0.149406954,-0.416697959,1,1,3.041376414,5.281362494
124973,-1.012597208,1.363527841,0,1,2.80804209,7.197060724
124974,-1.287711724,0.078808784,0,0,1.785664737,6.209908988
124975,-0.552490526,1.566753672,0,1,3.91183525,5.222105638
124976,-0.462125141,0.357491183,0,1,3.23009339,6.800798362
124977,0.495822441,1.286203618,0,0,4.814176988,6.9958541
124978,-0.695550595,-0.065759442,0,0,2.809109341,5.55334057
124979,0.28996551,-0.7604123,1,0,1.98520218,5.466318969
124980,1.43745145,-0.335668136,0,1,4.273240466,9.829589746
124981,0.797611021,-0.354865306,0,0,3.472889725,7.112222674
124982,-1.293320565,-0.101811289,0,1,1.519717745,6.545489193
124983,-0.595783814,0.117276005,1,0,2.108017048,5.890412153
124984,-0.114698957,0.745163047,0,1,3.381039915,6.281499624
124985,-0.635987973,0.848132623,1,1,3.024110405,6.055972931
124986,-0.585541853,0.086090981,0,1,2.242583643,5.945518526
124987,-0.101158477,-0.418401465,1,1,2.311782868,5.160579503
124988,0.490091845,0.703429962,1,0,4.825039571,6.977416809
124989,1.397361528,-1.41939955,0,0,3.136307848,6.46544417
124990,2.826197892,0.793411886,0,1,6.692134535,17.8307999
124991,0.293470399,0.652307936,1,0,3.08605727,7.557092513
124992,0.567849899,1.478909554,0,0,4.776067574,7.788611972
124993,-0.400070741,-1.667557809,0,0,0.538300465,2.997529406
124994,-1.35077998,-0.112623812,0,1,1.676546332,6.881149986
124995,0.539085581,-0.537706064,1,0,3.375011085,6.434139565
124996,-1.060739603,-1.285078714,0,1,0.790428977,4.364384776
124997,1.07125495,1.910932749,0,1,5.719413548,9.552326015
124998,0.649171497,-0.597917574,1,1,2.131131321,5.888227336
124999,-1.397931758,-0.472266413,0,0,0.998335828,5.735826406
125000,0.581964365,0.970612863,0,0,4.765161658,7.262991383